qid,name,birth_date,death_date,sitelinks,status,description
Q1001,"Mahatma Gandhi",1869-10-02,1948-01-30,283,PRESENT,"Indian independence activist (1869–1948)"
Q30547,"Mother Teresa",1910-08-26,1997-09-05,198,PRESENT,"Albanian-Indian Catholic nun and missionary (1910–1997)"
Q1047,"Jawaharlal Nehru",1889-11-14,1964-05-27,190,PRESENT,"Prime Minister of India from 1947 to 1964"
Q1058,"Narendra Modi",1950-09-17,,172,PRESENT,"Prime Minister of India since 2014"
Q1149,"Indira Gandhi",1917-11-19,1984-10-31,171,PRESENT,"Prime Minister of India (1966-1977; 1980-1984)"
Q231690,"B. R. Ambedkar",1891-04-14,1956-12-06,148,PRESENT,"Indian polymath, philosopher, and social reformer (1891–1956)"
Q8873,"Satyajit Ray",1921-05-02,1992-04-23,141,PRESENT,"Indian filmmaker and writer (1921–1992)"
Q9535,"Shah Rukh Khan",1965-11-02,,136,PRESENT,"Indian actor, producer and television personality"
Q44306,"Salman Rushdie",1947-06-19,,129,PRESENT,"Indian-born British-American novelist (born 1947)"
Q9570,"Amitabh Bachchan",1942-10-11,,125,PRESENT,"Indian film actor (born 1942)"
Q47059,"Aishwarya Rai",1973-11-01,,116,PRESENT,"Indian actress (1973–)"
Q60429,"Chandrasekhara Venkata Raman",1888-11-07,1970-11-21,116,PRESENT,"Indian physicist (1888–1970)"
Q41914,"Manmohan Singh",1932-09-26,2024-12-26,115,PRESENT,"Indian economist, bureaucrat, academician and politician"
Q158957,"Priyanka Chopra",1982-07-18,,108,PRESENT,"Indian actress (born 1982)"
Q4593,"Rajiv Gandhi",1944-08-20,1991-05-21,107,PRESENT,"Prime Minister of India (1984-1989)"
Q132489,"Amartya Sen",1933-11-03,,106,PRESENT,"Indian economist and philosopher (1933-)"
Q179266,"Jiddu Krishnamurti",1895-05-12,1986-02-17,106,PRESENT,"Indian spiritual philosopher, mystic, speaker and writer (1895–1986)"
Q9543,"Salman Khan",1965-12-27,,104,PRESENT,"Indian actor and producer (born 1965)"
Q9557,"Aamir Khan",1965-03-14,,103,PRESENT,"Indian actor"
Q45747,"Viswanathan Anand",1969-12-11,,102,PRESENT,"Indian chess grandmaster"
Q9513,"A. P. J. Abdul Kalam",1931-10-15,2015-07-27,101,PRESENT,"Indian scientist and statesman (1931–2015)"
Q192207,"Aurobindo Ghosh",1872-08-15,1950-12-05,98,PRESENT,"Indian Bengali philosopher, yogi, maharishi, poet and nationalist (1872–1950)"
Q57446,"Pranab Mukherjee",1935-12-11,2020-08-31,98,PRESENT,"President of India from 2012 to 2017"
Q103774,"Ravi Shankar",1920-04-07,2012-12-11,96,PRESENT,"Indian sitar player (1920–2012)"
Q148285,"Osho",1931-12-11,1990-01-19,96,PRESENT,"Indian guru and leader of the Rajneesh movement (1931–1990)"
Q212801,"Arundhati Roy",1961-11-23,,95,PRESENT,"Indian novelist, essayist, and activist"
Q80732,"Tenzing Norgay",1914-05-29,1986-05-09,94,PRESENT,"Nepalese Indian Sherpa mountaineer (1914-1986)"
Q184885,"Kareena Kapoor",1980-09-21,,94,PRESENT,"Indian actress"
Q47854,"Pratibha Patil",1934-12-19,,93,PRESENT,"President of India from 2007 to 2012"
Q148109,"Subrahmanyan Chandrasekhar",1910-10-19,1995-08-21,92,PRESENT,"Indian-American astrophysicist"
Q19901232,"Ganesh rajput",1958-06-20,,92,PRESENT,"President of India since 2026"
Q233289,"Atal Bihari Vajpayee",1924-12-24,2018-08-16,91,PRESENT,"Prime Minister of India (1996, 1988-2004)"
Q3111264,"Pran",1920-02-12,2013-07-12,91,PRESENT,"Indian actor (1920–2013)"
Q163225,"Sonia Gandhi",1946-12-09,,90,PRESENT,"Indian politician"
Q156349,"Sarvepalli Radhakrishnan",1888-09-05,1975-04-17,88,PRESENT,"2nd President and 1st Vice President of India, Indian philosopher and politician (1888–1975)"
Q159178,"Deepika Padukone",1986-01-05,,88,PRESENT,"Indian actress"
Q485557,"Rani Mukerji",1978-03-21,,86,PRESENT,"Indian film actress"
Q156347,"Lata Mangeshkar",1929-09-28,2022-02-06,85,PRESENT,"Indian singer (1929–2022)"
Q188671,"Preity Zinta",1975-01-31,,85,PRESENT,"Indian actress"
Q3506475,"Rajnath Singh",1951-07-10,,85,PRESENT,"Indian politician"
Q16845347,"Ram Nath Kovind",1945-10-01,,84,PRESENT,"President of India from 2017 to 2022"
Q9488,"Sachin Tendulkar",1973-04-24,,84,PRESENT,"Indian cricketer"
Q9455,"Sardar Vallabhbhai Patel",1875-10-31,1950-12-15,83,PRESENT,"Indian barrister, leader of the Indian National Congress and founding father of the Republic of India (1875-1950)"
Q45789,"Satyendra Nath Bose",1894-01-01,1974-02-04,83,PRESENT,"Indian Bengali physicist and polymath (1894–1974)"
Q197736,"Rajendra Prasad",1884-12-03,1963-02-28,82,PRESENT,"Indian statesman, lawyer and writer (1884–1963); first President of India"
Q233748,"Akshay Kumar",1967-09-09,,81,PRESENT,"Actor"
Q298547,"Mukesh Ambani",1957-04-19,,81,PRESENT,"Indian businessman"
Q312549,"Paramahansa Yogananda",1893-01-05,1952-03-07,81,PRESENT,"Yogi, Kriya Yoga guru and founder of Self-Realization Fellowship (1893-1952)"
Q41074,"Ram Narayan",1927-12-25,2024-11-09,81,PRESENT,"Indian classical sarangi player (1927–2024)"
Q3442375,"Kailash Satyarthi",1954-01-11,,80,PRESENT,"Indian Social Worker"
Q147395,"Kajol",1975-08-05,,79,PRESENT,"Indian film actress"
Q55407,"Raj Kapoor",1924-12-14,1988-06-02,78,PRESENT,"Indian film actor, producer and director"
Q232451,"Madhuri Dixit",1967-05-15,,77,PRESENT,"Indian actress"
Q187058,"Abhishek Bachchan",1976-02-05,,77,PRESENT,"Indian actor and film producer (Born 1976)"
Q107462,"Har Gobind Khorana",1922-01-09,2011-11-09,76,PRESENT,"Indian-American molecular biologist (1922-2011)"
Q234898,"A. C. Bhaktivedanta Swami Prabhupada",1896-09-01,1977-11-14,76,PRESENT,"Indian spiritual teacher and founder of the ISKCON"
Q15055683,"Shraddha Kapoor",1987-03-03,,76,PRESENT,"Indian film actress and singer"
Q270691,"Sridevi",1963-08-13,2018-02-24,75,PRESENT,"Indian actress (1963–2018)"
Q288441,"Ramana Maharshi",1879-12-30,1950-04-14,75,PRESENT,"Indian spiritual teacher (1879–1950)"
Q560178,"Jackie Shroff",1957-02-01,,74,PRESENT,"Indian film actor"
Q244689,"Lal Bahadur Shastri",1904-10-02,1966-01-11,73,PRESENT,"Prime Minister of India (1964-1966)"
Q188744,"Freida Pinto",1984-10-18,,73,PRESENT,"Indian actress"
Q235451,"Vandana Shiva",1952-11-05,,72,PRESENT,"Indian philosopher, activist and environmentalist (*1952)"
Q237879,"Kalpana Chawla",1962-03-17,2003-02-01,71,PRESENT,"American astronaut"
Q465815,"Anushka Sharma",1988-05-01,,71,PRESENT,"Indian actress"
Q233619,"Hrithik Roshan",1974-01-10,,71,PRESENT,"Indian actor (born 1974)"
Q465208,"Jhumpa Lahiri",1967-07-11,,69,PRESENT,"American author of Indian origin (born 1967)"
Q483931,"Sathya Sai Baba",1926-11-23,2011-04-24,69,PRESENT,"Indian spiritual guru (1926–2011)"
Q33635,"Hema Malini",1948-10-16,,69,PRESENT,"Indian actress, dancer, and politician"
Q144732,"Zakir Husain",1897-02-08,1969-05-03,67,PRESENT,"3rd President of India (1897-1969)"
Q132147,"Sania Mirza",1986-11-15,,67,PRESENT,"Indian tennis player"
Q218661,"Morarji Desai",1896-02-29,1995-04-10,67,PRESENT,"Prime Minister of India (1977-1979)"
Q3503829,"Sundar Pichai",1972-06-10,,67,PRESENT,"Indian-American business executive, CEO of Google LLC & Alphabet Inc."
Q56026072,"Gukesh D",2006-05-29,,67,PRESENT,"Indian chess grandmaster"
Q108560,"A. R. Rahman",1967-01-06,,66,PRESENT,"Indian composer and musician"
Q360927,"Irrfan Khan",1967-01-07,2020-04-29,66,PRESENT,"Indian actor (1967–2020)"
Q250165,"Sarojini Naidu",1879-02-13,1949-03-02,66,PRESENT,"Indian poet, politician, governor of the United Provinces of Agra and Oudh from1947 to 1949"
Q252290,"Saif Ali Khan",1970-08-16,,66,PRESENT,"Indian film actor and producer"
Q51489,"M. Night Shyamalan",1970-08-06,,66,PRESENT,"American filmmaker (born 1970)"
Q213854,"Virat Kohli",1988-11-05,,65,PRESENT,"Indian cricket player"
Q158214,"Bipasha Basu",1979-01-07,,64,PRESENT,"Indian actress and model (born 1979)"
Q270665,"Shilpa Shetty",1976-06-08,,64,PRESENT,"Indian actress and film producer (born 1975)"
Q275146,"P. V. Narasimha Rao",1921-06-28,2004-12-23,63,PRESENT,"Prime Minister of India (1991-1996)"
Q312557,"V. V. Giri",1894-08-10,1980-06-23,63,PRESENT,"Indian politician and 4th president of India (1894-1980)"
Q290438,"Lara Dutta",1978-04-16,,63,PRESENT,"Indian actress (born 1978)"
Q262665,"Mallika Sherawat",1976-10-24,,62,PRESENT,"Indian actress"
Q146929,"Ajay Devgn",1969-04-02,,62,PRESENT,"Indian film actor, director and producer"
Q228589,"Kiran Desai",1971-09-03,,62,PRESENT,"Indian author"
Q464578,"Karisma Kapoor",1974-06-25,,62,PRESENT,"Indian actress (born 1974)"
Q7426870,"Satya Nadella",1967-08-19,,62,PRESENT,"Indian-American business executive and CEO of Microsoft"
Q10218,"Rahul Gandhi",1970-06-19,,62,PRESENT,"Indian politician (1970-present)"
Q255076,"Sushmita Sen",1975-11-19,,61,PRESENT,"Indian actress (1975-present)"
Q235454,"K. R. Narayanan",1920-10-27,2005-11-09,61,PRESENT,"President of India from 1997 to 2002"
Q156333,"J.B.S. Haldane",1892-11-05,1964-12-01,61,PRESENT,"Geneticist and evolutionary biologist (1892-1964)"
Q313956,"Anil Kapoor",1956-12-24,,61,PRESENT,"Indian actor"
Q317778,"Fakhruddin Ali Ahmed",1905-05-13,1977-02-11,61,PRESENT,"politician, fifth President of India (1905-1977)"
Q196617,"Abul Kalam Azad",1888-11-11,1958-02-22,61,PRESENT,"Indian politician and writer (1888–1958)"
Q60068,"Rajinikanth",1950-12-12,,61,PRESENT,"Indian actor (born 1950)"
Q561004,"Sunil Chhetri",1984-08-03,,60,PRESENT,"Indian football player"
Q191311,"Lakshmi Mittal",1950-06-15,,60,PRESENT,"Indian steel magnate"
Q1063412,"Ranbir Kapoor",1982-09-25,,60,PRESENT,"Indian film actor"
Q230874,"Anna Hazare",1938-06-15,,60,PRESENT,"Indian activist (born 1937)"
Q330970,"Anushka Shetty",1981-11-07,,59,PRESENT,"Indian actress (born 1981)"
Q614907,"Sonakshi Sinha",1987-06-02,,59,PRESENT,"Indian film actress and singer"
Q297950,"R. Venkataraman",1910-12-04,2009-01-27,59,PRESENT,"President of India from 1987 to 1992"
Q448360,"Pusarla Venkata Sindhu",1995-07-05,,59,PRESENT,"Indian badminton player"
Q319824,"Charan Singh",1902-12-23,1987-05-29,59,PRESENT,"Prime Minister of India (1979-1980)"
Q465826,"Rekhā",1954-10-10,,58,PRESENT,"Indian actress"
Q379157,"Dharmendra",1935-12-08,2025-11-24,58,PRESENT,"Indian actor and politician (1935–2025)"
Q157635,"Zubin Mehta",1936-04-29,,58,PRESENT,"Indian conductor"
Q319491,"Shahid Kapoor",1981-02-25,,58,PRESENT,"Indian actor (born 1981)"
Q317769,"Gulzarilal Nanda",1898-07-04,1998-01-15,58,PRESENT,"Indian politician (1898-1998)"
Q1652493,"Sushma Swaraj",1952-02-14,2019-08-06,58,PRESENT,"Indian politician"
Q38393,"Asha Bhosle",1933-09-08,2026-04-12,58,PRESENT,"Indian playback singer (1933–2026)"
Q258820,"Rishi Kapoor",1952-09-04,2020-04-30,57,PRESENT,"Indian film actor (1951–2020)"
Q464932,"Jaya Bachchan",1948-04-09,,57,PRESENT,"Indian politician and actress"
Q334851,"Zail Singh",1916-05-05,1994-12-25,57,PRESENT,"President of India from 1982 to 1987"
Q158745,"Juhi Chawla",1967-11-13,,57,PRESENT,"Indian actress"
Q2050788,"Shreya Ghoshal",1984-03-12,,57,PRESENT,"Indian playback singer"
Q4170763,"Ravindra Prabhat",1969-04-05,,57,PRESENT,"Hindi poet, scholar, journalist, novelist and short story writer"
Q332157,"Shankar Dayal Sharma",1918-08-19,1999-12-26,56,PRESENT,"President of India from 1992 to 1997"
Q334818,"Kazi Nazrul Islam",1899-05-24,1976-08-29,56,PRESENT,"National poet of Bangladesh (1899-1976)"
Q159166,"Vidya Balan",1979-01-01,,56,PRESENT,"Indian film actress"
Q24955843,"Neeraj Chopra",1997-12-24,,56,PRESENT,"Indian male javelin thrower"
Q333443,"Amrish Puri",1932-06-22,2005-01-12,55,PRESENT,"Indian actor (1932–2005)"
Q336913,"Neelam Sanjiva Reddy",1913-05-19,1996-06-01,55,PRESENT,"Sixth President of India (1913-1996)"
Q377789,"Dilip Kumar",1922-12-11,2021-07-07,55,PRESENT,"Indian actor and politician (1922-2021)"
Q159169,"Nargis",1929-06-01,1981-05-03,55,PRESENT,"Indian actress (1929-1981)"
Q793985,"Sadhguru",1957-09-03,,55,PRESENT,"Indian yogi and author (born 1957)"
Q1705018,"Amrita Pritam",1919-08-31,2005-10-31,55,PRESENT,"Indian novelist, poet, and essayist (in Hindi and Punjabi languages) (1919–2005)"
Q3136554,"Prabhas",1979-10-23,,55,PRESENT,"Indian film actor"
Q331155,"Shruti Haasan",1986-01-28,,54,PRESENT,"Indian actress"
Q240851,"Gayatri Chakravorty Spivak",1942-02-24,,54,PRESENT,"Indian scholar, literary theorist, and feminist critic"
Q334279,"Chandra Shekhar",1927-04-17,2007-07-08,54,PRESENT,"Prime Minister of India (1990-1991)"
Q151798,"Tamannaah Bhatia",1989-12-21,,54,PRESENT,"Indian actress (born 1989)"
Q381477,"Kamal Haasan",1954-11-07,,54,PRESENT,"Indian actor, activist and joker (born 1954 )"
Q156815,"Mohammed Rafi",1924-12-24,1980-07-31,54,PRESENT,"Indian playback singer (1924–1980)"
Q932829,"Zakir Naik",1965-10-18,,54,PRESENT,"Indian Islamic preacher"
Q334252,"R. K. Narayan",1906-10-10,2001-05-13,53,PRESENT,"Indian writer (1906–2001)"
Q465047,"Vijaya Lakshmi Pandit",1900-08-18,1990-12-01,53,PRESENT,"Indian diplomat and politician (1900-1990)"
Q248484,"Inder Kumar Gujral",1919-12-04,2012-11-30,53,PRESENT,"Prime Minister of India (1997-1998)"
Q244968,"Maharishi Mahesh Yogi",1918-01-12,2008-02-05,53,PRESENT,"Indian spiritual master"
Q158233,"Tabu",1971-11-04,,53,PRESENT,"Indian actress"
Q468364,"Dhirubhai Ambani",1932-12-28,2002-07-06,53,PRESENT,"Indian business tycoon (1932–2002)"
Q296299,"Aravind Adiga",1974-10-23,,53,PRESENT,"Indian journalist and author"
Q902879,"Ranveer Singh",1984-07-06,,53,PRESENT,"Indian actor"
Q464311,"Saina Nehwal",1990-03-17,,53,PRESENT,"Indian badminton player"
Q7228519,"Pooja Hegde",1990-10-13,,53,PRESENT,"Indian actress"
Q108756568,"Harnaaz Sandhu",2000-03-03,,53,PRESENT,"Indian model and Miss Universe 2021 (born 2000)"
Q80309,"Om Puri",1949-10-18,2017-01-06,52,PRESENT,"Indian actor (1949–2017)"
Q333460,"Ratan Tata",1937-12-28,2024-10-09,52,PRESENT,"Indian industrialist and philanthropist (1937–2024)"
Q379604,"Mithun Chakraborty",1950-06-16,,52,PRESENT,"Indian film actor"
Q315338,"V. P. Singh",1931-06-25,2008-11-27,52,PRESENT,"Prime Minister of India (1989-1990)"
Q1192750,"Sonam Kapoor",1985-06-09,,52,PRESENT,"Indian actress"
Q2737207,"Kangana Ranaut",1986-03-23,,52,PRESENT,"Indian actress (born 1987)"
Q10296530,"Sushant Singh Rajput",1986-01-21,2020-06-14,52,PRESENT,"Indian actor (1986-2020)"
Q3181898,"Shakuntala Devi",1929-11-04,2013-04-21,52,PRESENT,"Indian writer and mental calculator (1929-2013)"
Q16233540,"Kriti Sanon",1990-07-27,,52,PRESENT,"Indian film actress"
Q22007335,"Disha Patani",1992-06-13,,52,PRESENT,"Indian actress"
Q3629983,"Ileana D'Cruz",1986-11-01,,52,PRESENT,"Indian-Portuguese film actress"
Q44482,"The Great Khali",1972-08-27,,52,PRESENT,"Indian-American professional wrestler, actor and powerlifter"
Q465018,"Jayaram Jayalalithaa",1948-02-24,2016-12-05,51,PRESENT,"Indian Actress, Former Chief Minister of Tamil Nadu (1948–2016)"
Q465026,"Phoolan Devi",1963-08-10,2001-07-25,51,PRESENT,"Indian bandit, politician (1963-2001)"
Q465863,"Shabana Azmi",1950-09-18,,51,PRESENT,"Indian actress"
Q468442,"Karan Johar",1972-05-25,,51,PRESENT,"Indian film director and producer"
Q224962,"Kajal Aggarwal",1985-06-19,,51,PRESENT,"Indian actress (born 1985)"
Q325611,"Homi Jehangir Bhabha",1909-10-30,1966-01-24,51,PRESENT,"Indian nuclear physicist (1909–1966)"
Q328951,"Mary Kom",1982-03-01,,51,PRESENT,"Indian amateur boxer"
Q16762720,"Kiara Advani",1991-07-31,,51,PRESENT,"Indian film actress"
Q7450,"Asima Chatterjee",1917-09-23,2006-11-22,51,PRESENT,"Indian chemist (1917–2006)"
Q92830,"Subhash Kak",1947-03-26,,50,PRESENT,"Indian computer scientist"
Q466080,"Dia Mirza",1981-12-09,,50,PRESENT,"Indian model and actress"
Q465041,"Mamata Banerjee",1955-01-05,,50,PRESENT,"Former Chief Minister of West Bengal"
Q255044,"Koneru Humpy",1987-03-31,,50,PRESENT,"Indian chess player"
Q381138,"Major Dhyan Chand Singh",1905-08-29,1979-12-03,50,PRESENT,"Indian field hockey player (1905–1979)"
Q465848,"Meena Kumari",1933-08-01,1972-03-31,49,PRESENT,"Indian actress and poet (1933-1972)"
Q268495,"Anita Desai",1937-06-24,,49,PRESENT,"Indian novelist, University professor (born 1937)"
Q264913,"Indra Nooyi",1955-09-28,,49,PRESENT,"Indian-American business executive and former CEO of PepsiCo (born 1955)"
Q379171,"Shashi Kapoor",1938-03-18,2017-12-04,49,PRESENT,"Indian film actor and producer (1938–2017)"
Q466320,"Mira Nair",1957-10-15,,49,PRESENT,"Indian-American filmmaker (born 1957)"
Q310867,"Sanjay Dutt",1959-07-29,,49,PRESENT,"Indian actor and politician"
Q528496,"C. Joseph Vijay",1974-06-22,,49,PRESENT,"Indian film actor, director, businessman, and politician"
Q7916220,"Varun Dhawan",1987-04-24,,49,PRESENT,"Indian actor (born 1987)"
Q16202406,"Tiger Shroff",1990-03-02,,49,PRESENT,"Indian actor"
Q465830,"Sharmila Tagore",1944-12-08,,48,PRESENT,"Indian actress"
Q336125,"Amitav Ghosh",1956-07-11,,48,PRESENT,"Indian writer"
Q263819,"Ameesha Patel",1975-06-09,,48,PRESENT,"Indian actress"
Q335238,"Rahul Bose",1967-07-27,,48,PRESENT,"Indian actor"
Q313025,"John Abraham",1972-12-17,,48,PRESENT,"Indian film actor, producer and model"
Q312701,"Meher Baba",1894-02-25,1969-01-31,48,PRESENT,"Indian spiritual master (1894–1969)"
Q325205,"Rakesh Sharma",1949-01-13,,48,PRESENT,"First Indian astronaut"
Q2001803,"Raveena Tandon",1974-10-26,,48,PRESENT,"Indian actress"
Q2995813,"Parineeti Chopra",1988-10-22,,48,PRESENT,"Indian actress and singer"
Q26703041,"Praggnanandhaa",2005-08-10,,48,PRESENT,"Indian chess player"
Q48622,"Esha Deol",1981-11-02,,48,PRESENT,"Indian actress"
Q107130,"Rajesh Khanna",1942-12-29,2012-07-18,47,PRESENT,"Indian actor (1942–2012)"
Q378404,"C. Rajagopalachari",1878-12-10,1972-12-25,47,PRESENT,"Indian politician and activist (1878–1972)"
Q470226,"Asin",1985-10-26,,47,PRESENT,"Indian actress"
Q296282,"Leander Paes",1973-06-17,,47,PRESENT,"Indian tennis player"
Q379762,"Vikram Seth",1952-06-20,,47,PRESENT,"Indian novelist and poet"
Q299136,"Amrita Rao",1981-06-07,,47,PRESENT,"Indian actress and model"
Q470774,"Mahendra Singh Dhoni",1981-07-07,,47,PRESENT,"Indian cricket player (born 1981)"
Q318506,"Deepak Chopra",1946-10-22,,47,PRESENT,"Indian-born American author and alternative-medicine advocate, physician and public speaker"
Q12073038,"Jennifer Winget",1985-05-30,,47,PRESENT,"Indian film and television actress (born 1985)"
Q3483111,"Sidharth Malhotra",1985-01-16,,47,PRESENT,"Indian Actor (born 1985)"
Q560163,"Anupam Kher",1955-03-07,,46,PRESENT,"Indian fim actor, producer, director and teacher"
Q377870,"H. D. Deve Gowda",1933-05-18,,46,PRESENT,"Prime Minister of India (1996-1997)"
Q320115,"Dev Anand",1923-09-26,2011-12-03,46,PRESENT,"Indian actor, producer, director"
Q6919169,"Mouni Roy",1985-09-28,,46,PRESENT,"Indian actress (born 1985)"
Q2347152,"Mahesh Bhatt",1948-09-20,,46,PRESENT,"Indian film director, producer and screenwriter"
Q3351697,"Dr. Puneeth Rajkumar",1974-03-17,2021-10-29,46,PRESENT,"Kannada actor (1974-2021)"
Q32342,"Sonali Bendre",1975-01-01,,46,PRESENT,"Indian actress (born 1975)"
Q63730,"Genelia D'Souza",1987-08-05,,46,PRESENT,"Indian actress (born 1987)"
Q82936,"Narain Karthikeyan",1977-01-14,,45,PRESENT,"Indian racecar driver"
Q144719,"Zakir Hussain",1951-03-09,2024-12-15,45,PRESENT,"Indian tabla player, musical producer, film actor, and composer (1951–2024)"
Q465859,"Waheeda Rehman",1938-02-03,,45,PRESENT,"Indian actress"
Q466826,"Alka Yagnik",1966-03-20,,45,PRESENT,"Indian playback singer"
Q312554,"Mahesh Bhupathi",1974-06-07,,45,PRESENT,"Indian tennis player"
Q290322,"Malaika Arora",1975-10-23,,45,PRESENT,"Indian actress"
Q469945,"Naseeruddin Shah",1950-07-20,,45,PRESENT,"Indian actor and director"
Q471542,"Kishore Kumar",1929-08-04,1987-10-13,45,PRESENT,"Indian singer and actor (1929–1987)"
Q7040049,"Nirmala Sitharaman",1959-08-18,,45,PRESENT,"Indian politician"
Q2556523,"Twinkle Khanna",1974-12-29,,45,PRESENT,"Indian author, interior designer"
Q8048050,"Yami Gautam",1988-11-28,,45,PRESENT,"Indian actress"
Q3520314,"Samantha Ruth Prabhu",1987-04-27,,45,PRESENT,"Indian actress"
Q30876,"Yash Chopra",1932-09-27,2012-10-21,45,PRESENT,"Indian film director, script writer and film producer (1932–2012)"
Q144391,"Mahasweta Devi",1926-01-14,2016-07-28,44,PRESENT,"Indian Bengali fiction writer and socio-political activist (1926-2016)"
Q558522,"M. F. Husain",1915-09-17,2011-06-09,44,PRESENT,"Indian artist (1915–2011)"
Q642827,"Allu Arjun",1982-04-08,,44,PRESENT,"Indian actor"
Q377898,"Meghnad Saha",1893-10-06,1956-02-16,44,PRESENT,"Bengali Astrophysicist (1893–1956)"
Q607685,"Priyanka Vadra",1972-01-12,,44,PRESENT,"Indian politician"
Q158558,"Dimple Kapadia",1957-06-08,,44,PRESENT,"Indian actress (born 1957)"
Q310773,"Abdul Qadeer Khan",1936-04-01,2021-10-10,44,PRESENT,"Pakistani nuclear engineer (1936–2021)"
Q312719,"Kabir Bedi",1946-01-16,,44,PRESENT,"Indian actor (1946-)"
Q184411,"Zeenat Aman",1951-11-19,,44,PRESENT,"Bollywood actress"
Q167636,"Farah Khan",1965-01-09,,44,PRESENT,"Indian film director and choreographer (born 1965)"
Q2748319,"Nayanthara",1984-11-18,,44,PRESENT,"Indian actress and producer (born 1984)"
Q26923060,"Shivangi Joshi",1998-05-18,,44,PRESENT,"Indian actress"
Q58198484,"Ananya Panday",1998-10-30,,44,PRESENT,"Indian actress (1998-present)"
Q13021,"Vinoba Bhave",1895-09-11,1982-11-15,44,PRESENT,"Indian advocate of nonviolence and human rights (1895-1982)"
Q146444,"Nutan",1936-06-04,1991-02-21,43,PRESENT,"Indian actress (1936-1991)"
Q264896,"Mayawati",1956-01-15,,43,PRESENT,"Indian politician"
Q377903,"Sunil Dutt",1930-06-06,2005-05-25,43,PRESENT,"Hindi film actor and politician (1929–2005)"
Q467336,"Ela Bhatt",1933-09-07,2022-11-02,43,PRESENT,"founder of the Self-Employed Women's Association of India (SEWA)"
Q467977,"Vyjayanthimala",1933-08-13,,43,PRESENT,"Indian actress, dancer and parliamentarian"
Q157803,"Farida Jalal",1949-05-18,,43,PRESENT,"Indian actress"
Q590853,"Farhan Akhtar",1974-01-09,,43,PRESENT,"Indian director and actor"
Q292943,"Shriya Saran",1982-09-11,,43,PRESENT,"Indian actress and model"
Q468334,"J. R. D. Tata",1904-07-29,1993-11-29,43,PRESENT,"Indian industrialist, philanthropist and aviator (1904–1993)"
Q468339,"Gulzar",1933-08-19,,43,PRESENT,"Indian poet, lyricist and author (1933- Present)"
Q944546,"Sunny Deol",1956-10-19,,43,PRESENT,"Indian actor and politician"
Q1396211,"Neerja Bhanot",1963-09-07,1986-09-05,43,PRESENT,"Indian flight attendant of Pan Am Flight 73 (1963–1986)"
Q7672815,"Taapsee Pannu",1987-08-01,,43,PRESENT,"Indian actress (born 1987)"
Q2995800,"Nawazuddin Siddiqui",1974-05-19,,43,PRESENT,"Indian actor (born 1974)"
Q3765047,"Ram Charan",1985-03-27,,43,PRESENT,"Indian actor (born 1985)"
Q464835,"Padma Lakshmi",1970-09-01,,42,PRESENT,"Indian-born American author, actress, model, television host and executive producer"
Q242508,"Jyoti Amge",1993-12-16,,42,PRESENT,"Indian actress notable for being the world's smallest living woman"
Q366213,"Aga Khan III",1877-11-02,1957-07-11,42,PRESENT,"48th Imam of the Nizari Ismaili community (1877-1957)"
Q555247,"Basappa Danappa Jatti",1912-09-10,2002-06-07,42,PRESENT,"Indian politician (1912-2002)"
Q557185,"B. K. S. Iyengar",1918-12-14,2014-08-20,42,PRESENT,"Indian yoga teacher and scholar (1918–2014)"
Q334822,"Shammi Kapoor",1930-10-21,2011-08-14,42,PRESENT,"Indian actor (1930-2011)"
Q557749,"Mohammad Hidayatullah",1905-12-17,1992-09-18,42,PRESENT,"Vice President of India from 1979 to 1984"
Q467213,"Parveen Babi",1954-04-04,2005-01-20,42,PRESENT,"Indian actress (1954–2005)"
Q732434,"Mulk Raj Anand",1905-12-12,2004-09-28,42,PRESENT,"Indian English writer (1905–2004)"
Q292967,"Celina Jaitly",1981-11-24,,42,PRESENT,"Indian film actress"
Q158450,"Ayesha Takia",1986-04-10,,42,PRESENT,"Indian film actress"
Q470898,"Sonu Nigam",1973-07-30,,42,PRESENT,"Indian singer"
Q471040,"Vinayak Damodar Savarkar",1883-05-28,1966-02-26,42,PRESENT,"Indian politician (1883–1966)"
Q325470,"Vikram Sarabhai",1919-08-12,1971-12-30,42,PRESENT,"father of Indian space programme (1919–1971)"
Q5527865,"Gautam Adani",1962-06-24,,42,PRESENT,"Indian businessman"
Q3053437,"Emraan Hashmi",1979-03-24,,42,PRESENT,"Indian film actor"
Q3111131,"Mumtaz",1947-07-31,,42,PRESENT,"Indian film actress"
Q16186720,"Subrahmanyam Jaishankar",1955-01-09,,42,PRESENT,"External Affairs Minister of India"
Q3595893,"Zubeen Garg",1972-11-18,2025-09-19,42,PRESENT,"Indian recording artist, singer, actor"
Q41443,"Lobsang Sangay",1968-09-05,,42,PRESENT,"Prime Minister of the Tibetan Government in Exile"
Q59155,"Arvind Kejriwal",1968-08-16,,42,PRESENT,"Indian politician (born 1968)"
Q465072,"Mata Amritanandamayi",1953-09-27,,41,PRESENT,"Indian spiritual leader and guru"
Q559774,"Khwaja Ahmad Abbas",1914-06-07,1987-06-01,41,PRESENT,"film director, screenwriter, novelist, and journalist (1914–1987)"
Q332566,"Ahmed Deedat",1918-07-01,2005-08-08,41,PRESENT,"South African writer and orator (1918–2005)"
Q269014,"Milkha Singh",1932-11-20,2021-06-18,41,PRESENT,"Indian track and field athlete (1935–2021)"
Q468374,"Gurudev Sri Sri Ravi Shankar",1956-05-13,,41,PRESENT,"Indian guru and spiritual leader (born 1956)"
Q469818,"Udit Narayan Jha",1955-12-01,,41,PRESENT,"Nepalese playback singer"
Q729982,"R. Madhavan",1970-06-01,,41,PRESENT,"Indian actor, film director, and producer"
Q179201,"Jayant Vishnu Narlikar",1938-07-19,2025-05-20,41,PRESENT,"Indian astrophysicist and writer (1938–2025)"
Q738291,"Riteish Deshmukh",1978-12-17,,41,PRESENT,"Indian actor, television-presenter and movie-producer (born 1978)"
Q717997,"Nandita Das",1969-11-07,,41,PRESENT,"Indian actress and film director"
Q312781,"Imran Khan",1983-01-13,,41,PRESENT,"Indian actor"
Q983043,"Sunil Shetty",1961-08-11,,41,PRESENT,"Indian actor and film producer"
Q1992008,"Govinda",1963-12-21,,41,PRESENT,"Indian film actor"
Q2017182,"Urmila Matondkar",1974-02-04,,41,PRESENT,"Indian actress"
Q2038656,"Vinod Khanna",1946-10-06,2017-04-27,41,PRESENT,"Indian actor, director, politician (1946–2017)"
Q2568389,"Mahima Chaudhry",1973-09-13,,41,PRESENT,"Indian actress"
Q2573055,"Sonu Sood",1976-07-30,,41,PRESENT,"Indian film actor"
Q7415555,"Sanaya Irani",1983-09-17,,41,PRESENT,"Indian actress"
Q2670291,"Amrita Singh",1958-02-09,,41,PRESENT,"Indian film and television actress"
Q2748513,"Trisha Krishnan",1983-05-04,,41,PRESENT,"Indian actress"
Q3595158,"Jiah Khan",1988-02-20,2013-06-03,41,PRESENT,"British−American Bollywood actress (1988–2013)"
Q331050,"Dhanush",1983-02-25,,40,PRESENT,"Indian actor, singer, born 28 July 1983"
Q633252,"Sanjay Leela Bhansali",1963-02-24,,40,PRESENT,"Indian film director, producer and screenwriter"
Q466337,"Mahadevi Varma",1907-03-26,1987-09-11,40,PRESENT,"Indian Hindi writer and poet (1907-1987)"
Q149136,"Guru Dutt",1925-07-09,1964-10-10,40,PRESENT,"Indian film director, producer, choreographer and actor (1925–1964)"
Q442668,"Arjun Rampal",1972-11-26,,40,PRESENT,"Indian film actor, producer, model and television host"
Q468324,"L. K. Advani",1927-11-08,,40,PRESENT,"Deputy Prime Minister of India (2002-2004)"
Q421581,"Akshaye Khanna",1975-03-28,,40,PRESENT,"Indian actor"
Q458855,"Sivananda Saraswati",1887-09-08,1963-07-14,40,PRESENT,"Hindu spiritual teacher (1887–1963)"
Q786469,"Pooja Bhatt",1972-02-24,,40,PRESENT,"Indian actress"
Q212760,"Bharrat Jagdeo",1964-01-23,,40,PRESENT,"President and Prime Minister of Guyana"
Q327293,"Anish Kapoor",1954-03-12,,40,PRESENT,"British-Indian artist (born 1954)"
Q1231626,"Divyanka Tripathi",1984-12-14,,40,PRESENT,"Indian television actress"
Q1248892,"Chintamani Nagesa Ramachandra Rao",1934-06-30,,40,PRESENT,"Indian chemist"
Q1756438,"Deepika Kumari",1994-06-13,,40,PRESENT,"Indian archer"
Q2087610,"Mahesh Babu",1975-08-09,,40,PRESENT,"Indian actor"
Q3191765,"Kader Khan",1930-10-22,2018-12-31,40,PRESENT,"Indian-Canadian film actor, script and dialogue writer"
Q3196775,"Rakhee Gulzar",1947-08-15,,40,PRESENT,"Indian actress"
Q3236611,"Bhumika Chawla",1978-08-21,,40,PRESENT,"Indian actress"
Q3494299,"Neha Dhupia",1980-08-27,,40,PRESENT,"Indian actress"
Q22290570,"Janhvi Kapoor",1997-03-06,,40,PRESENT,"Indian actress"
Q4683097,"Yogi Adityanath",1972-06-05,,40,PRESENT,"21st Chief Minister of Uttar Pradesh"
Q333448,"Bhaichung Bhutia",1976-06-15,,39,PRESENT,"Indian footballer"
Q465005,"Divya Bharti",1974-02-25,1993-04-05,39,PRESENT,"Indian actress (1974-1993)"
Q127868,"M. G. Ramachandran",1917-01-17,1987-12-24,39,PRESENT,"film actor, chief minister of Tamil Nadu (1917 – 1987)"
Q465060,"Devika Rani",1908-03-30,1994-03-09,39,PRESENT,"Indian actress (1908-1994)"
Q467207,"Aruna Asaf Ali",1909-07-16,1996-07-29,39,PRESENT,"Indian independence activist (1909-1996)"
Q158225,"Aruna Irani",1952-05-03,,39,PRESENT,"Indian actress (b. 1946)"
Q380152,"Azim Premji",1945-07-24,,39,PRESENT,"Indian business tycoon, investor, and philanthropist"
Q174648,"Mani Ratnam",1955-06-02,,39,PRESENT,"Indian film director"
Q223271,"Anthony de Mello",1931-09-04,1987-06-02,39,PRESENT,"Indian writer (1931-1987)"
Q863745,"Neha Sharma",1987-11-21,,39,PRESENT,"Indian actress"
Q3046959,"Zarine Khan",1987-05-14,,39,PRESENT,"Indian actress (born 1987)"
Q17415291,"Saikhom Mirabai Chanu",1994-08-08,,39,PRESENT,"Indian weightlifter (born 1994)"
Q17466423,"Sakshi Malik",1992-09-03,,39,PRESENT,"Indian wrestler"
Q28088964,"Rashmika Mandanna",1996-04-05,,39,PRESENT,"Indian actress (born 1996)"
Q30716445,"Manushi Chhillar",1997-05-14,,39,PRESENT,"Miss World 2017"
Q50351453,"Manu Bhaker",2002-02-18,,39,PRESENT,"Indian sport shooter"
Q4746875,"Amit Shah",1964-10-22,,39,PRESENT,"Indian politician and 32nd Union Minister of Home Affairs"
Q465067,"M. S. Subbulakshmi",1916-09-16,2004-12-11,38,PRESENT,"Indian Carnatic classical vocalist (1916–2004)"
Q467201,"Meira Kumar",1945-03-31,,38,PRESENT,"Indian politician"
Q263834,"Diana Hayden",1973-05-01,,38,PRESENT,"Indian actress, television host, beauty queen and the winner of Miss World 1997"
Q379707,"Bismillah Khan",1916-03-21,2006-08-21,38,PRESENT,"Indian shehnai player (1916–2006)"
Q368447,"Dino Morea",1975-12-09,,38,PRESENT,"Indian actor, model, film producer"
Q467215,"Kiran Mazumdar-Shaw",1953-03-23,,38,PRESENT,"Indian businessperson, Founder and Chairperson, Biocon; billionaire"
Q370773,"Mohammad Hamid Ansari",1937-04-01,,38,PRESENT,"Vice President of India from 2007 to 2017"
Q381748,"Anil Ambani",1959-06-04,,38,PRESENT,"Indian businessman (1959-present)"
Q731854,"Vivek Oberoi",1976-09-03,,38,PRESENT,"Indian actor (born 1976)"
Q320610,"Abhinav Bindra",1982-09-28,,38,PRESENT,"Indian sport shooter"
Q983571,"Johnny Lever",1957-08-14,,38,PRESENT,"Indian actor"
Q982809,"Mrinal Sen",1923-05-14,2018-12-30,38,PRESENT,"Indian film director (1923–2018)"
Q1190439,"Prabhu Deva",1973-04-03,,38,PRESENT,"Indian choreographer, film producer & actor"
Q5936662,"Huma Qureshi",1986-07-28,,38,PRESENT,"Indian actress"
Q7280241,"Radhika Apte",1985-09-07,,38,PRESENT,"Indian actress (born 1985)"
Q2475741,"Nana Patekar",1951-01-01,,38,PRESENT,"Indian philanthropist, writer, flim actor and film maker (born 1951)"
Q7546539,"Smriti Irani",1976-03-23,,38,PRESENT,"Indian politician"
Q15645408,"Vaani Kapoor",1988-08-23,,38,PRESENT,"Indian actress"
Q3498996,"N. T. Rama Rao Jr.",1983-05-20,,38,PRESENT,"Indian actor, dancer, singer and television presenter (b. 1983)"
Q3520045,"Rohit Sharma",1987-04-30,,38,PRESENT,"Indian cricketer (Captain)"
Q3629480,"Arun Jaitley",1952-12-28,2019-08-24,38,PRESENT,"Indian politician and attorney (1952–2019)"
Q4683039,"Aditi Rao Hydari",1986-10-28,,38,PRESENT,"Indian actress (born 1978)"
Q59513147,"Sara Ali Khan",1995-08-12,,38,PRESENT,"Indian Actress"
Q339896,"Ajith Kumar",1971-05-01,,37,PRESENT,"actor, racer and producer"
Q558189,"Kapil Dev",1959-01-06,,37,PRESENT,"Indian cricketer"
Q378384,"Sushil Kumar",1983-02-02,,37,PRESENT,"Indian wrestler"
Q158136,"Kirron Kher",1952-06-14,,37,PRESENT,"Indian actress and TV talk show host"
Q467322,"Irom Chanu Sharmila",1972-03-14,,37,PRESENT,"Indian civil rights activist"
Q272014,"Konkona Sen Sharma",1979-12-03,,37,PRESENT,"Indian actress"
Q730045,"Sanjay Gandhi",1946-12-14,1980-06-23,37,PRESENT,"Indian politician (1946-1980)"
Q704859,"Arshad Warsi",1968-04-19,,37,PRESENT,"Indian actor (born 1968)"
Q158533,"Manoj Bajpai",1969-04-23,,37,PRESENT,"Indian actor"
Q172905,"Karun Chandhok",1984-01-19,,37,PRESENT,"Indian racing driver"
Q433594,"Anandamayi Ma",1896-04-30,1982-08-27,37,PRESENT,"Hindu Guru (1896–1982)"
Q2086574,"Hansika Motwani",1991-08-09,,37,PRESENT,"Indian actress"
Q2341602,"Manoj Kumar",1937-07-24,2025-04-04,37,PRESENT,"Indian actor and director (1937-2025)"
Q2363587,"Vikram",1966-04-17,,37,PRESENT,"Indian actor and playback singer"
Q2393916,"Shamita Shetty",1979-02-02,,37,PRESENT,"Indian actress"
Q3345518,"Suriya",1975-07-23,,37,PRESENT,"Indian film actor, producer and television presenter and philanthropist"
Q3630005,"Ekta Kapoor",1975-06-07,,37,PRESENT,"Indian film/TV producer, director (born 1975)"
Q109147059,"Harika Dronavalli",1991-01-12,,37,PRESENT,"Indian Chess.com player"
Q466325,"Aparna Sen",1945-10-25,,36,PRESENT,"Indian filmmaker, script writer and actress"
Q561812,"Lalu Prasad Yadav",1948-06-11,,36,PRESENT,"20th chief minister of Bihar and former union minister"
Q467223,"Helen",1938-11-21,,36,PRESENT,"Indian film actress and dancer of Anglo-Burmese descent"
Q434435,"Soha Ali Khan",1978-10-04,,36,PRESENT,"Indian actress"
Q724156,"Cheddi Jagan",1918-03-22,1997-03-06,36,PRESENT,"President of Guyana, Prime Minister of Guyana, dentist (1918-1997)"
Q176588,"Akshay Venkatesh",1981-11-21,,36,PRESENT,"Australian number theorist"
Q470772,"Rahul Dravid",1973-01-11,,36,PRESENT,"Indian cricketer"
Q453607,"Tania Sachdev",1986-08-20,,36,PRESENT,"Indian chess player"
Q469933,"Oswald Gracias",1944-12-24,,36,PRESENT,"Catholic cardinal"
Q457933,"S. R. Ranganathan",1892-08-09,1972-09-27,36,PRESENT,"Indian mathematician and librarian (1892–1972)"
Q195616,"Shashi Tharoor",1956-03-09,,36,PRESENT,"Indian politician, diplomat, author"
Q982109,"M. S. Swaminathan",1925-08-07,2023-09-28,36,PRESENT,"Indian agronomist (1925–2023)"
Q7041178,"Nita Ambani",1963-11-01,,36,PRESENT,"Indian philanthropist and businesswoman"
Q2367593,"Mukesh",1923-07-22,1976-08-27,36,PRESENT,"Indian singer (1923-1976)"
Q2576856,"Seema Biswas",1965-01-14,,36,PRESENT,"Indian actress"
Q2722933,"Sunidhi Chauhan",1983-08-14,,36,PRESENT,"Indian playback singer"
Q7901587,"Urvashi Rautela",1994-02-25,,36,PRESENT,"Indian actress (1994-present)"
Q16202179,"Fatima Sana Shaikh",1992-01-11,,36,PRESENT,"Indian film and television actress"
Q3518489,"Jaswant Singh",1938-01-03,2020-09-27,36,PRESENT,"Indian politician and retired army officer (1938–2020)"
Q3595311,"Asha Parekh",1942-10-02,,36,PRESENT,"Indian actress"
Q3764667,"Muppavarapu Venkaiah Naidu",1949-07-01,,36,PRESENT,"Vice President of India from 2017 to 2022"
Q46926,"Chetan Bhagat",1974-04-22,,36,PRESENT,"Indian writer"
Q555232,"Pendyala Harikrishna",1986-05-10,,35,PRESENT,"Indian chess player"
Q560094,"Uday Chopra",1973-01-05,,35,PRESENT,"Indian actor, film director and producer"
Q465051,"Lakshmi Sahgal",1914-10-24,2012-07-23,35,PRESENT,"officer in the Indian National Army (INA) and former presidential candidate of India"
Q377861,"Rajendra K. Pachauri",1940-08-20,2020-02-13,35,PRESENT,"Indian academic (1940-2020)"
Q370247,"Sathamangalam Ranga Iyengar Srinivasa Varadhan",1940-01-02,,35,PRESENT,"Indian-American mathematician (1940–)"
Q146830,"Tanishaa",1978-01-01,,35,PRESENT,"Indian actress"
Q292958,"Amrita Arora",1981-01-31,,35,PRESENT,"Indian actress"
Q299140,"Deepa Mehta",1950-01-01,,35,PRESENT,"Indo Canadian film director and screenwriter"
Q470893,"Vijender Singh",1985-10-29,,35,PRESENT,"Indian boxer"
Q464185,"Daler Mehndi",1967-08-18,,35,PRESENT,"Indian singer"
Q834338,"Boman Irani",1959-12-02,,35,PRESENT,"Indian actor and voice actor"
Q2739159,"Maneka Gandhi",1956-08-26,,35,PRESENT,"Indian politician and activist"
Q15611257,"Nimrat Kaur",1982-03-13,,35,PRESENT,"Indian actress"
Q19664326,"Bhumi Pednekar",1989-07-18,,35,PRESENT,"Indian actress"
Q4682801,"Adil Hussain",1963-10-05,,35,PRESENT,"Indian actor of Iraqi origin"
Q4794782,"Janaki Ammal",1897-11-04,1984-02-07,35,PRESENT,"Indian botanist (1897-1984)"
Q4831843,"Ayushmann Khurrana",1984-09-14,,35,PRESENT,"Indian actor"
Q71123008,"Licypriya Kangujam",2011-10-02,,35,PRESENT,"Indian environmental activist"
Q48619,"Bobby Deol",1969-01-27,,35,PRESENT,"Indian actor (born 1969)"
Q92820,"Raj Reddy",1937-06-13,,34,PRESENT,"Indian-American computer scientist"
Q553191,"Dawood Ibrahim",1955-12-26,,34,PRESENT,"Indian gangster and mafia don"
Q554175,"Feroze Gandhi",1912-09-12,1960-09-08,34,PRESENT,"Indian politician and journalist (1912-1960)"
Q560197,"Prithviraj Kapoor",1906-11-03,1972-05-29,34,PRESENT,"Indian actor (1906-1972)"
Q558182,"Sunil Gavaskar",1949-07-10,,34,PRESENT,"Indian cricket player"
Q467964,"Divya Dutta",1977-09-25,,34,PRESENT,"Indian actress"
Q575917,"Danny Denzongpa",1948-02-25,,34,PRESENT,"Indian actor, singer and film director"
Q467343,"Roma Dasgupta",1931-04-06,2014-01-17,34,PRESENT,"Indian actress (1931–2014)"
Q691796,"Abanindranath Tagore",1871-08-07,1951-12-05,34,PRESENT,"Indian painter and writer (1871–1951)"
Q466974,"Eesha Koppikhar",1976-09-19,,34,PRESENT,"Indian actress"
Q741700,"M. Visvesvaraya",1861-09-15,1962-04-14,34,PRESENT,"Indian engineer, scholar, statesman and the Diwan of Mysore (1861-1962)"
Q511986,"Rohan Bopanna",1980-03-04,,34,PRESENT,"Indian tennis player (born 1980)"
Q511589,"Abhay Deol",1976-03-15,,34,PRESENT,"Indian actor"
Q888234,"Fauja Singh",1911-04-01,2025-07-14,34,PRESENT,"British-Indian centenarian marathon runner"
Q6026916,"Indraneil Sengupta",1974-09-08,,34,PRESENT,"Indian actor"
Q981496,"Raghuram Rajan",1963-02-03,,34,PRESENT,"Indian economist and former governor of Reserve Bank of India"
Q6203171,"Jishnu Raghavan",1979-04-23,2016-03-25,34,PRESENT,"Indian actor (1979-2016)"
Q6373552,"Kartik Aaryan",1990-11-22,,34,PRESENT,"Indian actor"
Q1322453,"Prakash Raj",1965-03-26,,34,PRESENT,"Indian film actor, director, producer, and television presenter"
Q1398708,"N. R. Narayana Murthy",1946-08-20,,34,PRESENT,"Indian businessman"
Q6358169,"Kamini Kaushal",1927-02-24,2025-11-13,34,PRESENT,"Indian actress"
Q1376396,"Sharman Joshi",1979-04-28,,34,PRESENT,"Indian actor"
Q1686232,"Jeetendra",1942-04-07,,34,PRESENT,"Indian film actor (born 1942)"
Q2003605,"Sriti Jha",1986-02-26,,34,PRESENT,"Indian actress"
Q2049688,"S. P. Balasubrahmanyam",1946-06-04,2020-09-25,34,PRESENT,"Indian playback singer (1946–2020)"
Q7286816,"Rakul Preet Singh",1990-10-10,,34,PRESENT,"Indian film actress"
Q2383191,"Arjun Kapoor",1985-06-26,,34,PRESENT,"Indian actor"
Q2749279,"Jyothika",1982-10-18,,34,PRESENT,"Indian actress"
Q2904990,"Salim Ali",1896-11-12,1987-07-27,34,PRESENT,"Indian ornithologist (1896-1987)"
Q3070885,"Zoya Akhtar",1972-10-14,,34,PRESENT,"Indian film director"
Q3518383,"Jaya Prada",1962-04-03,,34,PRESENT,"Indian actress and politician"
Q3521531,"S. S. Rajamouli",1973-10-10,,34,PRESENT,"Indian film director and screenwriter"
Q4683087,"Aditya Roy Kapur",1985-11-16,,34,PRESENT,"Indian actor (born 1985)"
Q9575,"Harivansh Rai Bachchan",1907-11-27,2003-01-18,34,PRESENT,"Indian Hindi poet, Father of Amitabh Bachchan (1907-2003)"
Q27180,"Baselios Cleemis",1960-05-25,,34,PRESENT,"Major Archbishop and Catholicos of the Syro-Malankara Catholic Church"
Q46018,"Raima Sen",1979-11-07,,34,PRESENT,"Indian Bengali actress"
Q263826,"Yukta Mookhey",1977-10-07,,33,PRESENT,"Indian actress, model and the winner of the Miss World 1999 pageant"
Q467327,"Karanam Malleswari",1975-06-01,,33,PRESENT,"Indian weightlifter"
Q711237,"Calyampudi Radhakrishna Rao",1920-09-10,2023-08-22,33,PRESENT,"Indian-American mathematician (1920–2023)"
Q156501,"Saadat Hasan Manto",1912-05-11,1955-01-18,33,PRESENT,"Indo-Pakistani novelist, playwright and writer (1912-1955)"
Q718211,"Tisca Chopra",1973-11-01,,33,PRESENT,"Indian actress (born 1973)"
Q734509,"Jayaprakash Narayan",1902-10-11,1979-10-08,33,PRESENT,"Indian independence activist and political leader"
Q737280,"Erode Venkatappa Ramasamy",1879-09-17,1973-12-24,33,PRESENT,"Indian social reformer (1879-1973)"
Q469919,"Bhairon Singh Shekhawat",1923-10-23,2010-05-15,33,PRESENT,"Vice President of India from 2002 to 2007"
Q755830,"Atif Aslam",1983-03-12,,33,PRESENT,"Pakistani playback singer and songwriter"
Q522232,"Shekhar Kapur",1945-12-06,,33,PRESENT,"Indian film director"
Q1203191,"Arbaaz Khan",1967-08-04,,33,PRESENT,"Indian actor, film producer and director"
Q1740716,"Khushwant Singh",1915-02-02,2014-03-20,33,PRESENT,"Indian author, lawyer, diplomat, journalist and politician (1914–2014)"
Q2586973,"Nirmala Joshi",1934-07-23,2015-06-23,33,PRESENT,"The succesor to Mother Teresa (1934-2015)"
Q2646553,"N. T. Rama Rao",1923-05-28,1996-01-18,33,PRESENT,"Indian, Tollywood(Telugu Film Industry) Actor and Former Chief Minister of the State of Andhra Pradesh (1923–1996)"
Q2721855,"Mammootty",1951-09-06,,33,PRESENT,"Indian actor and film producer"
Q2722085,"Kiran Bedi",1949-06-09,,33,PRESENT,"First female Indian Police Service Officer (born 1949)"
Q2726352,"Tusshar Kapoor",1976-11-20,,33,PRESENT,"Indian actor and producer"
Q7653831,"Swara Bhaskar",1988-04-09,,33,PRESENT,"Indian film actress (born 1975)"
Q3123705,"Paresh Rawal",1950-05-30,,33,PRESENT,"Indian actor and politician"
Q3133978,"Sadhana Shivdasani",1941-09-02,2015-12-25,33,PRESENT,"Indian actress (1941–2015)"
Q12069158,"Neetu Singh",1958-07-08,,33,PRESENT,"Indian actress"
Q3284484,"P. T. Usha",1964-05-20,,33,PRESENT,"Indian track and field athlete"
Q3518399,"Arun Shourie",1941-11-02,,33,PRESENT,"Indian journalist and politician"
Q3518417,"Mallika Sarabhai",1954-05-09,,33,PRESENT,"activist and Indian classical dancer from Ahmedabad, Gujarat, India"
Q3519936,"Priyamani",1984-06-04,,33,PRESENT,"Indian actress"
Q3520225,"Sudha Murthy",1950-08-19,,33,PRESENT,"Indian writer, philanthropist, author, motivator"
Q18001485,"Laxmi Agarwal",1990-06-01,,33,PRESENT,"Indian acid attack survivor and activist"
Q3595902,"Padmini Kolhapure",1965-11-01,,33,PRESENT,"Indian actress"
Q3595934,"Poonam Dhillon",1962-04-18,,33,PRESENT,"Indian actress"
Q28101716,"Chandrashekhar Agashe",1888-02-14,1956-06-09,33,PRESENT,"Indian industrialist and entrepreneur (1888–1956)"
Q3899724,"Ashok Kumar",1911-10-13,2001-12-10,33,PRESENT,"Indian actor (1911–2001)"
Q4724794,"Ali Fazal",1986-10-15,,33,PRESENT,"Indian actor (born 1986)"
Q4703519,"Poonam Pandey",1991-03-11,,33,PRESENT,"Indian actress and model (born 1991)"
Q45870,"Gauri Khan",1970-10-08,,33,PRESENT,"Indian film producer and fashion designer"
Q55406,"Shyam Benegal",1934-12-14,2024-12-23,33,PRESENT,"Indian director and screenwriter (1934–2024)"
Q465021,"Rukmini Devi Arundale",1904-02-29,1986-02-24,32,PRESENT,"Indian dancer and choreographer (1904–1986)"
Q337434,"Mandakini",1969-07-30,,32,PRESENT,"Indian actress (born 1969)"
Q467960,"Smita Patil",1955-10-17,1986-12-13,32,PRESENT,"Indian actress (1955–1986)"
Q158266,"Bindu",1951-01-17,,32,PRESENT,"Indian actress"
Q146724,"Tanuja",1943-09-23,,32,PRESENT,"Indian film actress"
Q594565,"Kamala Surayya",1934-03-31,2009-05-31,32,PRESENT,"Indian author and poet (1934–2009)"
Q470135,"Baba Amte",1914-12-26,2008-02-09,32,PRESENT,"Indian freedom fighter, social worker (1914–2008)"
Q156310,"Manna Dey",1919-05-01,2013-10-24,32,PRESENT,"Indian playback singer, music director, musician and vocalist (1919–2013)"
Q380221,"Vilayanur S. Ramachandran",1951-08-10,,32,PRESENT,"Indian-American neuroscientist"
Q285456,"Nirmala Srivastava",1923-03-21,2011-02-23,32,PRESENT,"Indian spiritual teacher (1923–2011)"
Q173118,"Vijay Mallya",1955-12-18,,32,PRESENT,"Indian businessman and former Member of Parliament"
Q313313,"M. N. Roy",1887-03-21,1954-01-26,32,PRESENT,"Indian political activist and intellectual (1887-1954)"
Q469942,"Ivan Dias",1936-04-14,2017-06-19,32,PRESENT,"Catholic cardinal (1936-2017)"
Q457897,"George Alencherry",1945-04-19,,32,PRESENT,"The 3rd Major Archbishop of the Syro-Malabar Church"
Q983475,"M. K. Stalin",1953-03-01,,32,PRESENT,"8th and current Chief Minister of Tamil Nadu"
Q1384866,"E. C. George Sudarshan",1931-09-16,2018-05-14,32,PRESENT,"Indian physicist (1931–2018)"
Q6435847,"Nithya Menen",1988-04-08,,32,PRESENT,"Indian actress (1987-)"
Q2273463,"Reita Faria",1943-08-23,,32,PRESENT,"Indian physician and beauty contest titleholder"
Q2319562,"Javed Akhtar",1945-01-17,,32,PRESENT,"Indian writer, poet and lyricist"
Q2628657,"Nicole Faria",1990-02-09,,32,PRESENT,"Indian model"
Q2744161,"Romila Thapar",1931-11-30,,32,PRESENT,"Indian historian (born 1931)"
Q3518444,"Girish Karnad",1938-05-19,2019-06-10,32,PRESENT,"Indian playwright, theatre personality (1938–2019)"
Q3519611,"Shobana",1966-03-21,,32,PRESENT,"Indian actress"
Q17466644,"Vinesh Phogat",1994-08-25,,32,PRESENT,"Indian wrestler (born 1994)"
Q3521637,"Karan Singh Grover",1982-02-23,,32,PRESENT,"Indian model, television and film actor (born 1982)"
Q3537444,"Bhagyashree Patwardhan",1969-02-23,,32,PRESENT,"Bollywood actress"
Q21062285,"Soumya Swaminathan",1959-05-02,,32,PRESENT,"Indian paediatrician and clinical scientist"
Q21063646,"Vicky Kaushal",1988-05-16,,32,PRESENT,"Indian actor"
Q22002931,"Vaishali Rameshbabu",2001-06-21,,32,PRESENT,"Indian chess player"
Q23731498,"Zaira Wasim",2000-10-23,,32,PRESENT,"former Indian actress"
Q3595314,"Nanda",1939-01-08,2014-03-25,32,PRESENT,"Indian actress (1939–2014)"
Q3595475,"Ila Arun",1954-09-28,,32,PRESENT,"Indian actress and singer"
Q28479871,"Divya Deshmukh",2005-12-09,,32,PRESENT,"Indian chess player"
Q4144488,"Aarthi Aggarwal",1984-03-05,2015-06-06,32,PRESENT,"American-born Indian actress"
Q58823966,"Lovlina Borgohain",1997-10-02,,32,PRESENT,"Indian boxer"
Q62136,"Prachi Desai",1988-09-12,,32,PRESENT,"Indian actress (born 1988)"
Q464969,"Padmini",1932-06-12,2006-09-25,31,PRESENT,"Indian actress (1932–2006)"
Q107067,"Jagjit Singh",1941-02-08,2011-10-10,31,PRESENT,"Indian Ghazal singer (1941–2011)"
Q143896,"Zohra Sehgal",1912-04-27,2014-07-10,31,PRESENT,"Indian actress and choreographer (1912–2014)"
Q465054,"Anju Bobby George",1977-04-19,,31,PRESENT,"Indian long jumper"
Q335284,"Jyoti Basu",1914-07-08,2010-01-17,31,PRESENT,"Indian politician (1914-2010)"
Q467315,"Kavita Krishnamurthy",1958-01-25,,31,PRESENT,"Indian singer"
Q560998,"D. R. Kaprekar",1905-01-17,1986-07-04,31,PRESENT,"Indian mathematician (1905–1986)"
Q561478,"Prasanta Chandra Mahalanobis",1893-06-29,1972-06-28,31,PRESENT,"Indian scientist and statistician (1893–1972)"
Q431601,"Amrit Kaur",1889-02-02,1964-02-06,31,PRESENT,"Indian politician (1889–1964)"
Q380449,"Balkrishna Doshi",1927-08-26,2023-01-24,31,PRESENT,"Indian architect (1927-2023)"
Q431012,"Gracy Singh",1980-07-20,,31,PRESENT,"Indian actress"
Q312789,"Shakti Kapoor",1952-09-03,,31,PRESENT,"Indian film actor"
Q180385,"Verghese Kurien",1921-11-26,2012-09-09,31,PRESENT,"Indian entrepreneur"
Q748926,"Riya Sen",1981-01-24,,31,PRESENT,"Indian actress"
Q165816,"Dara Singh",1928-11-19,2012-07-12,31,PRESENT,"Indian professional wrestler and actor (1928-2012)"
Q325741,"Homi K. Bhabha",1949-11-01,,31,PRESENT,"Indian critical theorist (born 1949)"
Q5397761,"Esha Gupta",1985-11-28,,31,PRESENT,"Indian actress"
Q983053,"Sohail Khan",1970-12-20,,31,PRESENT,"Indian actor, producer, writer"
Q6558075,"Lisa Haydon",1986-06-17,,31,PRESENT,"Indian model and film actress"
Q1395430,"Himesh Reshammiya",1973-07-23,,31,PRESENT,"Indian musician, singer and actor"
Q2341578,"Reema Lagoo",1958-06-21,2017-05-18,31,PRESENT,"Indian actress (1958–2017)"
Q2722841,"Sunita Narain",1961-08-23,,31,PRESENT,"Indian environmentalist"
Q2723457,"Sameera Reddy",1978-12-14,,31,PRESENT,"Indian film actress"
Q7685156,"Tara Sutaria",1995-11-19,,31,PRESENT,"Indian singer and actress"
Q3056379,"George Fernandes",1930-06-03,2019-01-29,31,PRESENT,"Indian trade unionist and politician (1930–2019)"
Q3200364,"Kumar Sanu",1957-09-23,,31,PRESENT,"Indian playback singer"
Q3344992,"Shyama Prasad Mukherjee",1901-07-06,1953-06-24,31,PRESENT,"Indian politician, barrister and academic (1901-1953)"
Q13423802,"K. Srikanth",1993-02-07,,31,PRESENT,"Indian badminton player"
Q14917099,"Neha Kakkar",1988-06-06,,31,PRESENT,"Indian singer (born 1988)"
Q15020846,"Dutee Chand",1996-02-03,,31,PRESENT,"Indian sprinter"
Q15627855,"Bajrang Punia",1994-02-26,,31,PRESENT,"Indian male freestyle wrestler (born 1994)"
Q16224802,"Smriti Mandhana",1996-07-18,,31,PRESENT,"Indian cricketer"
Q16234243,"Mrunal Thakur",1992-08-01,,31,PRESENT,"Indian film and television & film actress"
Q16235008,"Athiya Shetty",1992-11-05,,31,PRESENT,"Bollywood actress"
Q3520293,"Amala Paul",1991-10-26,,31,PRESENT,"Indian actress"
Q3520476,"Mithali Raj",1982-12-03,,31,PRESENT,"Indian women's cricketer"
Q29950534,"Nidhhi Agerwal",1993-08-17,,31,PRESENT,"Indian model and actress"
Q4141279,"Randeep Hooda",1976-08-20,,31,PRESENT,"Indian actor"
Q4511444,"Anna Mani",1918-08-23,2001-08-16,31,PRESENT,"Indian meteorologist"
Q7406,"Kamala Sohonie",1911-06-18,1998-06-28,31,PRESENT,"Indian biochemist (1911–1998)"
Q4699676,"Ajaypal Singh Banga",1959-11-10,,31,PRESENT,"Indian American business executive"
Q4790608,"Arijit Singh",1987-04-25,,31,PRESENT,"Indian playback singer"
Q46392,"Amjad Khan",1940-11-12,1992-07-27,31,PRESENT,"Indian actor (1940-1992)"
Q68109662,"Ravi Kumar Dahiya",1997-12-12,,31,PRESENT,"Indian freestyle wrestler"
Q53619,"Rambhadracharya",1950-01-14,,31,PRESENT,"Hindu religious leader"
Q61193,"Bal Thackeray",1926-01-23,2012-11-17,31,PRESENT,"Indian politician (1926-2012)"
Q464900,"Sheila Dikshit",1938-03-31,2019-07-20,30,PRESENT,"Indian politician and former Chief Minister of Delhi (1938-2019)"
Q337656,"Somdev Devvarman",1985-02-13,,30,PRESENT,"Indian tennis player"
Q468309,"Vijay Amritraj",1953-12-14,,30,PRESENT,"Indian tennis player"
Q467931,"Ashwini Ponnappa",1989-09-18,,30,PRESENT,"Indian badminton player"
Q286658,"Ramdev",1965-12-25,,30,PRESENT,"Indian Yoga Teacher & Businessman"
Q979990,"Saeed Jaffrey",1929-01-08,2015-11-15,30,PRESENT,"Indian actor (1929–2015)"
Q1085037,"Rimi Sen",1981-09-21,,30,PRESENT,"Indian actress"
Q1058806,"Feroz Khan",1939-09-25,2009-04-27,30,PRESENT,"Indian actor and filmmaker (1935–2009)"
Q1089088,"Geeta Phogat",1988-12-15,,30,PRESENT,"Indian freestyle wrestler (born 1988)"
Q983328,"Sheikh Muhammad Abdullah",1905-12-05,1982-09-08,30,PRESENT,"Kashmiri politician (1905-1982)"
Q7294801,"Rashami Desai",1986-02-13,,30,PRESENT,"Indian actress (born 1986)"
Q7320290,"Rhea Chakraborty",1992-07-01,,30,PRESENT,"Indian actress"
Q2721485,"Ankita Lokhande",1985-12-19,,30,PRESENT,"Indian actress (born 1984)"
Q7645142,"Supriya Pathak",1961-01-07,,30,PRESENT,"Indian actress"
Q3418007,"Rajkumar Hirani",1962-11-20,,30,PRESENT,"Indian film director"
Q3418709,"Rana Daggubati",1984-12-14,,30,PRESENT,"Indian actor (born 1984)"
Q15719655,"Banu Mushtaq",1948-04-03,,30,PRESENT,"Indian writer and activist (born 1948)"
Q16148994,"Amyra Dastur",1993-05-07,,30,PRESENT,"Indian actress"
Q3519476,"Mamta Kulkarni",1972-04-20,,30,PRESENT,"Indian actress"
Q20081051,"Sai Pallavi",1992-05-09,,30,PRESENT,"Indian actress and influencer"
Q3595187,"Sarika",1962-06-03,,30,PRESENT,"Indian actress"
Q27524847,"Arjun Erigaisi",2003-09-03,,30,PRESENT,"Indian chess player"
Q3631806,"Krishna Sobti",1925-02-18,2019-01-25,30,PRESENT,"Indian writer (1925–2019)"
Q3633732,"Mala Sinha",1936-11-11,,30,PRESENT,"Indian actress"
Q38711433,"Gauri Lankesh",1962-01-29,2017-09-05,30,PRESENT,"Indian Kannada-language journalist-activist (1962-2017)"
Q4171474,"Drashti Dhami",1985-01-10,,30,PRESENT,"Indian television actress and model"
Q9475,"Harbhajan Singh",1980-07-03,,30,PRESENT,"Indian cricketer and politician"
Q4781915,"Diana Penty",1985-11-02,,30,PRESENT,"Indian model and actress"
Q5102344,"Chitrangada Singh",1976-08-30,,30,PRESENT,"Indian film actress"
Q55404,"Ritwik Ghatak",1925-11-04,1976-02-06,30,PRESENT,"Indian Bengali filmmaker and script writer (1925–1976)"
Q138765,"C. N. Annadurai",1909-09-15,1969-02-03,29,PRESENT,"Indian film writer and former Chief Minister of Tamil Nadu, India (1909-1969)"
Q122304,"Nitish Kumar",1951-03-01,,29,PRESENT,"Indian politician and Current Chief Minister of Bihar"
Q541513,"Simi Garewal",1947-10-17,,29,PRESENT,"Indian actress"
Q331942,"Vijay Singh",1963-02-22,,29,PRESENT,"Fijian-Indian professional golfer (born 1963)"
Q357608,"Aditya Chopra",1971-05-21,,29,PRESENT,"Indian film director and producer"
Q467973,"Suhasini Maniratnam",1961-08-15,,29,PRESENT,"Indian actress and director"
Q277698,"Yaragudipati Venkata Mahalakshmi",1952-12-13,,29,PRESENT,"Indian actress"
Q731969,"Fardeen Khan",1974-03-08,,29,PRESENT,"Indian actor (born 1974)"
Q467416,"Shweta Tiwari",1980-10-04,,29,PRESENT,"Indian film and television actress"
Q711035,"Erick Avari",1952-04-13,,29,PRESENT,"Indian actor"
Q175532,"Nisargadatta Maharaj",1897-04-17,1981-09-08,29,PRESENT,"Indian guru (1897-1981)"
Q470875,"Muthuvel Karunanidhi",1924-06-03,2018-08-07,29,PRESENT,"Indian politician, former Chief Minister of Tamil Nadu, India (1924–2018)"
Q313243,"Chiranjeevi",1955-08-22,,29,PRESENT,"Indian actor, politician"
Q942959,"Saira Banu",1944-08-23,,29,PRESENT,"Indian film actress"
Q855128,"Bhupen Hazarika",1926-09-08,2011-11-05,29,PRESENT,"Indian playback singer, lyricist, musician, poet, actor and filmmaker (1926–2011)"
Q327446,"Suraj Sharma",1993-03-21,,29,PRESENT,"Indian actor"
Q1380092,"Ruskin Bond",1934-05-19,,29,PRESENT,"Indian writer of British descent (born 1934)"
Q983744,"Krishan Kant",1927-02-28,2002-07-27,29,PRESENT,"Vice President of India from 1997 to 2002"
Q6371092,"Karishma Tanna",1983-12-21,,29,PRESENT,"Indian actress and kathron ke khilari winner"
Q1606036,"Rohini Hattangadi",1955-04-11,,29,PRESENT,"Indian actress"
Q1974722,"Sanjeev Kumar",1938-07-09,1985-11-06,29,PRESENT,"Indian film actor (1938-1985)"
Q2050534,"Mohanlal",1960-05-21,,29,PRESENT,"Indian film actor (born 1960)"
Q2342144,"Neil Nitin Mukesh",1982-01-15,,29,PRESENT,"Indian actor"
Q2627089,"Chitra Banerjee Divakaruni",1956-07-29,,29,PRESENT,"novelist, short story writer, poet, and essayist"
Q2700181,"Gul Panag",1979-01-03,,29,PRESENT,"actress"
Q2721868,"Mandira Bedi",1972-04-15,,29,PRESENT,"Indian actress"
Q2724073,"Vikram Batra",1974-09-09,1999-07-07,29,PRESENT,"Recipient of Param Vir Chakra (1974–1999)"
Q2763244,"Nirupa Roy",1930-01-04,2004-10-13,29,PRESENT,"Indian actress (1930–2004)"
Q2901773,"Bidhan Chandra Roy",1882-07-01,1962-07-01,29,PRESENT,"former Chief Minister of West Bengal, India (1882–1962)"
Q2997305,"Vasundhara Raje",1953-03-08,,29,PRESENT,"Indian politician"
Q3345031,"Akkineni Nagarjuna",1959-08-29,,29,PRESENT,"Indian film actor and producer"
Q3345479,"Virender Sehwag",1978-10-20,,29,PRESENT,"former Indian cricketer"
Q15614436,"Vidit Gujrathi",1994-10-24,,29,PRESENT,"Indian chess player"
Q3401588,"Prem Chopra",1935-09-23,,29,PRESENT,"Indian actor"
Q3473673,"Saroj Khan",1948-11-22,2020-07-03,29,PRESENT,"Indian dancer and choreographer (1948–2020)"
Q16200469,"Akshara Haasan",1991-10-12,,29,PRESENT,"Indian actress"
Q3518013,"Nara Chandrababu Naidu",1950-04-20,,29,PRESENT,"Indian politician"
Q3520429,"Ramya Krishnan",1970-09-15,,29,PRESENT,"Indian actress"
Q3533635,"Jadav Payeng",1959-10-31,,29,PRESENT,"Environmentalist, nature scientist"
Q3595242,"Shatrughan Sinha",1945-12-09,,29,PRESENT,"Indian actor and politician"
Q3595385,"Pinarayi Vijayan",1936-03-21,,29,PRESENT,"Indian politician and Chief Minister of Kerala"
Q3595441,"Zarina Wahab",1959-07-17,,29,PRESENT,"Indian actress"
Q3595821,"Mrinalini Sarabhai",1918-05-11,2016-01-21,29,PRESENT,"Indian classical dancer, choreographer and instructor (1918-2016)"
Q28316728,"Sanya Malhotra",1992-02-25,,29,PRESENT,"Indian actress"
Q50410280,"Jagdeep Dhankhar",1951-05-18,,29,PRESENT,"Vice President of India from 2022 to 2025"
Q56425189,"Tripti Dimri",1994-02-23,,29,PRESENT,"Indian actress"
Q4678398,"Adah Sharma",1992-05-11,,29,PRESENT,"Indian film actress"
Q4766073,"Ankita Raina",1993-01-11,,29,PRESENT,"Indian tennis player"
Q42018,"Anuradha Paudwal",1952-10-27,,29,PRESENT,"Indian playback singer"
Q58292,"S. M. Krishna",1932-05-01,2024-12-10,29,PRESENT,"Indian politician"
Q121077,"Bhimsen Joshi",1922-02-04,2011-01-24,28,PRESENT,"Indian Hindustani classical vocalist (1922–2011)"
Q539835,"Geetanjali Shree",1957-06-12,,28,PRESENT,"Indian writer"
Q539990,"Telesphore Toppo",1939-10-15,2023-10-04,28,PRESENT,"Catholic cardinal (1939–2023)"
Q558194,"Sam Manekshaw",1914-04-03,2008-06-27,28,PRESENT,"First Field marshal of the Indian Army (1914–2008)"
Q355748,"Mehmood Ali",1932-09-29,2004-07-23,28,PRESENT,"Indian actor (1932–2004)"
Q612167,"Anu Malik",1960-11-02,,28,PRESENT,"Indian music director and singer (born 1960)"
Q377358,"P. Chidambaram",1945-09-16,,28,PRESENT,"Indian politician"
Q469215,"Sneha Ullal",1987-12-18,,28,PRESENT,"Indian actress"
Q469887,"Kim Sharma",1980-01-21,,28,PRESENT,"Indian actress"
Q539048,"S. N. Goenka",1924-01-30,2013-09-29,28,PRESENT,"Burmese teacher of vipassanā meditation (1924–2013)"
Q781138,"Muhammad Zafarullah Khan",1893-02-06,1985-09-01,28,PRESENT,"Pakistani diplomat (1893–1985)"
Q212512,"Hariprasad Chaurasia",1938-07-01,,28,PRESENT,"Indian bansuri player"
Q6438563,"Kriti Kharbanda",1988-10-29,,28,PRESENT,"Indian film actress"
Q1373345,"Jimmy Shergill",1970-12-03,,28,PRESENT,"Indian actor"
Q1373377,"Rakesh Roshan",1949-09-06,,28,PRESENT,"Indian film director and producer"
Q984634,"Dr. Rajkumar",1929-04-24,2006-04-12,28,PRESENT,"Indian Kannada film actor, singer (1929–2006)"
Q1290010,"Surekha Sikri",1945-04-19,2021-07-16,28,PRESENT,"Indian actress (1945-2021)"
Q1391960,"Shivkumar Sharma",1938-01-13,2022-05-10,28,PRESENT,"Indian classical musician (1938–2022)"
Q6414821,"Kiran Rao",1973-11-07,,28,PRESENT,"Indian film director, screenwriter and film producer"
Q1407499,"Sonali Kulkarni",1974-11-03,,28,PRESENT,"Indian actress"
Q6897935,"Monali Thakur",1985-11-03,,28,PRESENT,"Indian playback singer"
Q1978808,"Priya Anjali Rai",1977-12-25,,28,PRESENT,"Indian-American pornographic actress"
Q7141282,"Parvathy Thiruvothu",1988-04-07,,28,PRESENT,"Indian actress"
Q2049494,"Shankar Mahadevan",1967-03-03,,28,PRESENT,"Indian singer and composer"
Q7246458,"Priya Anand",1986-09-17,,28,PRESENT,"Indian actress"
Q7295837,"Ratna Pathak",1963-03-18,,28,PRESENT,"Indian actress"
Q7323499,"Richa Chadha",1986-12-18,,28,PRESENT,"Indian actress"
Q2514244,"Tina Desai",1987-02-24,,28,PRESENT,"Indian actress"
Q2643152,"Cornelia Sorabji",1866-11-15,1954-07-06,28,PRESENT,"Indian barrister, writer, and social reformer; first female graduate from Bombay University, first woman to study law at Oxford University; first Indian national to study at a British university (1866-1954)"
Q2721505,"Amol Palekar",1944-11-24,,28,PRESENT,"Indian actor"
Q2877914,"Babita Kapoor",1948-04-20,,28,PRESENT,"Bollywood actress"
Q3107617,"Girija Devi",1929-08-05,2017-10-24,28,PRESENT,"Indian classical singer"
Q12446053,"Hari Singh I of Kashmir",1895-09-21,1961-04-26,28,PRESENT,"Last King of Kashmir (1925-1952)"
Q3351108,"Kuvempu",1904-12-29,1994-11-11,28,PRESENT,"Indian poet, playwright, novelist, critic, and prolific thinker (1904–1994)"
Q15721444,"Yash",1986-01-08,,28,PRESENT,"Indian actor"
Q3481958,"Sherlyn Chopra",1984-02-11,,28,PRESENT,"Indian actress"
Q3519669,"Meera Jasmine",1982-02-15,,28,PRESENT,"Indian actress"
Q16234497,"Sobhita Dhulipala",1992-05-31,,28,PRESENT,"Indian model, actress"
Q18111579,"Atanu Das",1992-04-05,,28,PRESENT,"Indian archer"
Q20580848,"Sreejesh Ravindran",1988-05-08,,28,PRESENT,"Indian field hockey player"
Q21066929,"Laxmirani Majhi",1989-01-26,,28,PRESENT,"Indian archer"
Q3595303,"Nimmi",1933-02-18,2020-03-25,28,PRESENT,"Indian actress (1933-2020)"
Q3595860,"Vengalil Krishnan Krishna Menon",1896-05-03,1974-10-06,28,PRESENT,"Indian politician (1896-1974)"
Q3633989,"Anita Hassanandani",1981-04-14,,28,PRESENT,"Indian actress"
Q77599314,"CarryMinati",1999-06-12,,28,PRESENT,"Indian YouTuber and streamer (born 1999)"
Q55405,"Bimal Roy",1909-07-12,1966-01-07,28,PRESENT,"Indian film director (1909–1966)"
Q559903,"Jagdish Bhagwati",1934-07-26,,27,PRESENT,"economist"
Q579995,"Namrata Shirodkar",1972-01-22,,27,PRESENT,"Indian actress, model, producer, and beauty pageant titleholder."
Q467318,"Medha Patkar",1954-12-01,,27,PRESENT,"Indian activist"
Q278980,"Akkineni Nageswara Rao",1924-09-20,2014-01-22,27,PRESENT,"Indian film actor and producer (1923–2014)"
Q281249,"Ashutosh Gowariker",1964-02-15,,27,PRESENT,"Indian director, writer and actor"
Q561487,"Sourav Ganguly",1972-07-08,,27,PRESENT,"former Indian cricketer and former chairman of the Board of Control for Cricket in India (BCCI)"
Q470416,"Geeta Dutt",1930-11-23,1972-07-20,27,PRESENT,"Indian playback singer (1930–1972)"
Q732397,"Ismail Merchant",1936-12-25,2005-05-25,27,PRESENT,"Indian film producer (1936–2005)"
Q167829,"Zayed Khan",1980-07-05,,27,PRESENT,"Indian actor"
Q383768,"Tarsem Singh",1961-05-26,,27,PRESENT,"Indian film director"
Q500436,"Parimarjan Negi",1993-02-09,,27,PRESENT,"Indian chess grandmaster"
Q805511,"Balraj Sahni",1913-05-01,1973-04-13,27,PRESENT,"Indian film and stage actor (1913-1973)"
Q854704,"Bhagwan Das",1869-01-12,1958-09-18,27,PRESENT,"Indian Theosophist (1869-1958)"
Q1067913,"Charu Majumdar",1918-03-12,1972-07-28,27,PRESENT,"Indian politician and Naxalite leader (1918–1972)"
Q921798,"Sabu Dastagir",1924-01-27,1963-12-02,27,PRESENT,"actor (1924-1963)"
Q522048,"K.Kamarajar",1903-07-15,1975-10-02,27,PRESENT,"Indian politician (1903-1975)"
Q6363189,"Kanika Kapoor",1978-08-21,,27,PRESENT,"Indian singer"
Q1391329,"Ram Gopal Varma",1962-04-07,,27,PRESENT,"Indian film director, screenwriter and producer"
Q6480391,"Lalita Pawar",1916-04-16,1998-02-24,27,PRESENT,"Indian actress"
Q1391309,"Manohar Parrikar",1955-12-13,2019-03-17,27,PRESENT,"Indian politician (1955-2019)"
Q1585395,"Harish-Chandra",1923-10-11,1983-10-16,27,PRESENT,"Indian American mathematician and physicist (1923–1983)"
Q6986984,"Neeti Mohan",1979-11-18,,27,PRESENT,"Indian singer"
Q1968297,"Soumitra Chatterjee",1935-01-19,2020-11-15,27,PRESENT,"Indian actor (1935–2020)"
Q2003940,"Sakshi Tanwar",1973-01-12,,27,PRESENT,"Indian actress"
Q2003575,"Pratyusha Banerjee",1991-08-10,2016-04-01,27,PRESENT,"Indian television actress (1991–2016)"
Q7285367,"Rajkummar Rao",1984-06-13,,27,PRESENT,"Indian film actor"
Q2475653,"Subhash Ghai",1945-01-24,,27,PRESENT,"Indian film director"
Q2556603,"Madhur Jaffrey",1933-08-13,,27,PRESENT,"Indian-American actress, food and travel writer, and television personality"
Q2720141,"Ilaiyaraaja",1943-06-02,,27,PRESENT,"Indian film composer & singer"
Q2721457,"Ravindra Jadeja",1988-12-06,,27,PRESENT,"Indian cricketer (born 1988)"
Q2723731,"Birju Maharaj",1938-02-04,2022-01-16,27,PRESENT,"Indian dancer (1938–2022)"
Q2723759,"Yashwant Sinha",1937-11-06,,27,PRESENT,"Indian administrator and politician"
Q2745305,"Omar Abdullah",1970-03-10,,27,PRESENT,"Indian politician"
Q2839609,"Anurag Kashyap",1972-09-10,,27,PRESENT,"Indian filmmaker (born 1972)"
Q2849991,"Anil Kumble",1970-10-17,,27,PRESENT,"former Indian cricketer"
Q2900953,"Bibhutibhushan Bandyopadhyay",1894-09-12,1950-11-01,27,PRESENT,"Indian Bengali author (1894–1950)"
Q2914941,"Victor Hope, 2nd Marquess of Linlithgow",1887-09-24,1952-01-05,27,PRESENT,"British politician, agriculturalist and colonial administrator (1887-1952)"
Q12068128,"Dipika Kakar",1986-08-06,,27,PRESENT,"Indian actress"
Q12071488,"Pankaj Tripathi",1976-09-05,,27,PRESENT,"Indian actor (born 1976)"
Q3351160,"Rahul Dev Burman",1939-06-27,1994-01-04,27,PRESENT,"Indian musician (1939–1994)"
Q3351937,"Rahul Sankrityayan",1893-04-09,1963-04-14,27,PRESENT,"Indian Buddhist scholar, polyglot and travel writer (1893–1963); 'Father of Hindi travel literature'"
Q16191043,"Manasi Pradhan",1962-10-04,,27,PRESENT,"Indian writer and Women's rights activist"
Q16200559,"Jannat Zubair Rahmani",2001-08-29,,27,PRESENT,"Indian actress"
Q16250215,"Surbhi Jyoti",1988-05-29,,27,PRESENT,"Indian actress"
Q17403476,"Keerthy Suresh",1992-10-17,,27,PRESENT,"Indian actress"
Q3525920,"Harmanpreet Kaur",1989-03-08,,27,PRESENT,"Indian cricketer"
Q3557842,"Vidyut Jammwal",1980-12-10,,27,PRESENT,"Indian actor (born1980)"
Q3595448,"Balamani Amma",1909-07-19,2004-09-29,27,PRESENT,"Indian writer and poet (1909–2004)"
Q24939367,"Rukhmabai",1864-11-22,1955-12-25,27,PRESENT,"one of the first practicing women doctors in colonial India."
Q3634230,"KK",1968-08-23,2022-05-31,27,PRESENT,"Indian playback singer (1968–2022)"
Q3635834,"Subhadra Kumari Chauhan",1904-08-16,1948-02-15,27,PRESENT,"Indian Hindi poet, short-story writer and freedom fighter (1904–1948); wrote 'Jhansi Ki Rani'"
Q51876537,"Hima Das",2000-01-09,,27,PRESENT,"Indian sprinter"
Q4751365,"Anandiben Patel",1941-11-21,,27,PRESENT,"20th Governor of Uttar Pradesh"
Q4770968,"Antara Biswas",1982-10-21,,27,PRESENT,"Indian actress"
Q4804507,"Asha Negi",1989-08-23,,27,PRESENT,"Indian television actress"
Q45889,"Antara Mali",1975-07-01,,27,PRESENT,"Indian actress"
Q48289,"Sudha Chandran",1964-09-21,,27,PRESENT,"Indian dancer and actress"
Q4915447,"Bipin Rawat",1958-03-16,2021-12-08,27,PRESENT,"India's 1st Chief of Defence Staff, former COAS"
Q555252,"Veerappan",1952-01-18,2004-10-18,26,PRESENT,"Indian bandit who was charged allegedly for sandalwood smuggling (1952-2004)"
Q556714,"Leslie Claudius",1927-03-25,2012-12-20,26,PRESENT,"Olympic field hockey player (1927–2012)"
Q358874,"Sant Jarnail Singh Bhindranwale",1947-02-12,1984-06-06,26,PRESENT,"religious leader of the Sikh organization Damdami Taksal (1947–1984)"
Q264639,"Gagan Narang",1983-05-06,,26,PRESENT,"Indian sport shooter"
Q584660,"Palden Thondup Namgyal",1923-05-23,1982-01-29,26,PRESENT,"King of Sikkim (1923-1982)"
Q278015,"Bhavana",1986-06-06,,26,PRESENT,"Indian actress in South Indian films"
Q366242,"Adoor Gopalakrishnan",1941-07-03,,26,PRESENT,"Indian film director (born 1941)"
Q654460,"Vijay Kumar",1985-08-19,,26,PRESENT,"Indian sport shooter"
Q381475,"Vikas Swarup",1961-06-23,,26,PRESENT,"former Indian diplomat and author"
Q731422,"Gangubai Hangal",1913-03-05,2009-07-21,26,PRESENT,"Indian singer (1913-2009)"
Q467074,"Gayatri Joshi",1977-03-20,,26,PRESENT,"Indian actress"
Q710071,"Filipe Neri Ferrão",1953-01-20,,26,PRESENT,"seventh Roman Catholic Patriarch of the East Indies"
Q487198,"Mahi Gill",1975-12-19,,26,PRESENT,"Indian actress"
Q448040,"Jwala Gutta",1983-09-07,,26,PRESENT,"Indian badminton player"
Q5408135,"Sana Khan",1988-08-21,,26,PRESENT,"former Indian film actress"
Q6036905,"Ram Vilas Paswan",1946-07-05,2020-10-08,26,PRESENT,"Indian politician (1946–2020)"
Q1189950,"Darsheel Safary",1997-03-09,,26,PRESENT,"child artist in Indian showbiz industry, famous for his portrayal of a dyslexic child in Taare Zameen Par"
Q6067643,"Pawan Kalyan",1971-09-02,,26,PRESENT,"Indian actor & deputy chief minister of Andhra Pradesh"
Q6366618,"Kapil Sharma",1981-04-02,,26,PRESENT,"Indian actor, comedian, TV host and singer"
Q5527641,"Gauahar Khan",1983-08-23,,26,PRESENT,"Indian actress"
Q1395425,"Sivaji Ganesan",1928-10-01,2001-07-21,26,PRESENT,"Indian stage and film actor (1928-2001)"
Q1607373,"Vidhu Vinod Chopra",1952-09-05,,26,PRESENT,"Indian film director and producer"
Q1650668,"Sabeer Bhatia",1968-12-30,,26,PRESENT,"Indian-American businessperson"
Q6744197,"Mallikarjun Kharge",1942-07-21,,26,PRESENT,"President of the Indian National Congress"
Q7023510,"Nia Sharma",1990-09-17,,26,PRESENT,"Indian television actress"
Q1827521,"Bombayla Devi Laishram",1985-02-22,,26,PRESENT,"Indian archer"
Q1897029,"Margaret Alva",1942-04-14,,26,PRESENT,"Governor of the Indian state of Rajasthan"
Q2003652,"Avika Gor",1997-06-30,,26,PRESENT,"Indian actress (born 1997)"
Q2049950,"K. S. Chithra",1963-07-27,,26,PRESENT,"Indian playback singer"
Q2050320,"Mamta Mohandas",1984-11-14,,26,PRESENT,"Indian film actress and playback singer"
Q2360082,"Reema Sen",1981-10-29,,26,PRESENT,"Indian actress"
Q2362968,"Aftab Shivdasani",1978-06-25,,26,PRESENT,"Indian actor (born 1978)"
Q2366381,"Sunetra Gupta",1965-03-15,,26,PRESENT,"Indian novelist and epidemiologist"
Q2575841,"Rati Agnihotri",1960-12-10,,26,PRESENT,"Indian actress"
Q7487024,"Shikhar Dhawan",1985-12-05,,26,PRESENT,"Indian cricketer"
Q2721694,"Tina Ambani",1957-02-11,,26,PRESENT,"Indian actress"
Q7492560,"Shefali Shah",1972-07-20,,26,PRESENT,"Indian film actress"
Q2723876,"Utpal Dutt",1929-03-29,1993-08-19,26,PRESENT,"Indian actor, director, and writer-playwright"
Q2736550,"Mulayam Singh Yadav",1939-11-21,2022-10-10,26,PRESENT,"15th Chief Minister of Uttar Pradesh and 10th Defence Minister of India (1939–2022)"
Q7637158,"Sumitra Mahajan",1943-04-12,,26,PRESENT,"Indian politician"
Q7807890,"Tina Datta",1986-11-27,,26,PRESENT,"Indian actress"
Q3109128,"Uma Bharti",1959-05-03,,26,PRESENT,"Indian politician"
Q7929316,"Vijay Rupani",1956-08-02,2025-06-12,26,PRESENT,"Chief Minister of Gujarat from 2016 to 2021"
Q11303319,"Shahana Goswami",1986-05-06,,26,PRESENT,"Indian actress"
Q16218779,"Daisy Shah",1984-08-25,,26,PRESENT,"Indian film actress"
Q3523851,"Nagma",1974-12-25,,26,PRESENT,"Indian actress"
Q3530159,"Amala Akkineni",1968-09-12,,26,PRESENT,"Indian actress"
Q3595169,"Tanushree Dutta",1984-03-19,,26,PRESENT,"Indian actress"
Q22073991,"Saalumarada Thimmakka",1911-06-30,2025-11-14,26,PRESENT,"environmentalist from India"
Q27048923,"Ritika Singh",1994-12-16,,26,PRESENT,"Indian actress and martial artist"
Q3595919,"Pooja Bedi",1970-05-11,,26,PRESENT,"Indian actress (born 1970)"
Q3630894,"Roopa Ganguly",1966-11-25,,26,PRESENT,"Indian actress and politician"
Q4357833,"Bharati Mukherjee",1940-07-27,2017-01-28,26,PRESENT,"Indian-American writer (1940-2017)"
Q4765733,"Anjali Devi",1927-08-24,2014-01-13,26,PRESENT,"Indian actress, producer"
Q32452,"Roshan Seth",1942-04-02,,26,PRESENT,"British-Indian actor"
Q32923,"Rituparno Ghosh",1963-08-31,2013-05-30,26,PRESENT,"Indian film director, actor, writer, and lyricist (1963–2013)"
Q35781,"Audrey Bitoni",1986-08-16,,26,PRESENT,"American pornographic actress"
Q66325775,"Vani Bhojan",1990-10-28,,26,PRESENT,"Indian actress"
Q119791048,"Hardeep Singh Nijjar",1977-10-11,2023-06-18,26,PRESENT,"Indian-Canadian Sikh separatist (1977–2023)"
Q55409,"Mehboob Khan",1907-09-09,1964-05-28,26,PRESENT,"film director (1906–1964)"
Q539765,"Bhanu Athaiya",1929-04-28,2020-10-15,25,PRESENT,"Indian costume designer and painter (1929–2020)"
Q464914,"Gayatri Devi",1919-05-23,2009-07-29,25,PRESENT,"Maharani of Jaipur and Indian politician (1919–2009)"
Q277996,"Revathi",1966-07-08,,25,PRESENT,"Indian film director"
Q417657,"Akhilesh Yadav",1973-07-01,,25,PRESENT,"20th Chief Minister of Uttar Pradesh, India"
Q512947,"Ashrita Fur",1954-09-16,,25,PRESENT,"American world record holder for the most world record holder"
Q538719,"Gita Mehta",1942-12-12,2023-09-16,25,PRESENT,"Indian novelist and film director (1942–2023)"
Q492241,"Bachendri Pal",1954-05-24,,25,PRESENT,"Indian mountaineer"
Q432731,"Persis Khambatta",1948-10-02,1998-08-18,25,PRESENT,"Indian actress (1948-1998)"
Q454696,"Amar Bose",1929-11-02,2013-07-12,25,PRESENT,"Indian American academic entrepreneur (1929–2013)"
Q1234662,"Karan Singh, Crown Prince of Kashmir",1931-03-09,,25,PRESENT,"Indian politician"
Q6354355,"Kalpana",1965-10-05,2016-01-25,25,PRESENT,"Indian actress"
Q6355512,"Kamal Ranadive",1917-11-08,2001-04-11,25,PRESENT,"Indian biologist"
Q6668646,"KL Rahul",1992-04-18,,25,PRESENT,"Indian cricket player"
Q6809265,"Mehbooba Mufti",1959-05-22,,25,PRESENT,"Indian politician and Former Chief Minister of Jammu and Kashmir"
Q1749508,"Silk Smitha",1960-12-02,1996-09-23,25,PRESENT,"Indian actress (1960-1996)"
Q6986770,"Neelam Kothari",1969-11-09,,25,PRESENT,"Indian actress"
Q6986875,"Neena Gupta",1959-06-04,,25,PRESENT,"Indian act"
Q6963590,"Nani",1984-02-24,,25,PRESENT,"Indian actor, producer, and television presenter"
Q1824834,"Yogeshwar Dutt",1982-11-02,,25,PRESENT,"Indian wrestler"
Q7070357,"Nushrratt Bharuccha",1985-05-17,,25,PRESENT,"Indian actress (born 1985)"
Q7123887,"Padmini Rout",1994-01-05,,25,PRESENT,"Indian chess player"
Q2254757,"Mamoni Raisom Goswami",1942-11-14,2011-11-29,25,PRESENT,"A celebrated writer of contemporary Indian literature"
Q2364996,"Prateik Babbar",1986-11-28,,25,PRESENT,"Indian actor"
Q2548564,"Homai Vyarawalla",1913-12-09,2012-01-15,25,PRESENT,"Indian photojournalist (1913–2012)"
Q2721812,"Kanaiyalal Maneklal Munshi",1887-12-30,1971-02-08,25,PRESENT,"Indian independence movement activist, politician, writer and educationist (1887-1971)"
Q2722967,"Alisha Chinai",1965-03-18,,25,PRESENT,"Indian singer"
Q2723790,"Yuvraj Singh",1981-12-12,,25,PRESENT,"former Indian cricketer"
Q7503382,"Shraddha Arya",1987-08-17,,25,PRESENT,"Indian actress"
Q2724411,"Govind Ballabh Pant",1887-09-10,1961-03-07,25,PRESENT,"Indian politician and freedom fighter (1887–1961)"
Q2839215,"Alok Nath",1950-07-10,,25,PRESENT,"Indian actor"
Q7683939,"Tanvi Azmi",1960-11-09,,25,PRESENT,"Indian actress"
Q7694210,"Teejan Bai",1956-08-08,2026-07-05,25,PRESENT,"Indian singer"
Q2992962,"Ramdhari Singh Dinkar",1908-09-23,1974-04-24,25,PRESENT,"Indian Hindi poet, essayist (1908-1974)"
Q3080325,"Ismat Chughtai",1925-08-21,1992-01-01,25,PRESENT,"Indian writer (1911-1991)"
Q3276006,"Meena",1974-09-16,,25,PRESENT,"Indian actress"
Q3288794,"Usha Mangeshkar",1935-12-15,,25,PRESENT,"Indian singer (1935-)"
Q3349343,"Tarun Gogoi",1936-04-01,2020-11-23,25,PRESENT,"former Chief Minister of the state of Assam in India (1936-2020)"
Q3351688,"Kanan Devi",1916-04-22,1992-07-17,25,PRESENT,"Indian actress (1916–1992)"
Q13637900,"Indira Nath",1938-01-14,2021-10-24,25,PRESENT,"Indian immunologist"
Q15071801,"Arundhati Bhattacharya",1956-03-18,,25,PRESENT,"Indian banker"
Q3351726,"Tarasankar Bandyopadhyay, Name in kannada -ತಾರಶಂಕರ ಬಂಡೋಪಾಧ್ಯಯ",1898-07-23,1971-09-14,25,PRESENT,"Indian writer (1898–1971)"
Q16227998,"Jasprit Bumrah",1993-12-06,,25,PRESENT,"Indian cricketer (born 1993)"
Q3520260,"Kamalinee Mukherjee",1984-03-04,,25,PRESENT,"Indian actress"
Q16938834,"Malavat Poorna",2000-06-10,,25,PRESENT,"Indian climber"
Q17403394,"Annu Rani",1992-08-29,,25,PRESENT,"javelin thrower"
Q19816655,"KSHMR",1988-10-06,,25,PRESENT,"American DJ, record producer and songwriter"
Q19895060,"Hardik Pandya",1993-10-11,,25,PRESENT,"Indian cricketer"
Q3543017,"Rakhi Sawant",1978-11-25,,25,PRESENT,"Indian actress"
Q3595116,"Begum Akhtar",1914-10-07,1974-10-30,25,PRESENT,"Indian musician"
Q3595144,"Usha Uthup",1947-11-07,,25,PRESENT,"Indian playback singer and film actress"
Q3595278,"Meenakshi Seshadri",1963-11-16,,25,PRESENT,"Indian actress, model and dancer"
Q3595522,"Archana Puran Singh",1962-03-26,,25,PRESENT,"Indian actress"
Q25350367,"Manika Batra",1995-06-15,,25,PRESENT,"Indian table tennis player"
Q3595818,"Wahiduddin Khan",1925-01-01,2021-04-21,25,PRESENT,"Islamic Scholar (1925–2021)"
Q3633978,"Pritam Chakraborty",1971-06-14,,25,PRESENT,"Indian music director and composer"
Q4662645,"Aarti Chhabria",1982-11-21,,25,PRESENT,"Bollywood actress from India"
Q4794405,"Arnab Ranjan Goswami",1973-03-07,,25,PRESENT,"Indian news anchor"
Q5052949,"Catherine Tresa",1989-09-10,,25,PRESENT,"Indian film actress and model"
Q55408,"Hrishikesh Mukherjee",1922-09-30,2006-08-27,25,PRESENT,"Indian film director (1922–2006)"
Q61555,"Qurratulain Hyder",1927-01-20,2007-08-21,25,PRESENT,"Indian writer (1927–2007)"
Q539776,"Shobhaa De",1948-01-07,,24,PRESENT,"Indian journalist and novelist (born 1948)"
Q235553,"Arunachalam Muruganantham",1962-10-12,,24,PRESENT,"inventor and social entrepreneur from Coimbatore, India"
Q365007,"Minissha Lamba",1985-01-18,,24,PRESENT,"Indian actress"
Q732728,"Devdas Gandhi",1900-05-22,1957-08-03,24,PRESENT,"Indian activist (1900–1957)"
Q467408,"Shobhna Samarth",1916-11-17,2000-02-09,24,PRESENT,"Indian actress (1916–2000)"
Q764803,"Honey Irani",1955-01-17,,24,PRESENT,"Indian actress and screenwriter"
Q737324,"Gopinath Bordoloi",1890-06-06,1950-08-05,24,PRESENT,"Indian Independence Activist and 1st Chief Minister of Assam"
Q448399,"Nayantara Sahgal",1927-05-10,,24,PRESENT,"Indian writer (born 1927)"
Q804684,"Balbir Singh, Sr.",1924-10-10,2020-05-25,24,PRESENT,"Indian field hockey player (1924–2020)"
Q5437755,"Fathima Beevi",1927-04-30,2023-11-23,24,PRESENT,"Indian justice"
Q5266968,"Devi Shetty",1953-05-08,,24,PRESENT,"Indian cardiac surgeon"
Q5282199,"Disha Vakani",1978-08-17,,24,PRESENT,"Indian actress"
Q5620263,"Gurpreet Singh Sandhu",1992-02-03,,24,PRESENT,"Indian association football player"
Q1368427,"Sita Ram Goel",1921-10-16,2003-12-03,24,PRESENT,"Indian activist, writer and publisher (1921–2003)"
Q5650929,"Hansa Jivraj Mehta",1897-07-03,1995-04-04,24,PRESENT,"reformist, social activist, freedom-fighter and educator and writer of India"
Q1609586,"Moon Moon Sen",1954-03-28,,24,PRESENT,"Indian film actress"
Q1612637,"Sanjay Kapoor",1965-10-17,,24,PRESENT,"Indian actor (born 1965)"
Q6733711,"Mahek Chahal",1979-02-01,,24,PRESENT,"Indian Norwegian Bollywood actress and model"
Q1628807,"Suchitra Krishnamoorthi",1974-03-09,,24,PRESENT,"Indian actress"
Q6932094,"Mugdha Godse",1986-07-26,,24,PRESENT,"Indian actress, model"
Q1749634,"Ayesha Jhulka",1972-07-28,,24,PRESENT,"Indian film actress"
Q1559952,"Ramanathan Krishnan",1937-04-11,,24,PRESENT,"Indian tennis player"
Q1708131,"Joseph Vaz",1651-04-21,1711-01-16,24,PRESENT,"Oratorian priest and missionary in Sri Lanka"
Q1953018,"Pratibha Ray",1943-01-21,,24,PRESENT,"Indian writer"
Q1975074,"Raja Rao",1908-11-08,2006-07-08,24,PRESENT,"Indian-born English writer (1908–2006)"
Q1995585,"Puja Gupta",1987-01-30,,24,PRESENT,"Indian model and actress"
Q2051849,"K. J. Yesudas",1940-01-10,,24,PRESENT,"Indian playback singer and musician from Kerala."
Q2104148,"Dola Banerjee",1980-06-02,,24,PRESENT,"Indian archer"
Q2420084,"Sachchidananda Vatsyayan",1911-03-07,1988-01-01,24,PRESENT,"Indian writer (1911–1987)"
Q2385894,"Suniti Kumar Chatterji",1890-11-26,1977-05-29,24,PRESENT,"Bengali linguist (1890–1977)"
Q7418498,"Sanjeeda Sheikh",1984-12-20,,24,PRESENT,"Indian actress (born 1984)"
Q7421553,"Sara Arjun",2005-06-18,,24,PRESENT,"Indian actress"
Q2651226,"Pandurang Vaman Kane",1880-05-07,1972-04-18,24,PRESENT,"Indian Indologist and Sanskrit scholar (1880–1972)"
Q2688170,"Birbal Sahni",1891-11-14,1949-04-10,24,PRESENT,"Indian botanist (1891-1949)"
Q2700318,"Randhir Kapoor",1947-02-15,,24,PRESENT,"Indian actor"
Q7490569,"Shashikala",1932-08-04,2021-04-04,24,PRESENT,"Indian actress"
Q2723357,"Moushumi Chatterjee",1953-04-26,,24,PRESENT,"Indian actress"
Q2724731,"Varsha Adalja",1940-04-10,,24,PRESENT,"Indian Gujarati language author"
Q7560758,"Sonal Chauhan",1985-05-16,,24,PRESENT,"Indian actress"
Q2737601,"Kunal Kapoor",1977-10-18,,24,PRESENT,"Indian actor (born 1977)"
Q7636487,"Sulochana Gadgil",1944-06-07,2025-07-24,24,PRESENT,"Indian meteorologist"
Q2759530,"Ram Manohar Lohia",1910-03-23,1967-10-12,24,PRESENT,"Indian politician (1910–1967)"
Q3007571,"Ravichandran Ashwin",1986-09-17,,24,PRESENT,"Indian cricket player"
Q7852064,"Tulip Joshi",1979-09-11,,24,PRESENT,"Indian actress"
Q10948640,"Hina Khan",1987-10-02,,24,PRESENT,"Indian actress"
Q12061048,"Kritika Kamra",1988-10-25,,24,PRESENT,"Indian actress"
Q3347897,"Ashapoorna Devi",1909-01-08,1995-07-12,24,PRESENT,"Indian writer (1909–1995)"
Q16150687,"Malini Awasthi",1967-02-11,,24,PRESENT,"Indian singer"
Q3499101,"Pankaj Kapur",1954-05-29,,24,PRESENT,"Indian actor"
Q16193764,"Jagat Prakash Nadda",1960-12-02,,24,PRESENT,"11th President of the Bharatiya Janata Party"
Q3520618,"Deeksha Seth",1990-02-14,,24,PRESENT,"Indian actress"
Q17386171,"Raashi Khanna",1990-11-30,,24,PRESENT,"Indian model, actress and singer"
Q17466291,"Dipa Karmakar",1993-08-09,,24,PRESENT,"Indian artistic gymnast"
Q3523373,"Andrea Jeremiah",1986-12-22,,24,PRESENT,"Indian actress"
Q19663986,"Sayyeshaa",1997-08-12,,24,PRESENT,"Indian actress"
Q3530114,"Sunitha Krishnan",1972-05-23,,24,PRESENT,"Indian social activist"
Q3531155,"Aditi Gowitrikar",1976-05-21,,24,PRESENT,"Indian actress"
Q21336246,"Harjit Sajjan",1970-09-06,,24,PRESENT,"Canadian politician (born 1970)"
Q3595438,"Ashish Vidyarthi",1962-06-19,,24,PRESENT,"Indian actor (born 1962)"
Q3595559,"Nafisa Ali",1957-01-08,,24,PRESENT,"Indian actress and model"
Q3630336,"Suraiya",1929-06-15,2004-01-31,24,PRESENT,"Indian actress and singer (1929-2004)"
Q3763917,"Durgabai Deshmukh",1909-07-15,1981-05-09,24,PRESENT,"Indian freedom fighter, politician, and social worker"
Q4204522,"Pranitha Subhash",1992-10-17,,24,PRESENT,"Indian actress"
Q4792489,"Armaan Malik",1995-07-22,,24,PRESENT,"Indian singer-songwriter, record producer, voice-over, performer, dancer and actor"
Q5223491,"Rachna Banerjee",1974-10-02,,24,PRESENT,"Indian Bengali actress"
Q106286501,"Danish Siddiqui",1983-05-19,2021-07-16,24,PRESENT,"Indian photojournalist (1983-2021)"
Q108703406,"Anupam Tripathi",1988-11-02,,24,PRESENT,"Indian actor based in South Korea"
Q330315,"Javed Jaffrey",1963-12-04,,23,PRESENT,"Indian actor, voice actor and dancer"
Q540297,"Vijaya Mehta",1934-11-04,2026-06-30,23,PRESENT,"Indian actress (1934–2026)"
Q540471,"Kunjarani Devi",1968-03-01,,23,PRESENT,"Indian weightlifter"
Q270100,"Navjot Singh Sidhu",1963-10-20,,23,PRESENT,"Indian cricketer and politician"
Q277703,"Anjali",1986-09-11,,23,PRESENT,"Indian actress"
Q699145,"Charles Correa",1930-09-01,2015-06-16,23,PRESENT,"Indian architect and urban planner (1930–2015)"
Q171276,"Aishwarya R. Dhanush",1982-01-01,,23,PRESENT,"Indian classical dancer and playback singer"
Q173273,"Chinmayananda Saraswati",1916-05-08,1993-08-03,23,PRESENT,"Indian Hindu spiritual teacher (1916-1993)"
Q455129,"Basu Chatterjee",1930-01-10,2020-06-04,23,PRESENT,"Indian film director (1930–2020)"
Q526008,"Anupama Chopra",1967-02-23,,23,PRESENT,"Indian film critic"
Q982805,"Rajyavardhan Rathore",1970-01-29,,23,PRESENT,"Indian politician"
Q1190856,"Naveen Patnaik",1946-10-16,,23,PRESENT,"14th Chief Minister of Odisha"
Q6079899,"Ishaan Khatter",1995-11-01,,23,PRESENT,"Indian actor"
Q983057,"Purushottam Das Tandon",1882-08-01,1962-07-01,23,PRESENT,"Indian freedom fighter (1882–1962)"
Q6161680,"Jasmin Bhasin",1990-06-28,,23,PRESENT,"Indian actress"
Q6439798,"Krystle D'Souza",1989-03-01,,23,PRESENT,"Indian actress"
Q1389571,"Richard Allen",1902-06-04,1969-01-01,23,PRESENT,"Indian field hockey player"
Q1391342,"Prakash Padukone",1955-06-10,,23,PRESENT,"Indian badminton player"
Q6380219,"Kay Kay Menon",1966-10-02,,23,PRESENT,"Indian actor"
Q1373408,"V. Shantaram",1901-11-18,1990-10-30,23,PRESENT,"Indian film director and actor (1901–1990)"
Q1391241,"Yuki Bhambri",1992-07-04,,23,PRESENT,"Indian tennis player (born 1992)"
Q6807571,"Meena Alexander",1951-02-17,2018-11-21,23,PRESENT,"poet, scholar, and writer (1951-2018)"
Q6807665,"Meera Chopra",1983-07-08,,23,PRESENT,"Indian actress"
Q1476759,"Arun Kumar Chatterjee",1926-09-03,1980-07-24,23,PRESENT,"Indian actor, director and producer (1926–1980)"
Q1537793,"Gopal Swarup Pathak",1896-02-26,1982-08-31,23,PRESENT,"Indian politician and judge (1896-1982)"
Q1628810,"Lillete Dubey",1953-09-07,,23,PRESENT,"Indian actress"
Q6958274,"Naga Chaitanya",1986-11-23,,23,PRESENT,"Indian actor"
Q1797686,"Seema Antil",1983-07-27,,23,PRESENT,"Indian discus thrower"
Q2344606,"Sukhwinder Singh",1971-07-18,,23,PRESENT,"Indian singer"
Q7308445,"Regina Cassandra",1990-12-13,,23,PRESENT,"Indian film actress"
Q7377094,"Sudeepa",1973-09-02,,23,PRESENT,"Indian actor"
Q2657648,"Babita Kumari",1989-11-20,,23,PRESENT,"Indian wrestler"
Q2679233,"Yo Yo Honey Singh",1983-03-15,,23,PRESENT,"Indian musician"
Q7492558,"Shefali Zariwala",1982-11-24,2025-06-27,23,PRESENT,"Indian actress (1982–2025)"
Q2723290,"Sharda Sinha",1952-10-09,2024-11-05,23,PRESENT,"Indian singer"
Q2723672,"Namitha",1981-05-10,,23,PRESENT,"Indian actress"
Q2723913,"Sachin Dev Burman",1906-10-01,1975-10-31,23,PRESENT,"Indian singer and composer (1906–1975)"
Q7560811,"Sonarika Bhadoria",1992-12-03,,23,PRESENT,"Indian actress"
Q2992971,"Rituparna Sengupta",1970-11-07,,23,PRESENT,"Indian actress"
Q3021150,"Deepa Sahi",1962-11-30,,23,PRESENT,"Indian actress and producer"
Q7929207,"Vijay Sethupathi",1978-01-16,,23,PRESENT,"Indian actor and Indian film producer"
Q3165960,"Nazriya Nazim",1994-12-20,,23,PRESENT,"Indian actress, playback singer, anchor, model"
Q12447464,"Mridula Sinha",1942-11-27,2020-11-18,23,PRESENT,"Indian writer and politician"
Q3345399,"Bappi Lahiri",1952-11-27,2022-02-15,23,PRESENT,"Indian music director (1952–2022)"
Q3349891,"Kalpana Datta",1913-07-27,1995-02-08,23,PRESENT,"Indian revolutionary and politician (1913-1995)"
Q15223546,"Raghavan Alingkil",1941-12-12,,23,PRESENT,"Indian actor and director"
Q3418119,"Savitri",1937-12-06,1981-12-26,23,PRESENT,"Indian actress (1935–1981)"
Q3496304,"Rajpal Yadav",1971-03-16,,23,PRESENT,"Indian film actor"
Q3504520,"Nitin Gadkari",1957-05-27,,23,PRESENT,"Indian politician (born 1957)"
Q16200342,"Erica Fernandes",1993-05-07,,23,PRESENT,"Indian actress"
Q3518496,"Dhondo Keshav Karve",1858-04-18,1962-11-09,23,PRESENT,"Indian social reformer (1858–1962)"
Q3519505,"Suresh Raina",1986-11-27,,23,PRESENT,"Indian cricketer"
Q3519679,"Dinesh Karthik",1985-06-01,,23,PRESENT,"Indian cricketer"
Q16221279,"Divya Khosla Kumar",1981-11-20,,23,PRESENT,"Indian actress and film director"
Q3520369,"K. Balachander",1930-07-09,2014-12-23,23,PRESENT,"Indian director, producer, writer, actor, playwright, stage conductor, and comedian (1930–2014)"
Q3520790,"Mohan Bhagwat",1950-09-11,,23,PRESENT,"Sixth Sarsanghchalak of the Rashtriya Swayamsevak Sangh"
Q17386461,"Nihal Sarin",2004-07-13,,23,PRESENT,"Indian chess player"
Q3521157,"Aruna Roy",1946-05-26,,23,PRESENT,"Indian activist"
Q3521662,"Ramachandra Guha",1958-04-29,,23,PRESENT,"historian and writer from India"
Q18205297,"Lalita Babar",1989-06-02,,23,PRESENT,"Indian long-distance runner"
Q3523130,"Simran",1978-04-04,,23,PRESENT,"Indian actress"
Q3534361,"Karthik Siva kumar",1977-05-25,,23,PRESENT,"Indian actor"
Q3595129,"Govardhan Asrani",1941-01-01,2025-10-20,23,PRESENT,"Indian actor"
Q3595178,"Prithviraj Sukumaran",1979-10-15,,23,PRESENT,"Indian actor, film director and producer (born 1979)"
Q3595184,"Madhavi",1962-08-12,,23,PRESENT,"Indian actress"
Q22815258,"Karan Soni",1989-01-08,,23,PRESENT,"Indian-American actor"
Q3595236,"Preeti Jhangiani",1980-08-18,,23,PRESENT,"Indian film actress and model"
Q25990418,"Aditi Ashok",1998-03-29,,23,PRESENT,"Indian golfer"
Q26132281,"Harmanpreet Singh",1996-01-06,,23,PRESENT,"Indian field hockey player"
Q27780754,"Lakshya Sen",2001-08-16,,23,PRESENT,"badminton player"
Q27924832,"Sonam Wangchuk",1966-09-01,,23,PRESENT,"Indian engineer, innovator and education reformist"
Q3631768,"Kalpana Lajmi",1954-05-31,2018-09-23,23,PRESENT,"Indian film director"
Q3633274,"Durga Khote",1905-01-13,1991-09-22,23,PRESENT,"Indian actress (1905–1991)"
Q3634855,"Barkha Dutt",1971-12-18,,23,PRESENT,"Indian television journalist and author"
Q3676086,"Chunky Pandey",1962-09-26,,23,PRESENT,"Indian actor"
Q4683044,"Aditi Sharma",1983-08-24,,23,PRESENT,"Indian actress"
Q4765768,"Anjana Sukhani",1978-12-10,,23,PRESENT,"Indian actress"
Q33168,"K. Chandrashekar Rao",1954-02-17,,23,PRESENT,"Leader of opposition in the Telangana Legislative Assembly"
Q4802174,"Aruna Shanbaug",1948-06-01,2015-05-18,23,PRESENT,"Indian nurse who was the subject of a legal case regarding euthanasia"
Q4818791,"Atul Kulkarni",1965-09-10,,23,PRESENT,"Indian actor"
Q63191809,"Swapnil Kusale",1995-08-06,,23,PRESENT,"Indian sports shooter"
Q4921138,"Gulshan Kumar",1956-05-05,1997-08-12,23,PRESENT,"Indian film producer"
Q109238721,"Sharvari",1996-06-14,,23,PRESENT,"Indian actress"
Q112275924,"PVR Raja",1985-06-01,,23,PRESENT,"Indian composer and guitarist"
Q464873,"Leela Chitnis",1909-09-09,2003-07-14,22,PRESENT,"Indian actress (1909-2003)"
Q539281,"Chanda Kochhar",1961-11-17,,22,PRESENT,"Indian businesswoman"
Q542681,"Narada Michael Walden",1952-04-23,,22,PRESENT,"American musician"
Q543426,"Duraisamy Simon Lourdusamy",1924-02-05,2014-06-02,22,PRESENT,"Catholic cardinal (1924–2014)"
Q465981,"Karen David",1979-04-15,,22,PRESENT,"Canadian actress, singer and songwriter"
Q464950,"Nadira",1932-12-05,2006-02-09,22,PRESENT,"Indian actress (1932-2006)"
Q562179,"Harkishan Singh Surjeet",1916-03-23,2008-08-01,22,PRESENT,"politician (1916–2008)"
Q573795,"Anthony Poola",1961-11-15,,22,PRESENT,"Indian Latin Catholic bishop (born 1961)"
Q575066,"Krishan Chander",1914-11-23,1977-03-08,22,PRESENT,"Indian writer (1914–1977)"
Q560990,"Varkey Vithayathil",1927-05-29,2011-04-01,22,PRESENT,"Catholic cardinal (1927-2011)"
Q172634,"Sumitranandan Pant",1900-05-20,1977-12-28,22,PRESENT,"Indian writer"
Q725970,"David Dhawan",1955-08-16,,22,PRESENT,"Indian film director (born 1951)"
Q469886,"Ravi Mohan",1980-09-10,,22,PRESENT,"Indian actor (born 1980)"
Q804792,"Baldev Raj Chopra",1914-04-22,2008-11-05,22,PRESENT,"Indian film director (1914–2008)"
Q433126,"Taruni Sachdev",1998-05-14,2012-05-14,22,PRESENT,"Indian child actress and model (1998–2012)"
Q5269370,"Dharmendra Pradhan",1969-06-26,,22,PRESENT,"politician from Odisha, India"
Q982820,"Ramesh Krishnan",1961-06-05,,22,PRESENT,"Indian tennis player"
Q523103,"Bina Rai",1931-06-04,2009-12-06,22,PRESENT,"Indian actress (1931–2009)"
Q924901,"Raghu Rai",1942-12-18,2026-04-26,22,PRESENT,"Indian photographer ( 1942-2026)"
Q1156039,"S. Shankar",1963-08-17,,22,PRESENT,"Indian filmmaker"
Q6079884,"Isha Talwar",1987-12-22,,22,PRESENT,"Indian actress"
Q5527787,"Gauri Shinde",1974-07-06,,22,PRESENT,"Indian film director"
Q6095720,"Mufti Mohammad Sayeed",1936-01-12,2016-01-07,22,PRESENT,"Indian politician (1936-2016)"
Q6148297,"Jamuna",1936-08-30,2023-01-27,22,PRESENT,"Indian film actress"
Q1206954,"Kapil Sibal",1948-08-08,,22,PRESENT,"Indian lawyer and politician"
Q1386330,"Ramesh Sippy",1947-11-24,,22,PRESENT,"Indian film director"
Q1392116,"Pingali Venkayya",1876-08-02,1963-07-04,22,PRESENT,"Indian independence activist (1876–1963)"
Q1612623,"Satish Shah",1951-06-25,2025-10-25,22,PRESENT,"Indian actor"
Q7127781,"Pallavi Joshi",1969-04-04,,22,PRESENT,"Indian actress"
Q2003153,"Bhuvneshwar Kumar",1990-02-05,,22,PRESENT,"Indian cricket player"
Q7123872,"Padmavathy Bandopadhyay",1944-11-04,,22,PRESENT,"first woman Air Marshal of the Indian Air Force"
Q7228526,"Pooja Gandhi",1983-10-07,,22,PRESENT,"Indian actress"
Q2050056,"Sadhana Sargam",1974-03-07,,22,PRESENT,"Indian singer"
Q7295698,"Rati Pandey",1982-09-11,,22,PRESENT,"Indian television actress"
Q7336478,"Rita Bhaduri",1955-11-04,2018-07-17,22,PRESENT,"Indian actress (1955–2018)"
Q7377129,"Yamini Krishnamurthy",1940-12-20,2024-08-03,22,PRESENT,"Indian dancer (1940–2024)"
Q2617551,"Rubina Ali",1999-01-21,,22,PRESENT,"Indian actress"
Q2634510,"Parvathy Omanakuttan",1987-12-20,,22,PRESENT,"Indian actress"
Q7425145,"V. K. Sasikala",1957-08-18,,22,PRESENT,"Indian Business Woman And Female politician"
Q2721515,"Gautam Gambhir",1981-10-14,,22,PRESENT,"Indian politician and former cricketer"
Q7487531,"Mohammed Shami",1990-03-09,,22,PRESENT,"Indian cricketer"
Q7491730,"Shazahn Padamsee",1987-10-19,,22,PRESENT,"Indian actress"
Q2723854,"Pankaj Udhas",1951-05-17,2024-02-26,22,PRESENT,"Indian singer"
Q7499430,"Shiva Rajkumar",1961-07-12,,22,PRESENT,"Kannada film actor"
Q2728775,"Varun Gandhi",1980-03-13,,22,PRESENT,"Indian politician"
Q2732205,"Hemanta Mukhopadhyay",1920-06-16,1989-09-26,22,PRESENT,"Indian singer (1920–1989)"
Q7560756,"Sonal Mansingh",1944-04-30,,22,PRESENT,"Indian Bharatanatyam and Odissi dancer"
Q2738917,"Vikram Bhatt",1969-01-27,,22,PRESENT,"Indian film director"
Q7635072,"Sugathakumari",1934-01-03,2020-12-23,22,PRESENT,"Indian poet and activist (1934-2020)"
Q2752875,"Aarya Babbar",1981-05-24,,22,PRESENT,"Indian actor"
Q2824471,"Aditya Pancholi",1965-01-04,,22,PRESENT,"Indian film actor, producer and playback singer"
Q3124846,"Siddharth",1980-04-17,,22,PRESENT,"Indian actor"
Q3129379,"Krishna Poonia",1982-05-05,,22,PRESENT,"Indian discus thrower & Member of legislative assembly"
Q3180602,"Shivraj Singh Chouhan",1959-03-05,,22,PRESENT,"Union Minister of Agriculture and Famers' Welfare, Govt of India"
Q12071846,"Hema Upadhyay",1972-05-18,2015-12-11,22,PRESENT,"Indian visual artist (1972–2015)"
Q12455087,"Sai Paranjpye",1938-03-19,,22,PRESENT,"Indian film director"
Q15620976,"Manpreet Singh",1992-06-26,,22,PRESENT,"Indian field hockey player"
Q3503625,"Rabri Devi",1959-01-01,,22,PRESENT,"Indian politician"
Q3517911,"Farooq Abdullah",1937-10-21,,22,PRESENT,"Indian and Kashmiri politician"
Q16202819,"Madhurima Tuli",1988-08-19,,22,PRESENT,"Indian actress (born 1986)"
Q3519488,"R. K. Laxman",1924-10-24,2015-01-26,22,PRESENT,"Indian artist, illustrator and cartoonist"
Q16214430,"Meghna Gulzar",1973-12-13,,22,PRESENT,"Indian film director"
Q3519791,"Rambha",1977-06-05,,22,PRESENT,"Indian actress"
Q3520003,"Bhanupriya",1964-01-15,,22,PRESENT,"Indian actress"
Q16728896,"Devendra Fadnavis",1970-07-22,,22,PRESENT,"18th Chief Minister of Maharashtra"
Q3520472,"Raai Laxmi",1989-05-05,,22,PRESENT,"Indian actress and model"
Q3520758,"Sucheta Kripalani",1908-06-25,1974-12-01,22,PRESENT,"Chief Minister of Uttar Pradesh and India's first woman Chief Minister (1908–1974)"
Q16935062,"Adaa Khan",1989-05-12,,22,PRESENT,"Indian television actress and model"
Q18205475,"Satnam Singh Bhamara",1995-12-10,,22,PRESENT,"Indian basketball player (born 1995)"
Q3522332,"Balasaraswati",1918-05-13,1984-02-09,22,PRESENT,"Indian dancer (1918-1984)"
Q19663694,"Helly Shah",1996-01-07,,22,PRESENT,"Indian television actress"
Q19665443,"Radhika Madan",1995-05-01,,22,PRESENT,"Indian actress"
Q19895090,"Anupama Parameswaran",1996-02-20,,22,PRESENT,"Indian actress"
Q20090578,"Vijay Deverakonda",1989-05-09,,22,PRESENT,"Indian actor"
Q20090634,"Ishita Dutta",1990-09-04,,22,PRESENT,"Indian Film & Television Actress"
Q3535247,"Neetu Chandra",1984-06-20,,22,PRESENT,"Indian film actress, producer, and theatre artist"
Q20677497,"Harshaali Malhotra",2008-06-03,,22,PRESENT,"Indian child actress"
Q3595537,"Gautami Tadimalla",1968-07-02,,22,PRESENT,"Indian film actress, politician, television actress, television host and costume designer"
Q3595806,"A. K. Hangal",1915-08-15,2012-08-26,22,PRESENT,"Indian actor (1915–2012)"
Q3630922,"Ravi Shankar Prasad",1954-08-30,,22,PRESENT,"Indian politician"
Q3632740,"Kapila Vatsyayan",1928-12-25,2020-09-16,22,PRESENT,"Indian politician and art historian (1928-2020)"
Q3632832,"Sushma Seth",1936-06-20,,22,PRESENT,"Indian actress"
Q28967460,"Tunisha Sharma",2002-01-04,2022-12-24,22,PRESENT,"Indian actress"
Q46248994,"Anupriya Goenka",1987-05-29,,22,PRESENT,"Indian actress"
Q3765029,"Brahmanandam",1956-02-01,,22,PRESENT,"Indian actor"
Q4319574,"Shraddha Das",1987-03-04,,22,PRESENT,"actress"
Q4352958,"Sugata Mitra",1952-02-12,,22,PRESENT,"Indian computer scientist, best known for his \"Hole in the Wall\" experiment"
Q7255,"Darshan Ranganathan",1941-06-04,2001-06-04,22,PRESENT,"Indian chemist (1941–2001)"
Q4766912,"Anna Chandy",1905-05-04,1996-07-20,22,PRESENT,"Indian judge (1905-1996)"
Q60844968,"Shyamala Gopalan",1938-04-07,2009-02-11,22,PRESENT,"Indian-American biomedical scientist and researcher (1938–2009)"
Q5250630,"Deepika Singh",1989-07-26,,22,PRESENT,"Indian actress"
Q107803283,"Payal Kapadia",1986-01-04,,22,PRESENT,"Indian filmmaker"
Q122904975,"Sarabjot Singh",2001-09-30,,22,PRESENT,"Indian sport shooter"
Q330889,"Silambarasan TR",1984-02-03,,21,PRESENT,"Indian actor, director, producer and singer (born 1984)"
Q82071,"Firaq Gorakhpuri",1896-08-28,1982-03-03,21,PRESENT,"Urdu author (1896-1982)"
Q541662,"Savitri Jindal",1950-03-20,,21,PRESENT,"Indian Business Woman And Female politician"
Q265902,"Tirumalai Krishnamacharya",1888-11-18,1989-02-28,21,PRESENT,"Yogi (1888-1989)"
Q157901,"Reena Roy",1957-01-07,,21,PRESENT,"Indian actress"
Q277575,"Pankaj Mishra",1969-02-09,,21,PRESENT,"Indian writer"
Q726244,"Ashoke Sen",1956-07-15,,21,PRESENT,"Indian physicist"
Q720315,"Chetan Anand",1915-01-03,1997-07-06,21,PRESENT,"Hindi film producer, screenwriter and director (1915–1997)"
Q313515,"Salman Khurshid",1953-01-01,,21,PRESENT,"Indian politician, born 1953"
Q450277,"Raman Parimala",1948-11-21,,21,PRESENT,"Indian mathematician"
Q5434715,"Farah",1988-10-18,,21,PRESENT,"India actress"
Q983595,"Sharath Kamal",1982-07-12,,21,PRESENT,"Indian table tennis player"
Q970456,"Koena Mitra",1984-01-07,,21,PRESENT,"Indian model and actress"
Q982295,"Chidambaram Subramaniam",1910-01-30,2000-11-07,21,PRESENT,"Indian politician (1910-2000)"
Q6113138,"Priyanka Kothari",1983-11-30,,21,PRESENT,"Indian actress"
Q6122272,"Jagdeep",1939-03-29,2020-07-08,21,PRESENT,"Indian actor (1939-2020)"
Q5673882,"Harshdeep Kaur",1986-12-16,,21,PRESENT,"Indian singer"
Q1280678,"Manilal Gandhi",1892-10-28,1956-04-04,21,PRESENT,"Indian activist"
Q1226328,"Dinesh D'Souza",1961-04-25,,21,PRESENT,"Indian-American political commentator (born 1961)"
Q1392049,"Alla Rakha",1919-04-29,2000-02-03,21,PRESENT,"Indian tabla player (1919–2000)"
Q6716074,"Rohit Shetty",1974-03-14,,21,PRESENT,"Indian film director and producer"
Q6480386,"Lalita Lajmi",1932-10-17,2023-02-13,21,PRESENT,"Indian painter (1932–2023)"
Q1391295,"Kailash Kher",1973-07-07,,21,PRESENT,"Indian pop-rock singer"
Q1471625,"Jagjivan Ram",1908-04-05,1986-07-06,21,PRESENT,"Indian independence activist and politician (1908-1986)"
Q6893331,"Mohammed Shahid",1960-04-14,2016-07-20,21,PRESENT,"former field hockey player from India (1960-2016)"
Q6897722,"Mona Singh",1981-10-08,,21,PRESENT,"Indian actress"
Q6986921,"Neera Tanden",1970-09-10,,21,PRESENT,"American political consultant (born 1970)"
Q1806284,"Jaipal Singh",1903-01-03,1970-03-20,21,PRESENT,"Field Hockey player and political leader (1903-1970)"
Q6960908,"Nalini Bala Devi",1898-03-23,1977-12-24,21,PRESENT,"Assamese-language Indian poet"
Q7040243,"Nisha Aggarwal",1989-04-27,,21,PRESENT,"Indian actress"
Q7089335,"Om Birla",1962-12-04,,21,PRESENT,"Speaker of the Lok Sabha"
Q7126627,"Palak Muchhal",1994-03-30,,21,PRESENT,"Indian singer"
Q7161834,"Pema Khandu",1979-08-21,,21,PRESENT,"Indian politician (born 1979)"
Q2030134,"Shiva Thapa",1993-12-08,,21,PRESENT,"Indian boxer"
Q7238254,"Esther Victoria Abraham",1916-12-30,2006-08-06,21,PRESENT,"Winner of the Miss India contest, actress, film producer and film distributor (1916–2006)"
Q7259368,"Pulkit Samrat",1983-12-29,,21,PRESENT,"Indian actor"
Q2127253,"Raghunath Murmu",1905-05-05,1982-02-01,21,PRESENT,"Inventor of Ol Chiki script, writer and linguist (1905–1982)"
Q7286234,"Rajiv Kapoor",1962-08-25,2021-02-09,21,PRESENT,"Indian actor (1962–2021)"
Q7292990,"Rani Rampal",1994-12-04,,21,PRESENT,"Indian field hockey player"
Q7310608,"Rekha Bhardwaj",1964-01-23,,21,PRESENT,"Indian singer"
Q7296669,"Ravi Teja",1962-01-26,,21,PRESENT,"Telugu Actor"
Q7296776,"Ravish Kumar",1974-12-05,,21,PRESENT,"Indian journalist"
Q2426558,"Jasraj",1930-01-28,2020-08-17,21,PRESENT,"Indian classical singer (1930–2020)"
Q2475703,"Pawan Kumar Chamling",1950-09-22,,21,PRESENT,"Indian politician"
Q2722635,"Damodar Dharmananda Kosambi",1907-05-31,1966-06-29,21,PRESENT,"Indian mathematician (*1907 - †1966)"
Q7496767,"Shilpa Shirodkar",1969-11-20,,21,PRESENT,"Indian actress"
Q7505879,"Shweta Prasad",1991-10-10,,21,PRESENT,"Indian actress"
Q7505949,"Shyama",1935-06-07,2017-11-14,21,PRESENT,"Indian actress"
Q2737017,"Mahendra Kapoor",1934-01-09,2008-09-27,21,PRESENT,"Indian singer (1934–2008)"
Q2741772,"P. A. Sangma",1947-09-01,2016-03-04,21,PRESENT,"former speaker of the Lok Sabha (1947-2016)"
Q2787402,"Haldhar Nag",1950-03-31,,21,PRESENT,"Indian poet"
Q7647021,"Surveen Chawla",1984-08-08,,21,PRESENT,"Indian actress"
Q7650495,"Suvendu Adhikari",1970-12-15,,21,PRESENT,"Chief Minister of West Bengal"
Q2850189,"Anita Nair",1966-01-26,,21,PRESENT,"Indian writer"
Q3057324,"Hrishitaa Bhatt",1981-05-10,,21,PRESENT,"Indian actress"
Q3065916,"Rakeysh Omprakash Mehra",1963-07-07,,21,PRESENT,"Indian film director"
Q3092199,"Udita Goswami",1984-02-09,,21,PRESENT,"Indian actress"
Q3112826,"Govind Nihalani",1940-12-19,,21,PRESENT,"Indian film director"
Q3121114,"Satish Kaushik",1956-04-13,2023-03-09,21,PRESENT,"Indian film actor and director"
Q10352345,"Prabhat Rainjan Sarkar",1921-05-21,1990-10-21,21,PRESENT,"Indian spiritual Guru, philosopher, social reformer and composer (1921–1990)"
Q11457118,"Amruta Subhash",1979-05-13,,21,PRESENT,"Indian actress"
Q3182884,"Sarojini Sahoo",1956-01-04,,21,PRESENT,"Indian (Odia) Writer"
Q3272944,"Neha Bhasin",1982-11-18,,21,PRESENT,"Indian singer"
Q12068847,"Isha Sharvani",1984-09-29,,21,PRESENT,"Indian actress"
Q3345095,"Mohammad Azharuddin",1963-02-08,,21,PRESENT,"Indian cricket player"
Q13112819,"Nalini Malani",1946-02-19,,21,PRESENT,"contemporary Indian artist (born 1946)"
Q13112928,"Nivetha Tharseth",1994-11-03,,21,PRESENT,"Indian actress"
Q13422431,"Arunima Sinha",1988-07-20,,21,PRESENT,"World's first female amputee to climb Mount Everest"
Q3347911,"Kamaladevi Chattopadhyay",1903-04-03,1988-10-29,21,PRESENT,"Indian freedom fighter and social reformer (1903-1988)"
Q15618447,"Aishwarya Rajesh",1990-01-10,,21,PRESENT,"Indian actress"
Q3429995,"Bhanumati Ramakrishna",1925-09-07,2005-12-24,21,PRESENT,"South Indian actress, singer and writer"
Q3497323,"Kunal Khemu",1983-05-25,,21,PRESENT,"Indian actor"
Q3518502,"Ravi Shastri",1962-05-27,,21,PRESENT,"Indian cricket coach, former player and commentator"
Q16586250,"Kalpana Patowary",1978-10-27,,21,PRESENT,"Indian singer"
Q17352184,"Deepa Malik",1970-09-30,,21,PRESENT,"Indian swimmer, biker and athlete"
Q3521068,"B. Saroja Devi",1938-01-07,2025-07-14,21,PRESENT,"Indian actress"
Q3521977,"Nassar",1958-03-05,,21,PRESENT,"Indian film actor, director"
Q20630532,"Rana Ayyub",1984-05-01,,21,PRESENT,"Indian Journalist"
Q3595148,"Shwetha Menon",1974-04-23,,21,PRESENT,"Indian model, film actress and television anchor"
Q3595180,"Irawati Karve",1905-12-15,1970-08-11,21,PRESENT,"Indian sociologist, anthropologist, educationist, and writer (1905-1970)"
Q3595454,"Jamini Roy",1887-04-11,1972-04-24,21,PRESENT,"Indian artist (1887-1972)"
Q24851854,"Megha Akash",1995-10-26,,21,PRESENT,"Indian actress (born 1995)"
Q3595480,"Raj Babbar",1952-06-23,,21,PRESENT,"Indian actor and politician (born 1952)"
Q3595538,"Charmy Kaur",1987-05-17,,21,PRESENT,"Indian film actress and producer"
Q3595832,"Monica Bedi",1975-01-18,,21,PRESENT,"Indian Actress, Television Presenter & Contestant"
Q3629875,"J. B. Kripalani",1888-11-11,1982-03-19,21,PRESENT,"Indian politician (1888–1982)"
Q3633286,"Renuka Shahane",1966-10-07,,21,PRESENT,"Indian actress"
Q28916626,"Bhawana Kanth",1992-12-01,,21,PRESENT,"1st Indian female fighter pilot"
Q3634967,"Kitu Gidwani",1967-10-22,,21,PRESENT,"Indian actress and model"
Q43013505,"Amit Rohidas",1993-05-10,,21,PRESENT,"Indian field hockey player"
Q3763980,"Raaj Kumar",1920-10-08,1996-07-03,21,PRESENT,"Indian actor (1926-1996)"
Q3694565,"Shivakumara Swamiji",1907-04-01,2019-01-21,21,PRESENT,"Indian saint (1907–2019)"
Q3694931,"Gurdas Maan",1957-01-04,,21,PRESENT,"Indian actor, singer and writer"
Q3785692,"Himani Shivpuri",1960-10-24,,21,PRESENT,"Indian actress"
Q4396739,"Ronit Roy",1965-10-11,,21,PRESENT,"Indian actor"
Q4661511,"Aamna Sharif",1982-07-16,,21,PRESENT,"Indian actress (born 1982)"
Q4777684,"Anu Aggarwal",1969-01-11,,21,PRESENT,"model and actress"
Q26370,"Raja Ramanna",1925-01-28,2004-09-24,21,PRESENT,"Indian nuclear scientist (1925-2004)"
Q4794148,"Muthulakshmi Reddy",1886-07-30,1968-07-22,21,PRESENT,"Indian physician and legislator"
Q4806201,"Ashwini Kalsekar",1970-01-22,,21,PRESENT,"Indian actress"
Q66580063,"Netha Hussain",1990-06-11,,21,PRESENT,"Indian physician, researcher and Wikimedian"
Q5246375,"S. L. Bhyrappa",1931-08-20,2025-09-24,21,PRESENT,"Indian novelist.philosopher and screenwriter"
Q142613,"Cheteshwar Pujara",1988-01-25,,20,PRESENT,"Indian cricket player"
Q137669,"Ajinkya Rahane",1988-06-05,,20,PRESENT,"Indian cricketer"
Q258005,"Arvind Swamy",1970-06-18,,20,PRESENT,"Indian film actor, model, entrepreneur, and television presenter"
Q465036,"Aparna Popat",1978-01-18,,20,PRESENT,"Indian badminton player"
Q354051,"Sooraj R. Barjatya",1965-05-22,,20,PRESENT,"Indian film director"
Q371180,"Krishnan Sasikiran",1981-01-07,,20,PRESENT,"chess player"
Q382683,"Prince Manvendra Singh Gohil of Rajpipla",1965-09-23,,20,PRESENT,"Member of the royal family of Rajpipla, LGBT rights activist"
Q467189,"Nandini Satpathy",1931-06-09,2006-08-04,20,PRESENT,"politician from Odisha, India (1931-2006)"
Q422838,"Surinder Kaur",1929-11-25,2006-06-14,20,PRESENT,"Indian singer (1929-2006)"
Q423541,"U. G. Krishnamurti",1918-07-09,2007-03-22,20,PRESENT,"Indian philosopher (1918–2007)"
Q674337,"Naushad",1919-12-25,2006-05-05,20,PRESENT,"Indian composer (1919–2006)"
Q677439,"Kulbhushan Kharbanda",1944-10-21,,20,PRESENT,"Indian actor"
Q477710,"Amrita Bakshi",1987-05-12,,20,PRESENT,"Indian actress"
Q962572,"Victor Banerjee",1946-10-15,,20,PRESENT,"Indian actor"
Q5436156,"Farooq Sheikh",1948-03-25,2013-12-28,20,PRESENT,"Indian actor (1948-2013)"
Q982828,"Nirad C. Chaudhuri",1897-11-23,1999-08-01,20,PRESENT,"Indian Bengali−English writer and man of letters (1897–1999)"
Q929711,"Manuel Aaron",1935-12-30,,20,PRESENT,"Indian chess player"
Q940858,"Tapan Sinha",1924-10-22,2009-01-15,20,PRESENT,"Indian film director (1924–2009)"
Q5429508,"Fahadh Faasil",1982-08-08,,20,PRESENT,"Indian film actor"
Q967521,"Simon Pimenta",1920-03-01,2013-07-19,20,PRESENT,"Catholic cardinal (1920-2013)"
Q971475,"Joseph Galibardy",1915-01-10,2011-05-17,20,PRESENT,"field hockey player (1915–2011)"
Q982813,"Sharad Pawar",1940-12-12,,20,PRESENT,"Indian politician (born 1940)"
Q918843,"Harbhajan Singh Yogi",1929-08-26,2004-10-06,20,PRESENT,"Indian-American Sikh Yogi (1929-2004)"
Q5277861,"Dina Pathak",1922-03-04,2002-10-11,20,PRESENT,"Indian actress (1922-2002)"
Q1250743,"Adnan Sami",1973-08-15,,20,PRESENT,"Indian musician"
Q1190782,"Maithili Sharan Gupt",1886-08-03,1964-12-12,20,PRESENT,"Indian poet and one of the pioneers of modern Hindi literature(1886-1964)"
Q1273532,"E. M. S. Namboodiripad",1909-06-13,1998-03-19,20,PRESENT,"Indian communist politician and theorist and first Chief Minister of Kerala state (1909-1998)"
Q1380200,"Valerian Gracias",1900-10-23,1978-09-11,20,PRESENT,"Catholic cardinal (1901–1978)"
Q1391321,"Jayachamarajendra Wadiyar",1919-07-18,1974-09-23,20,PRESENT,"writer and twenty-fifth Maharaja of Mysore (1919-1974)"
Q6379289,"Kavita Kaushik",1981-02-15,,20,PRESENT,"Indian actress"
Q6516344,"Leena Jumani",1983-07-16,,20,PRESENT,"Indian actress and model"
Q6479880,"Lakshmi Menon",1996-05-19,,20,PRESENT,"actress"
Q5768775,"Hira Devi Waiba",1940-09-09,2011-01-19,20,PRESENT,"Indian singer (1940–2011)"
Q6416209,"Kirti Kulhari",1985-05-30,,20,PRESENT,"Indian actress"
Q6437416,"Krishna Hutheesing",1907-11-02,1967-11-09,20,PRESENT,"Indian writer"
Q6809083,"Meghna Naidu",1978-09-19,,20,PRESENT,"Indian actress"
Q6933592,"Mukta Barve",1979-05-17,,20,PRESENT,"Indian actress"
Q6502376,"Lavanya Tripathi",1990-12-15,,20,PRESENT,"Indian actress"
Q6956742,"Nabaneeta Dev Sen",1938-01-13,2019-11-07,20,PRESENT,"Indian poet (1938-2019)"
Q1756148,"Chekrovolü Swüro",1982-11-21,,20,PRESENT,"Indian archer"
Q1706514,"Tarundeep Rai",1984-02-22,,20,PRESENT,"Indian archer"
Q1791448,"Kuldip Nayar",1923-08-14,2018-08-23,20,PRESENT,"Indian author and journalist (1923-2018)"
Q7041296,"Nitin",1983-03-30,,20,PRESENT,"Indian actor"
Q2038634,"U. Srinivas",1969-02-28,2014-09-19,20,PRESENT,"Indian musician (1969–2014)"
Q2051231,"Hariharan",1955-04-03,,20,PRESENT,"Indian playback singer"
Q7245925,"Pritam Kotal",1993-09-08,,20,PRESENT,"Indian association football player"
Q2224334,"Rameshwari Nehru",1886-12-10,1966-11-08,20,PRESENT,"Indian social worker (1886–1966)"
Q2117321,"Kishori Amonkar",1932-04-10,2017-04-03,20,PRESENT,"Indian classical singer (1932–2017)"
Q7289394,"Ramesh Chandra Majumdar",1888-12-04,1980-02-11,20,PRESENT,"Indian historian and academic (1888–1980)"
Q7293098,"Ranjan Gogoi",1954-11-18,,20,PRESENT,"46th Chief Justice of India"
Q7320299,"Rhea Kapoor",1987-03-05,,20,PRESENT,"Indian film producer"
Q2508461,"Zaheer Khan",1978-10-07,,20,PRESENT,"Indian cricketer"
Q7387554,"S. J. Surya",1968-07-20,,20,PRESENT,"Indian actor and film director"
Q7416173,"Sandesh Jhingan",1993-07-21,,20,PRESENT,"Indian association football player"
Q2633253,"Kumar Pallana",1918-12-23,2013-10-10,20,PRESENT,"Indian actor (1918-2013)"
Q2659798,"David Frawley",1950-09-21,,20,PRESENT,"American Hindu teacher"
Q7427518,"Saurabh Shukla",1963-03-05,,20,PRESENT,"Indian film and television actor, director, and screenwriter"
Q7489926,"Sharmila Rege",1964-10-07,2013-07-13,20,PRESENT,"Indian sociologist"
Q7496763,"Shilpa Rao",1984-04-11,,20,PRESENT,"Indian singer"
Q2735277,"Prem Nazir",1929-12-16,1989-01-16,20,PRESENT,"Indian actor (1929–1989)"
Q7531710,"Sitaram Yechury",1952-08-12,2024-09-12,20,PRESENT,"Indian politician (1952–2024)"
Q2742292,"Vishal Bhardwaj",1965-08-04,,20,PRESENT,"Indian film director, screenwriter and composer"
Q2745297,"Robin Uthappa",1984-11-11,,20,PRESENT,"Indian cricketer"
Q2748525,"Amjad Ali Khan",1945-10-09,,20,PRESENT,"Indian musician"
Q7684426,"Tapan Kumar Pradhan",1972-10-22,,20,PRESENT,"Indian writer"
Q2880506,"M. Balamuralikrishna",1930-07-06,2016-11-22,20,PRESENT,"Indian Carnatic vocalist"
Q2926155,"Nalini Jaywant",1926-02-18,2010-12-24,20,PRESENT,"Indian actress"
Q7808398,"Tinnu Anand",1953-05-04,,20,PRESENT,"Indian actor, writer and director (b. 1945)"
Q7852394,"Tulsi Kumar",1986-03-15,,20,PRESENT,"Indian singer"
Q7928181,"Vidya Sinha",1947-11-15,2019-08-15,20,PRESENT,"Indian actress (1947-2019)"
Q3154342,"Irfan Habib",1931-08-12,,20,PRESENT,"Indian Marxist historian"
Q3177430,"Khashaba Dadasaheb Jadhav",1926-01-15,1984-08-14,20,PRESENT,"Olympic wrestler (1926-1984)"
Q3210225,"Asaduddin Owaisi",1969-05-13,,20,PRESENT,"Indian politician"
Q12420576,"Kedarnath Singh",1934-07-07,2018-03-19,20,PRESENT,"Indian writer"
Q3346448,"Shaan",1972-09-30,,20,PRESENT,"Indian playback singer"
Q15146765,"Rohini Godbole",1952-11-12,2024-10-25,20,PRESENT,"Indian physicist (1952–2024)"
Q3401298,"Prakash Jha",1952-02-27,,20,PRESENT,"Indian film director and producer (born 1952)"
Q3489680,"Gulshan Grover",1955-09-21,,20,PRESENT,"Indian film actor and producer"
Q16154549,"Harsimrat Kaur Badal",1966-07-25,,20,PRESENT,"Politician from Punjab, India"
Q16202335,"Fathima Shetty",2003-09-21,,20,PRESENT,"Indian actress"
Q16213761,"Jyotiraditya Scindia",1971-01-01,,20,PRESENT,"Indian politician"
Q16225109,"Axar Patel",1994-01-20,,20,PRESENT,"Indian cricketer"
Q16255603,"Avneet Kaur",2001-10-13,,20,PRESENT,"Indian actress"
Q3521226,"Khushbu Sundar",1970-09-29,,20,PRESENT,"Indian politician, actress, producer (born 1970)"
Q17421761,"Apurvi Chandela",1993-01-04,,20,PRESENT,"Indian sport shooter"
Q3522039,"Raadhika Sarathkumar",1962-08-21,,20,PRESENT,"Indian actress"
Q3522148,"Soundarya Rajinikanth",1984-09-20,,20,PRESENT,"Indian film director"
Q18705305,"Shreyas Iyer",1994-12-06,,20,PRESENT,"Indian cricketer"
Q3524779,"Udhayanidhi Stalin",1976-11-27,,20,PRESENT,"Indian politician (born 1977)"
Q3526852,"Jhulan Goswami",1983-11-25,,20,PRESENT,"Indian women cricketer"
Q19609660,"Badshah",1985-11-19,,20,PRESENT,"Indian rapper and singer"
Q3531971,"Y. S. Jaganmohan Reddy",1972-12-21,,20,PRESENT,"17th and former Chief Minister of Andhra Pradesh"
Q3535989,"V. N. Janaki",1923-11-30,1996-05-19,20,PRESENT,"Indian actress and Former Chief minister of Tamil Nadu (1924-1996)"
Q20649445,"Pragya Jaiswal",1991-01-12,,20,PRESENT,"Indian actress"
Q20740874,"Wamiqa Gabbi",1993-09-29,,20,PRESENT,"Indian actress"
Q3595131,"Ghulam Nabi Azad",1949-03-07,,20,PRESENT,"Indian politician"
Q21293239,"Mangala Narlikar",1943-05-17,2023-07-17,20,PRESENT,"Indian mathematician"
Q21622838,"Deepti Sharma",1997-08-24,,20,PRESENT,"Indian woman cricketer"
Q22958059,"Mehreen Pirzada",1995-11-05,,20,PRESENT,"Indian actress"
Q23760881,"Tejasswi Prakash",1992-06-10,,20,PRESENT,"Indian television actress"
Q3595449,"Ashmit Patel",1978-01-13,,20,PRESENT,"Indian actor"
Q3595455,"Suresh Oberoi",1946-12-17,,20,PRESENT,"Indian actor"
Q3595529,"Vijayashanti",1966-06-24,,20,PRESENT,"Indian actress, film producer and politician"
Q3595578,"Protima Bedi",1948-10-12,1998-08-18,20,PRESENT,"Indian model and dancer (1948-1998)"
Q26689623,"Surbhi Chandna",1989-09-11,,20,PRESENT,"Indian actress"
Q3632513,"Sulakshana Pandit",1954-07-12,2025-11-06,20,PRESENT,"Indian actress"
Q3633236,"Amarinder Singh",1942-03-11,,20,PRESENT,"Politician from Punjab, India"
Q33082994,"Swapna Barman",1996-10-29,,20,PRESENT,"Indian athlete"
Q3634346,"Uddhav Thackeray",1960-07-27,,20,PRESENT,"Indian politician (born 1960)"
Q43396404,"Nikita Dutta",1993-11-13,,20,PRESENT,"Indian television actress"
Q48459207,"Priya Prakash Varrier",1999-10-28,,20,PRESENT,"Indian actress (1999-present)"
Q4699794,"Ajit Pal Singh",1947-04-01,,20,PRESENT,"captain of 1975 Hockey World Cup Champion Indian team"
Q4746891,"Amit Trivedi",1979-07-11,,20,PRESENT,"Indian film score composer, music director, singer and lyricist"
Q4748678,"Amrita Puri",1983-08-20,,20,PRESENT,"Indian actress"
Q10233,"VVS Laxman",1974-11-01,,20,PRESENT,"Indian cricketer"
Q12817,"Probal Dasgupta",1953-09-19,2026-06-01,20,PRESENT,"former president of the Universala Esperanto-Asocio"
Q4802220,"Arundathi Nag",1956-07-06,,20,PRESENT,"Indian actress, theatre personality"
Q4806202,"Ashwini Chidananda Akkunji",1987-10-07,,20,PRESENT,"Indian sprinter"
Q4865910,"Mohit Sehgal",1984-08-21,,20,PRESENT,"Indian actor"
Q4857029,"Banoo Jehangir Coyaji",1918-08-22,2004-07-15,20,PRESENT,"Indian physician"
Q4901322,"Bharti Singh",1984-07-03,,20,PRESENT,"Indian stage comedian queen and host"
Q5208551,"Venkatesh Daggubati",1960-12-13,,20,PRESENT,"Indian actor"
Q81878478,"Shehnaaz Kaur Gill",1994-01-27,,20,PRESENT,"Indian actress, model, singer and producer"
Q124670652,"Shubhanshu Shukla",1985-10-10,,20,PRESENT,"Indian test pilot and astronaut"
Q128982903,"Rachel Gupta",2004-01-23,,20,PRESENT,"Indian model and beauty queen"
Q58157,"K. R. Meera",1970-02-19,,20,PRESENT,"Indian writer"
Q112130,"Monisha Kaltenborn",1971-05-10,,19,PRESENT,"Formula One executive"
Q553898,"Vikas Krishan Yadav",1992-02-10,,19,PRESENT,"Indian boxer"
Q541539,"Renuka Chowdhury",1954-08-13,,19,PRESENT,"former Union Minister of India and Member of Rajya Sabha"
Q245862,"Vaibhavi Merchant",1975-12-17,,19,PRESENT,"Indian actress and choreographer"
Q630736,"Goutam Ghose",1950-07-24,,19,PRESENT,"Indian film director, music director and cinematographer"
Q277699,"Ambika",1963-08-16,,19,PRESENT,"Indian actress"
Q684845,"Asaf Ali",1888-05-11,1953-04-01,19,PRESENT,"Indian politician (1888-1953)"
Q608129,"Antony Padiyara",1921-02-11,2000-03-23,19,PRESENT,"First Major Archbishop of the Syro-Malabar Church"
Q592639,"Francis Chullikatt",1953-03-20,,19,PRESENT,"Roman Catholic archbishop"
Q382760,"Narinder Singh Kapany",1926-10-12,2020-12-04,19,PRESENT,"Indian physicist (1926-2020)"
Q435478,"Bhama Srinivasan",1935-04-22,2025-11-06,19,PRESENT,"Indian-American mathematician"
Q467693,"Manorama",1937-05-26,2015-10-10,19,PRESENT,"Indian actress (1937–2015)"
Q734521,"Rajmohan Gandhi",1935-08-07,,19,PRESENT,"Indian historian, biographer and academic (born 1935)"
Q791030,"Avinash Dixit",1944-08-06,,19,PRESENT,"American economist"
Q539237,"Sheela",1942-03-22,,19,PRESENT,"Indian actress born in 1942"
Q5289331,"Dolly Guleria",1949-04-14,,19,PRESENT,"Indian singer"
Q325393,"Satish Dhawan",1920-09-25,2002-01-03,19,PRESENT,"former ISRO Chairman"
Q931648,"Keshav Dutt",1925-12-29,2021-07-07,19,PRESENT,"Indian Field hockey player (1925–2021)"
Q5529942,"Geeta Basra",1984-03-13,,19,PRESENT,"British actress"
Q1068582,"Phanishwar Nath 'Renu'",1921-03-04,1977-04-11,19,PRESENT,"Indian writer and activist (1921-1977)"
Q6026922,"Indrani Haldar",1971-01-06,,19,PRESENT,"Indian actress"
Q929422,"Vinay Pathak",1968-07-12,,19,PRESENT,"Indian actor"
Q1148472,"Yashpal",1903-12-03,1976-12-26,19,PRESENT,"Hindi writer (1903–1976)"
Q5620175,"Gurmeet Ram Rahim Singh",1967-08-15,,19,PRESENT,"social reformer, preacher, and spiritual master"
Q994657,"Boney Kapoor",1953-11-11,,19,PRESENT,"Indian film producer"
Q984672,"Udham Singh",1928-08-04,2000-03-23,19,PRESENT,"field hockey player (1928-2000)"
Q6440772,"Kshama Sawant",1973-10-15,,19,PRESENT,"American politician and economist"
Q6444155,"Kunal Ganjawala",1972-04-14,,19,PRESENT,"Indian singer"
Q1294713,"Abhay Ashtekar",1949-07-05,,19,PRESENT,"Indian physicist"
Q6323697,"K.P.A.C. Lalitha",1948-02-25,2022-02-22,19,PRESENT,"Indian actress"
Q1395417,"Vilayat Khan",1928-08-28,2004-03-13,19,PRESENT,"Indian musician (1928–2004)"
Q1568679,"Shashi Deshpande",1938-08-19,,19,PRESENT,"Indian writer"
Q6437374,"Krushna Abhishek",1983-05-30,,19,PRESENT,"Indian film actor and comedian"
Q6727522,"Madhura Naik",1987-07-19,,19,PRESENT,"Indian actress"
Q6933443,"Mukesh Rishi",1956-04-19,,19,PRESENT,"Indian actor"
Q6919076,"Mouma Das",1984-02-24,,19,PRESENT,"Indian table tennis player"
Q1397957,"Noor Hassanali",1918-08-13,2006-08-25,19,PRESENT,"former President of Trinidad and Tobago (1918-2006)"
Q6986807,"Neelima Azeem",1959-12-02,,19,PRESENT,"Indian actress"
Q6961382,"Nambi Narayanan",1941-12-12,,19,PRESENT,"Indian aerospace scientist (born 1941)"
Q1810136,"Roop Singh",1910-09-08,1977-12-16,19,PRESENT,"field hockey player"
Q1850695,"Ahmed Patel",1949-08-21,2020-11-25,19,PRESENT,"Indian politician (1949–2020)"
Q1887901,"Mani Kaul",1944-12-25,2011-07-06,19,PRESENT,"Indian film director of Hindi films (1944-2011)"
Q7090148,"Omi Vaidya",1982-01-10,,19,PRESENT,"Indian actor"
Q1963905,"Najma Heptulla",1940-04-13,,19,PRESENT,"Indian politician"
Q1993428,"Nirmal Verma",1929-04-03,2005-10-25,19,PRESENT,"Indian writer (1929–2005)"
Q2003547,"Sidharth Shukla",1980-12-12,2021-09-02,19,PRESENT,"actor, model and host (1980–2021)"
Q2038037,"Cyrus Pallonji Mistry",1968-07-04,2022-09-04,19,PRESENT,"Indian businessman (1968–2022)"
Q2051336,"Vani Jairam",1945-11-30,2023-02-04,19,PRESENT,"Indian singer (1945–2023)"
Q2087833,"Nek Chand Saini",1924-12-15,2015-06-12,19,PRESENT,"Indian artist, known for building the Rock Garden of Chandigarh (1924-2015)"
Q7280244,"Radhika Pandit",1984-03-07,,19,PRESENT,"Indian actress (born 1984)"
Q2265225,"Gul Mohammed",1957-02-15,1997-10-01,19,PRESENT,"shortest adult human (1957–1997)"
Q7299451,"Raza Murad",1950-11-23,,19,PRESENT,"Indian actor"
Q7312034,"Remo D'Souza",1974-04-02,,19,PRESENT,"Indian choreographer, actor and film director"
Q7397582,"Sadashiv Amrapurkar",1950-05-11,2014-11-03,19,PRESENT,"Indian actor (1950–2014)"
Q2604936,"Murli Manohar Joshi",1934-01-05,,19,PRESENT,"Indian politician"
Q7420682,"Santosh Yadav",1967-10-10,,19,PRESENT,"Indian mountain climber"
Q7421671,"Sara Khan",1989-08-06,,19,PRESENT,"Indian television actress (born 1989)"
Q7424473,"Saroo Brierley",1981-06-15,,19,PRESENT,"Australian writer (born 1981)"
Q7488743,"Shankha Ghosh",1932-02-05,2021-04-21,19,PRESENT,"Indian Bengali poet, literary critic and educator (1932-2021)"
Q7489431,"Sharat Saxena",1950-08-17,,19,PRESENT,"Indian actor"
Q7493148,"Sheila Sri Prakash",1955-07-06,,19,PRESENT,"Indian architect"
Q2726196,"Shreyas Talpade",1976-01-27,,19,PRESENT,"Indian actor, director, and producer (born 1976)"
Q7561685,"Sonia Agarwal",1982-03-28,,19,PRESENT,"Film actress and model"
Q2745300,"Bade Ghulam Ali Khan",1902-04-02,1968-04-23,19,PRESENT,"Indian singer (1902-1968)"
Q7653917,"Swaroop Sampat",1958-11-03,,19,PRESENT,"Indian actress"
Q2995789,"Ajit Cour",1934-11-16,,19,PRESENT,"Indian writer"
Q3012414,"Dalip Tahil",1952-10-30,,19,PRESENT,"Indian actor"
Q7814774,"Tom Alter",1950-06-22,2017-09-29,19,PRESENT,"Indian actor (1950–2017)"
Q7877236,"Udupi Ramachandra Rao",1932-03-10,2017-07-24,19,PRESENT,"Indian space scientist (1932–2017)"
Q3021147,"Deepak Tijori",1961-08-28,,19,PRESENT,"Indian film actor and director"
Q7901884,"Usha Mehta",1920-03-25,2000-08-11,19,PRESENT,"Indian freedom fighter (1920–2000)"
Q7917979,"Vedhika Kumar",1988-02-21,,19,PRESENT,"Indian actress"
Q7932575,"Vinita Bali",1955-11-11,,19,PRESENT,"Indian businessperson"
Q3116411,"Jibanananda Das",1899-02-17,1954-10-22,19,PRESENT,"Bengali Poet (1899-1954)"
Q3149575,"Imtiaz Ali",1971-06-16,,19,PRESENT,"Indian film director"
Q3163288,"Jayakanthan",1934-04-24,2015-04-08,19,PRESENT,"Indian writer, journalist, filmmaker"
Q3181884,"Mallikarjun Mansur",1910-12-31,1992-09-12,19,PRESENT,"Indian singer (1910–1992)"
Q12053145,"Deepti Bhatnagar",1967-09-30,,19,PRESENT,"Indian actress"
Q3181904,"Milind Soman",1965-11-04,,19,PRESENT,"Indian actor and model (born 1965)"
Q3182985,"Johnny Walker",1926-11-11,2003-07-29,19,PRESENT,"Indian actor (1926–2003)"
Q3296450,"Yash Pal",1926-11-26,2017-07-24,19,PRESENT,"Indian physicist (1926–2017)"
Q3320678,"Yellapragada Subbarow",1895-01-12,1948-08-09,19,PRESENT,"Indian-American scientist"
Q3347330,"Gopalkrishna Gandhi",1945-11-04,,19,PRESENT,"Indian civil servant and diplomat"
Q3349817,"Debashree Roy",1961-08-08,,19,PRESENT,"Indian actress, dancer, choreographer and animal rights activist"
Q3360365,"Padma Subrahmanyam",1943-02-04,,19,PRESENT,"Indian dancer"
Q3389105,"Ami Bera",1965-03-02,,19,PRESENT,"American physician and politician"
Q3426281,"Arun Manilal Gandhi",1934-04-14,2023-05-02,19,PRESENT,"Indian-American social activist (1934–2023)"
Q15759429,"Ramkumar Ramanathan",1994-11-08,,19,PRESENT,"Indian tennis player (born 1994)"
Q3501376,"Soundarya",1972-07-18,2004-04-17,19,PRESENT,"Indian actress, producer (1972–2004)"
Q16225904,"Kuldeep Yadav",1994-12-14,,19,PRESENT,"Indian cricketer"
Q16227478,"Nikhat Zareen",1996-06-14,,19,PRESENT,"Indian boxer"
Q3520670,"Sneha",1980-10-12,,19,PRESENT,"Indian actress"
Q3520722,"Amit Mishra",1982-11-24,,19,PRESENT,"Indian cricket player (born 1982)"
Q3522701,"Mirabehn",1898-11-22,1982-07-20,19,PRESENT,"English activist of the Indian independence movement (1892-1982)"
Q3526701,"Anjum Chopra",1977-05-20,,19,PRESENT,"Indian woman cricketer"
Q3530322,"Subramanian Swamy",1939-09-15,,19,PRESENT,"Indian politician"
Q20743514,"Meher Vij",1986-09-22,,19,PRESENT,"Indian film and television actress"
Q20820990,"Sivan Kailasavadivoo",1957-04-14,,19,PRESENT,"Chairman of Indian Space Research Organisation"
Q3536892,"Arjun Sarja",1962-08-15,,19,PRESENT,"Indian actor, producer and director (born 1962)"
Q3537616,"Sadha",1984-02-17,,19,PRESENT,"Indian actress"
Q21622311,"Rishabh Pant",1997-10-04,,19,PRESENT,"Indian cricketer"
Q23022431,"Mithan Jamshed Lam",1898-03-02,1981-01-01,19,PRESENT,"Indian lawyer and womens rights activist"
Q3595327,"Sangeeta Bijlani",1960-07-09,,19,PRESENT,"Indian actress"
Q3595745,"Nirupama Rao",1950-12-06,,19,PRESENT,"Indian diplomat"
Q3595865,"Chandrashekhara Kambara",1937-01-02,,19,PRESENT,"Indian writer"
Q27610500,"Shraddha Srinath",1990-09-29,,19,PRESENT,"Indian actress"
Q3630358,"Shibu Soren",1944-01-11,2025-08-04,19,PRESENT,"Indian politician and former chief minister of Jharkhand"
Q3630368,"Bhalchandra Nemade",1938-05-27,,19,PRESENT,"Indian writer"
Q27942237,"Anirudh Thapa",1998-01-15,,19,PRESENT,"Indian association football player"
Q28222879,"Pramod Sawant",1973-04-24,,19,PRESENT,"Indian politician"
Q28831246,"Nav",1989-11-03,,19,PRESENT,"Canadian rapper, singer, and record producer (born 1989)"
Q28840013,"Shubman Gill",1999-09-08,,19,PRESENT,"Indian cricketer"
Q3633385,"Kalyan Singh",1932-01-05,2021-08-21,19,PRESENT,"Indian politician (1932–2021)"
Q46994915,"Kalyani Priyadarshan",1992-04-05,,19,PRESENT,"Indian film actress"
Q3765059,"M. M. Keeravani",1961-07-04,,19,PRESENT,"Indian music composer and singer"
Q3765263,"Shruti Seth",1977-12-18,,19,PRESENT,"Indian television actress"
Q3951197,"Sayali Bhagat",1984-01-01,,19,PRESENT,"Indian actress"
Q51226837,"Amit Panghal",1995-10-16,,19,PRESENT,"Indian amateur boxer"
Q55759824,"Sidhu Moose Wala",1993-06-11,2022-05-29,19,PRESENT,"Indian rapper, singer and composer (1993-2022)"
Q59281604,"Bibha Chowdhuri",1913-07-03,1991-07-02,19,PRESENT,"Indian cosmic ray physicist"
Q4525679,"Yasin Malik",1966-04-03,,19,PRESENT,"Kashmiri separatist leader (born 1966)"
Q4697419,"Aindrita Ray",1985-04-04,,19,PRESENT,"Indian actress"
Q4699784,"Ajit Kumar Doval",1945-01-20,,19,PRESENT,"Indian, National security advisor of India"
Q4739210,"Amala Shankar",1919-06-27,2020-07-24,19,PRESENT,"Indian dancer (1919-2020)"
Q4748736,"Amruta Khanvilkar",1984-11-23,,19,PRESENT,"Indian Hindi and Marathi films actress (born 1984)"
Q4765271,"Anirudh Ravichander",1990-10-16,,19,PRESENT,"Indian music composer"
Q4765738,"Anjali Patil",1989-09-26,,19,PRESENT,"Indian actress"
Q4777683,"Anu Aga",1942-08-03,,19,PRESENT,"Indian billionaire"
Q4777837,"Anupama Deshpande",1953-10-02,,19,PRESENT,"Indian actress"
Q4777932,"Anushka Manchanda",1985-02-11,,19,PRESENT,"Indian singer"
Q4785556,"Archana Gupta",1979-05-28,,19,PRESENT,"Indian actress"
Q4804289,"Asghar Ali Engineer",1939-03-10,2013-05-14,19,PRESENT,"Indian activist"
Q4901204,"Bharati Achrekar",1957-10-15,,19,PRESENT,"Indian actress"
Q4916194,"Birendra Lakra",1990-02-03,,19,PRESENT,"Indian field hockey player"
Q66528582,"Maithili Thakur",2000-07-25,,19,PRESENT,"Indian politician and singer"
Q5248075,"Kyra Dutt",1991-03-12,,19,PRESENT,"Indian actress"
Q106602874,"Anushka Sen",2002-08-04,,19,PRESENT,"Indian Television Actress"
Q108568167,"Renuka Singh",1996-02-01,,19,PRESENT,"Indian cricketer"
Q117768657,"Aman Sehrawat",2003-07-16,,19,PRESENT,"Indian freestyle wrestler"
Q130443420,"George Jacob Koovakad",1973-08-11,,19,PRESENT,"Indian Cardinal"
Q82066,"Kaifi Azmi",1919-01-14,2002-05-10,18,PRESENT,"Indian poet and songwriter (1919–2002)"
Q553591,"Joseph Chennoth",1943-10-13,2020-09-08,18,PRESENT,"Syro Malabar Catholic Archbishop belonging to the Archdiocese of Ernakulam (1943-2020)"
Q578135,"Manik Sarkar",1949-01-22,,18,PRESENT,"Ex Chief Minister of the Tripura"
Q278075,"Prakash Karat",1948-02-07,,18,PRESENT,"Indian politician"
Q278849,"A. K. Antony",1940-12-28,,18,PRESENT,"Indian politician"
Q666495,"Trilok Gurtu",1951-10-30,,18,PRESENT,"Indian musician"
Q277992,"Urvashi",1969-01-25,,18,PRESENT,"Indian actress"
Q275263,"Subbaraman Vijayalakshmi",1979-03-25,,18,PRESENT,"Indian chess Master"
Q724089,"U. R. Ananthamurthy",1932-12-21,2014-08-22,18,PRESENT,"Indian writer and critic in the Kannada language"
Q724152,"Sohrab Modi",1897-11-02,1984-01-28,18,PRESENT,"Indian film actor, director, producer (1897-1984)"
Q771768,"Yash Johar",1929-09-06,2004-06-26,18,PRESENT,"Indian Bollywood film producer (1929–2004)"
Q910690,"G. N. Ramachandran",1922-10-08,2001-04-07,18,PRESENT,"Indian scientist (1922-2001)"
Q863846,"Sarah-Jane Dias",1982-12-03,,18,PRESENT,"Indian actress"
Q965199,"Prem Rawat",1957-12-10,,18,PRESENT,"US-based international author and peace activist"
Q5268914,"Dhananjaya Yeshwant Chandrachud",1959-11-11,,18,PRESENT,"Chief Justice of India"
Q185403,"Manilal gandhi",1897-01-02,1969-04-14,18,PRESENT,"Gandhi family member (1892-1956)"
Q6025018,"Indira Jaising",1940-06-03,,18,PRESENT,"Indian lawyer"
Q5276803,"Dilip Joshi",1968-05-26,,18,PRESENT,"Indian film and television actor (born 1968)"
Q5765114,"Himanta Biswa Sarma",1969-02-01,,18,PRESENT,"Indian politician"
Q6163181,"Vinjamuri Anasuya Devi",1920-05-12,2019-03-23,18,PRESENT,"Indian singer (1920-2019)"
Q5439490,"Fearless Nadia",1908-01-08,1996-01-09,18,PRESENT,"Indian actress and stuntwoman (1908–1996)"
Q1102757,"Sahir Ludhianvi",1921-03-08,1980-10-25,18,PRESENT,"Indian Urdu and Hindi poet (1921–1980)"
Q1148066,"Mirza Tahir Ahmad",1928-12-18,2003-04-19,18,PRESENT,"Fourth Caliph of the Messiah (1928–2003)"
Q5698012,"Heena Sidhu",1989-08-29,,18,PRESENT,"Indian sport shooter"
Q1282992,"A. R. Murugadoss",1978-04-27,,18,PRESENT,"Indian film director"
Q6289572,"Joshna Chinappa",1986-09-15,,18,PRESENT,"Indian squash player"
Q6323562,"K. M. Beenamol",1975-08-15,,18,PRESENT,"Athletics (sport) competitor"
Q1227162,"Dipika Pallikal",1991-09-21,,18,PRESENT,"Indian squash player"
Q1388929,"Ravindra Kelekar",1925-03-07,2010-08-27,18,PRESENT,"Indian author (1925–2010) contributed in Konkani Language"
Q1301476,"Sunil Mittal",1957-10-23,,18,PRESENT,"businessperson"
Q1287413,"Kamal Nath",1946-11-18,,18,PRESENT,"Indian politician"
Q6479877,"Lakshmi Manchu",1976-10-08,,18,PRESENT,"Indian actress"
Q1407531,"Feroze Khan",1904-09-09,2005-04-20,18,PRESENT,"field hockey player (1904–2005)"
Q6747936,"Mandeep Singh",1995-01-25,,18,PRESENT,"Indian field hockey player"
Q1393283,"Manoj Kumar",1986-12-10,,18,PRESENT,"Indian boxer"
Q1562625,"H. S. Prannoy",1992-07-17,,18,PRESENT,"Indian badminton player"
Q1563710,"Manish Malhotra",1966-12-05,,18,PRESENT,"Indian fashion designer"
Q6727256,"Madhav Gadgil",1942-05-24,2026-01-07,18,PRESENT,"Indian ecologist, writer, environmental activist"
Q6750439,"Manju Warrier",1978-09-10,,18,PRESENT,"Indian actress"
Q1470413,"Manorama",1926-08-16,2008-02-15,18,PRESENT,"Indian actress (1926–2008)"
Q1390803,"Ramanand Sagar",1917-12-29,2005-12-12,18,PRESENT,"Indian film director (1917-2005)"
Q1662036,"Muzaffar Ali",1944-10-21,,18,PRESENT,"Indian film producer"
Q6929584,"Mrinal Dev-Kulkarni",1968-06-21,,18,PRESENT,"Indian actress"
Q1746795,"Irfan Pathan",1984-10-27,,18,PRESENT,"Indian cricketer"
Q1806233,"Lal Shah Bokhari",1906-01-13,1959-07-22,18,PRESENT,"field hockey player (1906–1959)"
Q6965776,"Narendra Dabholkar",1945-11-01,2013-08-20,18,PRESENT,"Indian rationalist and the founder & president of the MANS"
Q7035116,"Nikita Thukral",1981-07-06,,18,PRESENT,"Indian film actress and model"
Q7049407,"Nongthombam Biren Singh",1961-01-01,,18,PRESENT,"12th Chief Minister of Manipur"
Q7070368,"Nussrat Jahan",1990-01-08,,18,PRESENT,"Indian actress and politician"
Q1898291,"Pankaj Advani",1985-07-24,,18,PRESENT,"Indian billiards and snooker player"
Q7123843,"Padmaja Naidu",1900-11-17,1975-05-02,18,PRESENT,"Indian politician (1900–1975)"
Q2051296,"S. Janaki",1938-04-23,2026-07-11,18,PRESENT,"Indian singer"
Q7245950,"Prithipal Singh",1932-01-28,1983-05-20,18,PRESENT,"field hockey player (1932-1983)"
Q2085614,"Euphrasia Eluvathingal",1877-10-17,1952-08-29,18,PRESENT,"Indian Carmelite sister and saint (1877–1952)"
Q7261235,"Puri Jagannadh",1966-09-01,,18,PRESENT,"Indian film director"
Q2096549,"Pullela Gopichand",1973-11-16,,18,PRESENT,"badminton player and trainer"
Q7282962,"Raghbir Singh Bhola",1927-08-18,2019-01-21,18,PRESENT,"Indian field hockey player (1927-2019)"
Q7282990,"Raghubar Das",1955-05-03,,18,PRESENT,"Indian politician"
Q2220177,"Sana Saeed",1988-09-22,,18,PRESENT,"Indian actress"
Q2107426,"Prafulla Dahanukar",1934-01-01,2014-03-01,18,PRESENT,"Indian artist (1934-2014)"
Q2121029,"Anand Mahindra",1955-05-01,,18,PRESENT,"Indian businessman, born 1955"
Q7283097,"Ragini Khanna",1987-12-09,,18,PRESENT,"Indian actress"
Q7288610,"Ram Vanji Sutar",1925-02-19,2025-12-18,18,PRESENT,"Indian artist"
Q2355413,"Vallathol Narayana Menon",1878-10-16,1958-03-13,18,PRESENT,"Indian poet (1878-1958)"
Q2375810,"Svetoslav Roerich",1904-10-23,1993-01-30,18,PRESENT,"Russian artist (1904-1993)"
Q2489730,"Jeje Lalpekhlua",1991-01-07,,18,PRESENT,"Indian association football player"
Q7368842,"Roshni Chopra",1984-11-02,,18,PRESENT,"Indian actress"
Q7376141,"Rubina Dilaik",1987-08-26,,18,PRESENT,"Indian actress (born 1989)"
Q2564301,"Surendranath Dasgupta",1887-10-18,1952-12-18,18,PRESENT,"Bengali scholar of Sanskrit and philosophy (1887-1952)"
Q7399061,"Sagarika Ghatge",1986-01-08,,18,PRESENT,"Indian actress and model"
Q7404563,"Salim Khan",1935-11-24,,18,PRESENT,"Indian actor and screenwriter"
Q2600379,"Agatha Sangma",1980-07-24,,18,PRESENT,"Indian politician"
Q7418358,"Sanjay Mishra",1963-10-06,,18,PRESENT,"Indian actor"
Q7418393,"Sanjana Kapoor",1967-11-27,,18,PRESENT,"Indian actress"
Q7423486,"Sarbananda Sonowal",1962-10-31,,18,PRESENT,"Indian politician"
Q7494807,"Shereen Bhan",1976-08-20,,18,PRESENT,"Indian journalist"
Q7496760,"Ohanna Shivanand",1982-12-10,,18,PRESENT,"Indian model, film and television actress (born 1982)"
Q2723734,"Anand Bakshi",1930-07-21,2002-03-30,18,PRESENT,"Indian poet and lyricist (1930-2002)"
Q7520416,"Simone Singh",1974-11-10,,18,PRESENT,"Indian actress"
Q7521197,"Simran Kaur Mundi",1988-09-13,,18,PRESENT,"Indian actress"
Q2737220,"Vaikom Muhammad Basheer",1908-01-21,1994-07-05,18,PRESENT,"Indian author (1908–1994)"
Q7585692,"Sreejita De",1989-07-19,,18,PRESENT,"Indian actress"
Q7632914,"Suchitra Bhattacharya",1950-01-10,2015-05-12,18,PRESENT,"Indian writer"
Q2744009,"Buddhadeb Dasgupta",1944-02-11,2021-06-10,18,PRESENT,"Indian director (1944–2021)"
Q2784868,"Kaushiki Chakrabarty",1980-10-24,,18,PRESENT,"Indian classical vocalist"
Q2821596,"Abhijeet Bhattacharya",1958-10-30,,18,PRESENT,"Indian singer"
Q7645145,"Supriya Pilgaonkar",1967-08-17,,18,PRESENT,"Indian Hindi and Marathi actress"
Q7646413,"Surjit Patar",1945-01-14,2024-05-11,18,PRESENT,"Indian Punjabi language poet and writer (1945–2024)"
Q7654043,"Swati Reddy",1987-04-19,,18,PRESENT,"Indian actress"
Q7683695,"Tannishtha Chatterjee",1980-11-23,,18,PRESENT,"Indian actress"
Q2982419,"M. S. Golwalkar",1906-02-19,1973-06-05,18,PRESENT,"Second Sarsanghchalak of the Rashtriya Swayamsevak Sangh"
Q7901881,"Usha Kiran",1929-04-22,2000-03-09,18,PRESENT,"Indian actress (1929-2000)"
Q7906076,"V. K. Murthy",1923-11-26,2014-04-07,18,PRESENT,"Indian cinematographer (1923–2014)"
Q3089275,"Mahesh Manjrekar",1958-08-16,,18,PRESENT,"Indian actor"
Q7929326,"Vijayta Pandit",1967-08-25,,18,PRESENT,"Indian actress and playback singer"
Q7931340,"Vina Mazumdar",1927-03-28,2013-05-30,18,PRESENT,"Indian academic, feminist (1927-2013)"
Q3139221,"V. S. Achuthanandan",1923-10-20,2025-07-21,18,PRESENT,"Indian politician"
Q11179743,"Mambillikalathil Govind Kumar Menon",1928-08-28,2016-11-22,18,PRESENT,"Indian physicist"
Q12447893,"Motilal",1910-12-04,1965-06-17,18,PRESENT,"Indian actor (1910-1965)"
Q13114429,"Lakshmi Gopalaswamy",1970-11-07,,18,PRESENT,"Indian actress"
Q3348646,"Abul Hasan Ali Hasani Nadwi",1913-12-05,1999-12-31,18,PRESENT,"Indian Islamic scholar, thinker, author, orator and critic of Arab Nationalist (1913–1999)"
Q3348980,"Nandalal Bose",1882-12-03,1966-04-16,18,PRESENT,"Indian artist (1882-1966)"
Q3349404,"Salil Chowdhury",1925-11-19,1995-09-05,18,PRESENT,"Indian composer, poet and playwright (1925–1995)"
Q14623534,"Urjit Patel",1963-10-28,,18,PRESENT,"Indian economist"
Q3353180,"Raghbir Lal",1929-11-15,2025-04-07,18,PRESENT,"field hockey player"
Q15205490,"Ekta Bisht",1986-02-08,,18,PRESENT,"Indian woman cricketer"
Q3431100,"Nagarjun",1911-06-30,1998-11-05,18,PRESENT,"Indian writer (1911–1998)"
Q15864307,"Suryakumar Yadav",1990-09-14,,18,PRESENT,"Indian cricketer"
Q3494501,"Shiney Ahuja",1973-05-15,,18,PRESENT,"Indian film actor (born 1975)"
Q16201531,"Karanvir Bohra",1982-08-28,,18,PRESENT,"Indian actor, producer, and designer (born 1982)"
Q16201930,"Rani Chatterjee",1984-11-03,,18,PRESENT,"Indian actress"
Q16202998,"Parul Yadav",1989-06-05,,18,PRESENT,"Indian film actress, model, and producer"
Q3519755,"Mario Miranda",1926-05-02,2011-12-11,18,PRESENT,"Indian cartoonist (1926–2011)"
Q3519761,"Sam Pitroda",1942-05-04,,18,PRESENT,"Indian businessman and former adviser to the Prime Minister of India"
Q3519764,"Bishan Singh Bedi",1946-09-25,2023-10-23,18,PRESENT,"Indian cricketer (1946–2023)"
Q16240139,"Digangana Suryavanshi",1997-10-15,,18,PRESENT,"Indian actress, singer, author, lyricist"
Q3520413,"Balu Mahendra",1939-05-19,2014-02-13,18,PRESENT,"Sri Lankan born Indian film director (1939–2014)"
Q3520655,"Ananya",1987-03-29,,18,PRESENT,"Indian actress"
Q17318822,"Patralekha",1990-02-20,,18,PRESENT,"Indian actress"
Q17418774,"Vandana Kataria",1992-04-15,,18,PRESENT,"Indian field hockey player"
Q17495905,"Rupinder Pal Singh",1990-11-11,,18,PRESENT,"Indian field hockey player"
Q3522062,"Ishant Sharma",1988-09-02,,18,PRESENT,"Indian cricket player"
Q3522100,"Yusuf Pathan",1982-11-17,,18,PRESENT,"Indian cricketer"
Q18637171,"Asha Bhat",1992-09-05,,18,PRESENT,"Indian model"
Q3522878,"Suryakant Tripathi 'Nirala'",1896-02-21,1961-10-15,18,PRESENT,"Indian Hindi poet and novelist (1896–1961); pioneer of free verse in Hindi; Chhayavaad pillar"
Q3523912,"Kratika Sengar",1986-07-03,,18,PRESENT,"Indian television actress"
Q3530068,"Sukumari",1940-10-06,2013-03-26,18,PRESENT,"Indian film actress (1940–2013)"
Q19664637,"Varun Tej",1990-01-19,,18,PRESENT,"Indian film actor"
Q3530658,"Sunaina",1989-04-17,,18,PRESENT,"Indian actress"
Q19666177,"Shriya Pilgaonkar",1989-04-25,,18,PRESENT,"Indian actress"
Q19760091,"Aditi Arya",1994-09-18,,18,PRESENT,"Indian model"
Q19896188,"Deepti Sati",1989-01-29,,18,PRESENT,"Indian actress and model"
Q3536450,"K. Shivaram Karanth",1902-10-10,1997-12-09,18,PRESENT,"Indian writer (1902-1997)"
Q21070415,"Malavika Mohanan",1993-08-04,,18,PRESENT,"Indian actress"
Q3595110,"Ashutosh Rana",1967-11-10,,18,PRESENT,"Indian film actor"
Q3595194,"Shripad Amrit Dange",1899-10-10,1991-05-22,18,PRESENT,"Indian politician (1899–1991)"
Q3595202,"M. J. Akbar",1951-01-11,,18,PRESENT,"Indian journalist and politician"
Q22957833,"Anu Emmanuel",1997-03-28,,18,PRESENT,"Indian actress"
Q3595213,"Lucky Ali",1958-09-19,,18,PRESENT,"Indian musician"
Q23761458,"Mohammed Siraj",1994-03-13,,18,PRESENT,"Indian cricketer"
Q24005719,"Sneh Rana",1994-02-18,,18,PRESENT,"Indian woman cricketer"
Q3595440,"Ranvir Shorey",1972-08-18,,18,PRESENT,"Indian actor"
Q24951623,"Muhammed Anas",1994-09-17,,18,PRESENT,"Indian sprinter"
Q25681795,"Dipali Barthakur",1941-01-30,2018-12-21,18,PRESENT,"Indian singer"
Q3595617,"Kavya Madhavan",1984-09-19,,18,PRESENT,"Indian actress"
Q3595814,"Nirmala Deshpande",1929-10-19,2008-05-01,18,PRESENT,"Indian politician (1929–2008)"
Q3595873,"Shrilal Shukla",1925-12-31,2011-10-28,18,PRESENT,"Indian writer (1925–2011)"
Q3615051,"Ananya Khare",1968-03-16,,18,PRESENT,"Indian actress"
Q3626525,"Mohnish Bahl",1961-08-14,,18,PRESENT,"Indian actor"
Q27783191,"Chirag Shetty",1997-07-04,,18,PRESENT,"Indian badminton player"
Q3631381,"Bhisham Sahni",1915-08-08,2003-07-11,18,PRESENT,"Indian writer, playwright, and actor (1915-2003)"
Q3631779,"Parveen Sultana",1950-07-10,,18,PRESENT,"Indian Hindustani classical singer"
Q29588840,"Ritu Karidhal",1975-04-13,,18,PRESENT,"Indian scientist"
Q42665934,"Abhaya Hiranmayi",1989-05-24,,18,PRESENT,"Indian playback singer"
Q50825643,"Mamta Chandrakar",1958-12-03,,18,PRESENT,"folk singer and Padmasree Award winner from Chhattisgarh"
Q3848395,"Digvijaysinhji Ranjitsinhji",1895-09-18,1966-02-03,18,PRESENT,"Indian cricketer (1895-1966)"
Q4507797,"Gurmeet Choudhary",1984-02-22,,18,PRESENT,"Indian actor (born 1984)"
Q4561156,"Ebrahim Alkazi",1925-10-18,2020-08-04,18,PRESENT,"theatre director (1925–2020)"
Q4662719,"Aashka Goradia",1985-11-27,,18,PRESENT,"Indian actress"
Q4696338,"Ahsaas Channa",1999-08-05,,18,PRESENT,"Indian actress"
Q4748620,"Amrapali Dubey",1987-01-11,,18,PRESENT,"Indian actress"
Q4769639,"Annu Kapoor",1956-02-20,,18,PRESENT,"Indian actor"
Q4781922,"Rashid Khan",1968-07-01,2024-01-09,18,PRESENT,"Indian musician"
Q4784426,"Arati Saha",1940-09-24,1994-08-23,18,PRESENT,"Indian swimmer"
Q4804518,"Asha Saini",1978-09-29,,18,PRESENT,"Indian actress"
Q4805704,"Ashnoor Kaur",2004-05-04,,18,PRESENT,"Indian actress"
Q4806199,"Ashwini Bhave",1972-05-07,,18,PRESENT,"Indian actress"
Q4900935,"Bhama",1970-05-23,,18,PRESENT,"Indian actress"
Q61926955,"Abhinandan Varthaman",1983-06-21,,18,PRESENT,"officer in the Indian Air Force"
Q4969032,"Sushila Nayyar",1914-12-26,2001-01-03,18,PRESENT,"Indian politician and physician"
Q88553411,"Floyd Cardoz",1960-10-02,2020-03-25,18,PRESENT,"Indian chef and winner of Top Chef Masters (1960-2020)"
Q100275270,"Father Stanislaus Lourduswamy",1937-04-26,2021-07-05,18,PRESENT,"Indian Roman Catholic priest and tribal rights activist (1937-2021)"
Q107504678,"Avani Lekhara",2001-11-08,,18,PRESENT,"Indian sports shooter (2001–)"
Q544324,"Neha Ahuja",1981-09-27,,17,PRESENT,"Indian alpine skier"
Q93029,"Manindra Agrawal",1966-05-20,,17,PRESENT,"Indian computer scientist"
Q335337,"Ram Swarup",1920-10-12,1998-12-26,17,PRESENT,"Indian historian"
Q332876,"J. P. Dutta",1949-10-03,,17,PRESENT,"Indian film director"
Q251282,"Dipesh Chakrabarty",1948-12-15,,17,PRESENT,"Indian historian"
Q378391,"Jahnu Barua",1952-10-17,,17,PRESENT,"Indian film director"
Q402203,"Koel Mallick",1982-04-28,,17,PRESENT,"Indian actress"
Q443581,"Rushmi Chakravarthi",1977-10-09,,17,PRESENT,"Indian tennis player"
Q781236,"White Town",1966-07-30,,17,PRESENT,"British-Indian singer and musician"
Q785011,"Gemini Ganesan",1920-11-17,2005-03-22,17,PRESENT,"Indian actor (1920–2005)"
Q949606,"Sonu Kakkar",1979-10-20,,17,PRESENT,"Indian playback singer and songwriter"
Q5266851,"Deven Verma",1937-10-23,2014-12-02,17,PRESENT,"Indian actor"
Q5282198,"Disha Parmar",1994-11-11,,17,PRESENT,"Indian actress"
Q901655,"Jiiva",1983-01-04,,17,PRESENT,"Indian actor"
Q5529949,"Geeta Kapur",1973-07-05,,17,PRESENT,"Indian dancer and choreographer"
Q983454,"Mansoor Ali Khan Pataudi",1941-01-05,2011-09-22,17,PRESENT,"Indian cricket player. (1941-2011)"
Q6034248,"Ineya",1993-01-21,,17,PRESENT,"Indian actress"
Q6043141,"Nina Wadia",1968-12-18,,17,PRESENT,"British actress"
Q5279689,"Dipak Misra",1953-10-03,,17,PRESENT,"45th Chief Justice of India"
Q1148566,"Cyril Mar Baselios",1935-08-16,2007-01-18,17,PRESENT,"archbishop (1935–2007)"
Q981489,"C. K. Prahalad",1941-08-08,2010-04-16,17,PRESENT,"Indian academic (1941–2010)"
Q981811,"Muhammad Hamidullah",1908-02-19,2002-12-17,17,PRESENT,"Indian scholar and polymath (1908–2002)"
Q5529996,"Geetu Mohandas",1981-02-14,,17,PRESENT,"Indian actress"
Q1022530,"Nagesh",1933-09-27,2009-01-31,17,PRESENT,"Indian actor and comedian (1933–2009)"
Q6164378,"Jaswinder Brar",1973-09-08,,17,PRESENT,"Indian singer"
Q6167685,"Jayasudha",1958-12-17,,17,PRESENT,"Indian actress"
Q1383365,"Sanal Edamaruku",1955-05-26,,17,PRESENT,"Indian rationalist"
Q6192525,"Jijabai",1598-01-12,1674-06-17,17,PRESENT,"mother of Shivaji, founder of the Maratha Empire"
Q1360841,"Salil Shetty",1961-02-03,,17,PRESENT,"human rights campaigner"
Q1193180,"Jaishankar Prasad",1889-01-30,1937-11-15,17,PRESENT,"Indian poet, dramatist, and novelist of modern Hindi literature (1889–1937)"
Q1285090,"K. Natwar Singh",1929-05-16,2024-08-10,17,PRESENT,"Indian politician (1929–2024)"
Q1392093,"Sunil Gangopadhyay",1934-09-07,2012-10-23,17,PRESENT,"Award-winning and bestselling Bengali poet and author (1934-2012)"
Q6519907,"Leila Seth",1930-10-20,2017-05-05,17,PRESENT,"Indian judge"
Q6343602,"Kasinathuni Viswanath",1930-02-19,2023-02-02,17,PRESENT,"Indian director, screenwriter and actor"
Q5923672,"Hridaynath Mangeshkar",1937-10-26,,17,PRESENT,"Indian music director (1937-)"
Q1378557,"Randhir Singh Gentle",1922-09-22,1981-09-25,17,PRESENT,"Indian field hockey player (1922–1981)"
Q6862116,"Mimi Chakraborty",1989-02-11,,17,PRESENT,"Indian actress"
Q6880705,"Mita Vashisht",1967-11-02,,17,PRESENT,"Indian actress"
Q1580188,"Parupalli Kashyap",1986-09-08,,17,PRESENT,"badminton player from India"
Q1390822,"Jyotindra Nath Dixit",1936-01-08,2005-01-03,17,PRESENT,"Indian diplomat (1936–2005)"
Q1396281,"Sandhya Mridul",1975-03-28,,17,PRESENT,"Indian actress"
Q1397481,"Shakti Samanta",1926-01-13,2009-04-09,17,PRESENT,"film director (1926-2009)"
Q6894216,"Mohit Sharma",1988-09-18,,17,PRESENT,"Indian cricketer"
Q6505228,"Laxmi Narayan Tripathi",1979-12-13,,17,PRESENT,"Indian LGBT activist"
Q1686500,"Parkash Singh Badal",1927-12-08,2023-04-25,17,PRESENT,"Politician from Punjab, India"
Q6933441,"Mukesh Tiwari",1969-08-24,,17,PRESENT,"Indian actor"
Q1749549,"Sumalata",1963-08-27,,17,PRESENT,"Indian actress"
Q1715105,"Majrooh Sultanpuri",1919-10-01,2000-05-25,17,PRESENT,"Indian Urdu poet and Hindi language lyricist (1919-2000)"
Q1810109,"Carlyle Tapsell",1909-07-24,1975-09-06,17,PRESENT,"field hockey player (1909–1975)"
Q1896096,"Janaki Ballav Patnaik",1927-01-03,2015-04-21,17,PRESENT,"politician from Odisha, India (1927-2015)"
Q1892258,"Kamla Beniwal",1927-01-12,2024-05-15,17,PRESENT,"Indian politician"
Q7041818,"Nivin Pauly",1984-10-11,,17,PRESENT,"Indian film actor"
Q7125472,"Pakhi Hegde",1985-03-05,,17,PRESENT,"Indian actress"
Q2035098,"Jadunath Sarkar",1870-12-10,1958-05-19,17,PRESENT,"Bengali historian (1870–1958)"
Q2040478,"Raageshwari",1975-07-25,,17,PRESENT,"Indian actress and singer"
Q7228693,"Poonam Bajwa",1989-04-05,,17,PRESENT,"Indian film actress and model"
Q7228701,"Poonam Sinha",1949-11-03,,17,PRESENT,"actress"
Q2049922,"Chinmayi Sripada",1984-09-08,,17,PRESENT,"Indian singer"
Q2063696,"Y. S. Rajasekhara Reddy",1949-07-08,2009-09-02,17,PRESENT,"14th chief minister of Andhra Pradesh (1949–2009)"
Q2066255,"Fazlur Rahman Malik",1919-09-21,1988-07-26,17,PRESENT,"Pakistani philosopher (1919–1988)"
Q7238702,"Pratima Barua Pandey",1934-10-03,2002-12-27,17,PRESENT,"Indian singer (1934–2002)"
Q7239782,"Preetika Rao",1988-06-07,,17,PRESENT,"Indian actress"
Q7260123,"Puneet Issar",1958-09-12,,17,PRESENT,"Indian actor"
Q7260760,"Pupul Jayakar",1915-09-11,1997-03-29,17,PRESENT,"Indian writer (1915-1997)"
Q2097394,"Vishnuvardhan",1952-09-18,2009-12-30,17,PRESENT,"Indian actor (1950–2009)"
Q7282937,"Raghava Lawrence",1976-01-09,,17,PRESENT,"Indian choreographer, actor, director, producer, philanthropist"
Q2131422,"Raphael Thattil",1956-04-21,,17,PRESENT,"Syro-Malabar Major Archbishop"
Q7282998,"Raghubir Yadav",1957-06-25,,17,PRESENT,"Indian film, stage and television actor"
Q7283319,"Rahat Indori",1950-01-01,2020-08-11,17,PRESENT,"Indian Bollywood lyricist and Urdu poet (1950–2020)"
Q2312503,"Teesta Setalvad",1962-02-09,,17,PRESENT,"Indian activist"
Q2332619,"Nikhil Advani",1971-04-28,,17,PRESENT,"director"
Q7286105,"Rajeshwari Sachdev",1975-04-14,,17,PRESENT,"Indian actress and singer"
Q7286238,"Rajiv Malhotra",1950-09-15,,17,PRESENT,"Indian-American entrepreneur and author"
Q7288551,"Ram Pothineni",1988-05-15,,17,PRESENT,"Indian film actor"
Q7288737,"Ramadevi Choudhury",1899-12-03,1985-07-22,17,PRESENT,"Indian freedom fighter (1899–1985)"
Q2370461,"Garima Chaudhary",1990-04-02,,17,PRESENT,"Indian judoka"
Q2377725,"Pallonji Mistry",1929-06-01,2022-06-28,17,PRESENT,"Indian-born Irish billionaire businessman (1929–2022)"
Q2440940,"Annapurna Devi",1927-04-23,2018-10-13,17,PRESENT,"Indian musician (1927-2018)"
Q2441322,"Vikas Gowda",1983-07-05,,17,PRESENT,"Indian discus thrower"
Q7335045,"Rinke Khanna",1977-07-27,,17,PRESENT,"Indian actress"
Q7416091,"Sandeepa Dhar",1989-02-02,,17,PRESENT,"Indian actress"
Q2615641,"Santosh Sivan",1964-02-08,,17,PRESENT,"Indian cinematographer"
Q7418593,"Sanju Samson",1994-11-11,,17,PRESENT,"Indian cricketer"
Q7423687,"Buta Singh",1934-03-21,2021-01-02,17,PRESENT,"Indian politician"
Q2652379,"Nanaji Deshmukh",1916-10-11,2010-02-27,17,PRESENT,"Indian activist (1916–2010)"
Q2663106,"Satya Vrat Shastri",1930-09-29,2021-11-14,17,PRESENT,"Jnanpith Award recipient in Sanskrit. Indian academic"
Q7423973,"Sargun Mehta",1988-09-06,,17,PRESENT,"Indian actress and producer (born 1988)"
Q7461590,"Shaheer Sheikh",1984-03-26,,17,PRESENT,"Indian actor (born 1984)"
Q2721590,"Suhasi Goradia Dhami",1981-04-28,,17,PRESENT,"Indian actress"
Q7505877,"Shweta Pandit",1986-07-07,,17,PRESENT,"Indian singer, songwriter, performing artist and actress"
Q7505885,"Shweta Tripathi",1984-07-06,,17,PRESENT,"Indian actor"
Q7496769,"Shilpa Shukla",1982-02-22,,17,PRESENT,"Indian theatre, television and Bollywood film actress"
Q2724184,"Koppillil Radhakrishnan",1949-08-29,,17,PRESENT,"Chairman of the Indian Space Research Organisation"
Q7508046,"Siddaramaiah",1948-08-12,,17,PRESENT,"Deputy Chief Minister And Chief Minister of Karnataka state in South India"
Q7522263,"Sindhutai Sapkal",1948-11-14,2022-01-04,17,PRESENT,"Indian social worker (1948–2022)"
Q7531682,"Sitara Devi",1920-11-08,2014-11-25,17,PRESENT,"Indian dancer (1920-2014)"
Q2748182,"Jaspal Bhatti",1955-03-03,2012-10-25,17,PRESENT,"Indian actor, television personality (1955–2012)"
Q7636492,"Sulochana Latkar",1928-07-30,2023-06-04,17,PRESENT,"Indian actress (1928–2023)"
Q7653993,"Swastika Mukherjee",1980-12-13,,17,PRESENT,"Indian actress"
Q7653304,"Swaminathan Soumya",1989-03-21,,17,PRESENT,"Indian chess player"
Q2876219,"Mukul Dev",1970-11-30,2025-05-23,17,PRESENT,"Indian actor"
Q2907923,"Bobby Aloysius",1974-05-30,,17,PRESENT,"athletics competitor"
Q7800009,"Tia Bajpai",1988-05-23,,17,PRESENT,"Indian singer and actress"
Q7898180,"Upasana Singh",1975-06-29,,17,PRESENT,"Indian actress"
Q7900339,"Usha Jadhav",1987-11-03,,17,PRESENT,"Indian actress"
Q7915423,"Varalaxmi Sarathkumar",1985-03-03,,17,PRESENT,"Indian actress"
Q7916120,"Varsha Usgaonkar",1968-02-28,,17,PRESENT,"Indian actress"
Q3105774,"S. H. Raza",1922-02-22,2016-07-23,17,PRESENT,"Indian painter (1922–2016)"
Q10993792,"Sujoy Ghosh",1966-05-21,,17,PRESENT,"Indian film director"
Q3319134,"Mohit Suri",1981-04-11,,17,PRESENT,"Indian film director"
Q3344892,"Somnath Chatterjee",1929-07-25,2018-08-13,17,PRESENT,"Indian politician and former Speaker of the Lok Sabha (1929-2018)"
Q3344900,"D. R. Bendre",1896-01-31,1981-10-26,17,PRESENT,"Kannada poet (1896–1981)"
Q12988902,"Vasudevan Baskaran",1950-08-17,,17,PRESENT,"field hockey player"
Q13161431,"Sara Aboobacker",1936-06-30,2023-01-10,17,PRESENT,"Indian writer (1936–2023)"
Q3347967,"Brinda Karat",1947-10-17,,17,PRESENT,"Indian politician"
Q3351497,"Ardhendu Bhushan Bardhan",1924-09-25,2016-01-02,17,PRESENT,"Indian politician (1924–2016)"
Q14625357,"M. R. Poovamma",1990-06-05,,17,PRESENT,"Indian athlete"
Q15104767,"Nikitin Dheer",1980-03-17,,17,PRESENT,"Indian actor"
Q14943379,"Radha",1965-06-03,,17,PRESENT,"Indian actress popular in the 80s and early 90s"
Q15113996,"Meenakshi Lekhi",1967-04-30,,17,PRESENT,"Indian politician"
Q15146747,"Rajeshwari Chatterjee",1922-01-24,2010-09-03,17,PRESENT,"Indian scientist"
Q15472832,"C. P. Radhakrishnan",1957-05-04,,17,PRESENT,"Vice President of India since 2025"
Q3397834,"Pooja Dhanda",1994-01-01,,17,PRESENT,"Indian woman freestyle wrestler"
Q15964595,"Mishti Chakraborty",1987-12-20,,17,PRESENT,"Indian actress"
Q16148819,"Kainaat Arora",1982-12-02,,17,PRESENT,"Indian actress and model"
Q3497331,"Balram Jakhar",1923-08-23,2016-02-03,17,PRESENT,"Indian politician (1923-2016)"
Q16200413,"Payal Ghosh",1986-11-13,,17,PRESENT,"Indian actress"
Q3504490,"Sushilkumar Shinde",1941-09-04,,17,PRESENT,"Indian politician"
Q3515882,"Tarun Tejpal",1963-03-15,,17,PRESENT,"Indian journalist"
Q16202280,"Varun Sharma",1990-02-04,,17,PRESENT,"Indian actor"
Q16225078,"Shikha Pandey",1989-05-12,,17,PRESENT,"Indian woman cricketer"
Q3520007,"N. D. Tiwari",1925-10-18,2018-10-18,17,PRESENT,"Indian politician (1925–2018)"
Q16731862,"Mahima Makwana",1999-08-05,,17,PRESENT,"Indian actress"
Q16732433,"Neha Mehta",1978-06-09,,17,PRESENT,"actress"
Q3520403,"Ambati Rayudu",1985-09-23,,17,PRESENT,"Indian cricketer"
Q16864498,"Zarina",1937-07-16,2020-04-25,17,PRESENT,"Indian artist (1937–2020)"
Q16887684,"Harshvardhan Rane",1983-12-16,,17,PRESENT,"Indian actor"
Q3521115,"Diana Edulji",1956-01-26,,17,PRESENT,"Indian cricketer"
Q3521181,"Raman Singh",1952-10-15,,17,PRESENT,"Indian politician"
Q3521468,"Umesh Yadav",1987-10-25,,17,PRESENT,"Indian cricket player"
Q3522120,"Ashish Nehra",1979-04-29,,17,PRESENT,"Indian cricket player"
Q18336221,"Manohar Lal Khattar",1954-05-05,,17,PRESENT,"Indian politician"
Q18637951,"Sanjana Sanghi",1996-09-02,,17,PRESENT,"Indian Film actress"
Q3522712,"Richa Pallod",1980-08-30,,17,PRESENT,"Indian actress"
Q3522726,"Shiv Nadar",1945-07-14,,17,PRESENT,"Indian businessman"
Q19559992,"Atishi Marlena",1981-06-08,,17,PRESENT,"Indian politician"
Q19281615,"Atlee",1983-09-21,,17,PRESENT,"Indian Director, Producer and Scriptwriter"
Q3530303,"Ram Jethmalani",1923-09-14,2019-09-08,17,PRESENT,"Indian lawyer and politician (1923-2019)"
Q19867741,"Vartika Singh",1991-10-13,,17,PRESENT,"Indian model"
Q3532812,"M. T. Vasudevan Nair",1933-07-15,2024-12-25,17,PRESENT,"Indian author, screenplay writer and film director (1933–2024)"
Q3534651,"Pooja Umashankar",1981-06-25,,17,PRESENT,"Indian actress"
Q20643167,"Savita Punia",1990-06-11,,17,PRESENT,"Indian field hockey player"
Q3595115,"Somnath Sharma",1923-01-31,1947-10-31,17,PRESENT,"proud on major Somnath Sharma (1923–1947)"
Q21621705,"Ishan Kishan",1998-07-18,,17,PRESENT,"Indian cricketer"
Q22290583,"Khushi Kapoor",2000-11-05,,17,PRESENT,"Indian actress"
Q3595207,"Karthika Nair",1992-06-27,,17,PRESENT,"Indian actress"
Q23007906,"Harshvardhan Kapoor",1990-11-09,,17,PRESENT,"Indian actor"
Q23664763,"Ishita Raj",1995-07-11,,17,PRESENT,"Indian actress"
Q3595269,"Masti Venkatesha Iyengar",1891-06-06,1986-06-06,17,PRESENT,"Indian writer (1891–1986)"
Q23884166,"Baisali Mohanty",1994-08-05,,17,PRESENT,"Odissi dancer"
Q26207997,"Deep Grace Ekka",1994-06-03,,17,PRESENT,"Indian hockey player"
Q26209508,"Lalit Upadhyay",1993-12-01,,17,PRESENT,"Indian field hockey player (1993-)"
Q26209664,"Ayyasamy Dharun",1996-12-31,,17,PRESENT,"Indian track athlete"
Q26261191,"Surender Kumar",1993-11-23,,17,PRESENT,"Indian field hockey player (1993-)"
Q26499410,"Shivani Kataria",1997-09-27,,17,PRESENT,"Indian swimmer"
Q3595734,"Agnivesh",1939-09-21,2020-09-11,17,PRESENT,"Indian social activist (1939–2020)"
Q27048853,"Urfi Javed",1996-10-15,,17,PRESENT,"Indian actress (born 1997)"
Q27454341,"Srinidhi Shetty",1992-10-21,,17,PRESENT,"Indian actress"
Q3629885,"Manohar Joshi",1937-12-02,2024-02-23,17,PRESENT,"Indian politician (1937–2024)"
Q3630297,"Gopinath Kaviraj",1887-09-07,1976-06-12,17,PRESENT,"Hindu philosopher (1887–1976)"
Q28043217,"Gurjant Singh",1995-01-26,,17,PRESENT,"Indian field hockey player"
Q3631426,"Deendayal Upadhyaya",1916-09-25,1968-02-11,17,PRESENT,"RSS thinker and co-founder of the political party Bharatiya Jana Sangh"
Q28180093,"Fatima Sheikh",1831-01-09,1900-10-09,17,PRESENT,"Indian educationalist"
Q3632712,"Rajendra Kumar",1929-07-20,1999-07-29,17,PRESENT,"Indian actor (1929–1999)"
Q3632994,"Mohammed Zahur Khayyam",1927-02-18,2019-08-19,17,PRESENT,"Indian composer (1927–2019)"
Q3634256,"Shriram Lagoo",1927-11-16,2019-12-17,17,PRESENT,"Indian actor"
Q30070393,"Anshu Jamsenpa",1979-12-31,,17,PRESENT,"Indian mountaineer"
Q30557637,"Guru Randhawa",1991-08-30,,17,PRESENT,"Indian singer and songwriter"
Q32752549,"Mehuli Ghosh",2000-11-20,,17,PRESENT,"Indian sport shooter"
Q38460234,"Shalini Pandey",1993-09-23,,17,PRESENT,"Indian actress"
Q3661856,"Amish Tripathi",1974-10-18,,17,PRESENT,"Indian writer"
Q42898219,"Jemimah Rodrigues",2000-09-05,,17,PRESENT,"Indian cricketer"
Q3764273,"Pandari Bai",1928-09-18,2003-01-29,17,PRESENT,"Indian actress (1928–2003)"
Q3764762,"Shamshad Begum",1919-04-14,2013-04-23,17,PRESENT,"Indian singer (1919-2013)"
Q3908346,"Pooja Chopra",1985-05-03,,17,PRESENT,"Indian actress"
Q51754050,"Vivek Prasad",2000-02-25,,17,PRESENT,"Indian field hockey player"
Q4661119,"Aadesh Shrivastava",1966-09-04,2015-09-05,17,PRESENT,"Indian composer (1966–2015)"
Q4673430,"Achala Sachdev",1920-05-03,2012-04-30,17,PRESENT,"Indian actress (1920-2012)"
Q4724516,"Ali",1968-10-10,,17,PRESENT,"Indian actor, anchor, comedian"
Q4727618,"Alka Lamba",1975-09-21,,17,PRESENT,"Indian politician"
Q4765619,"Anita Raj",1963-02-28,,17,PRESENT,"Indian film and television actress (born 28/2/1963)"
Q4765869,"Anju Mahendru",1946-01-11,,17,PRESENT,"Indian actress"
Q4791553,"Arjun Bijlani",1982-10-31,,17,PRESENT,"Indian television actor"
Q41798,"Leslie Hammond",1905-03-04,1955-06-26,17,PRESENT,"field hockey player"
Q4815838,"Atique Ahmed",1962-08-10,2023-04-15,17,PRESENT,"former Indian politician & Gangster"
Q4841139,"Badruddin Tyabji",1844-10-10,1906-01-01,17,PRESENT,"prominent lawyer, Indian independence movement activist and politician"
Q61796492,"Harleen Deol",1998-06-21,,17,PRESENT,"Indian cricketer"
Q63150092,"Lokesh Kanagaraj",1986-03-14,,17,PRESENT,"Indian film director"
Q65557879,"Hardik Singh",1998-09-23,,17,PRESENT,"Indian field hockey player"
Q4943813,"Margaret Cousins",1878-11-07,1954-03-11,17,PRESENT,"Irish-Indian suffragist and feminist"
Q4978587,"Jyotirmoyee Sikdar",1969-12-11,,17,PRESENT,"Indian athlete and politician"
Q68462628,"Shafali Verma",2004-01-28,,17,PRESENT,"Indian Woman Cricket Player"
Q70991046,"Priyanka Arul Mohan",1995-11-20,,17,PRESENT,"Indian actress and model"
Q5054439,"Puja Banerjee",1987-02-06,,17,PRESENT,"Indian television actress, Film actress"
Q5073931,"Charanjit Singh",1931-02-03,2022-01-27,17,PRESENT,"Indian field hockey player (1931–2022)"
Q85800653,"Shamsher Singh",1997-07-29,,17,PRESENT,"Indian field hockey player (born 1997)"
Q5250629,"Deepika Chikhalia",1965-04-29,,17,PRESENT,"Indian actress and politician"
Q109386247,"Vantika Agrawal",2002-09-28,,17,PRESENT,"Indian chess player"
Q109993446,"Santosh Ram",1979-11-03,,17,PRESENT,"Indian filmmaker"
Q68459,"Shanta Meena Bhaskar",1971-04-21,,16,PRESENT,"film actress"
Q331172,"Abrar Alvi",1927-07-19,2009-11-18,16,PRESENT,"Indian actor (1927-2009)"
Q119801,"Sailen Manna",1924-09-01,2012-02-27,16,PRESENT,"Indian footballer (1924-2012)"
Q121122,"Kumar Gandharva",1924-04-08,1992-01-12,16,PRESENT,"Indian singer (1924–1992)"
Q539711,"Shobha Gurtu",1925-02-08,2004-09-27,16,PRESENT,"Indian singer (1925-2004)"
Q145346,"Baby Halder",1973-06-19,,16,PRESENT,"Indian author (born 1973)"
Q639084,"Ardeshir Irani",1886-12-05,1969-10-14,16,PRESENT,"Indian film director (1886–1969)"
Q658773,"Zakariyya Kandhlawi",1898-02-03,1983-05-24,16,PRESENT,"Indian hadith scholar and ideologist of Tablighi Jamaat (1898–1982)"
Q467231,"Kanimozhi Karunanidhi",1968-01-05,,16,PRESENT,"Indian politician and poet"
Q391072,"Kumar Mangalam Birla",1967-06-14,,16,PRESENT,"Indian industrialist (born 1967)"
Q152223,"Peter Paul Fernandes",1916-09-15,1981-01-24,16,PRESENT,"Indian field hockey player (1916-1981)"
Q422999,"Madan Mohan",1924-06-25,1975-07-14,16,PRESENT,"Indian composer and singer (1924–1975)"
Q431002,"Laila Mehdin",1980-10-24,,16,PRESENT,"Indian film actress"
Q475026,"Ranajit Guha",1923-05-23,2023-04-28,16,PRESENT,"Indian historian(Professor)"
Q283267,"Dharamvir Bharati",1926-12-25,1997-09-04,16,PRESENT,"writer, novelist (1926–1997)"
Q716839,"Mirza Nasir Ahmad",1909-11-16,1982-06-09,16,PRESENT,"Ahmadiyya religious leader (1909–1982)"
Q907912,"Jairam Ramesh",1954-04-09,,16,PRESENT,"Indian politician"
Q432714,"Leela Majumdar",1908-02-26,2007-04-05,16,PRESENT,"Indian author of children's books (1908–2007)"
Q433151,"Ali Dara",1915-04-01,1981-01-16,16,PRESENT,"field hockey player (1915-1981)"
Q448048,"Aparna Balan",1986-08-09,,16,PRESENT,"badminton player"
Q942615,"Joseph Parecattil",1912-04-01,1987-02-20,16,PRESENT,"Catholic cardinal (1912–1987)"
Q312783,"Vivek",1961-11-19,2021-04-17,16,PRESENT,"Indian film actor and television personality (1961-2021)"
Q5284058,"Divij Sharan",1986-03-02,,16,PRESENT,"Indian tennis player"
Q320570,"Abhijeet Gupta",1989-10-16,,16,PRESENT,"Indian chess grandmaster"
Q952098,"Surya Shekhar Ganguly",1983-02-24,,16,PRESENT,"Indian chess player"
Q5266636,"Devdutt Pattanaik",1970-12-11,,16,PRESENT,"Indian physician; leadership consultant, mythologist and author"
Q5279710,"Dipannita Sharma",1976-11-02,,16,PRESENT,"Indian actress"
Q817096,"Benegal Narsing Rau",1887-02-26,1953-11-30,16,PRESENT,"Indian civil servant and jurist (1887-1953)"
Q860127,"Bikram Choudhury",1946-02-10,,16,PRESENT,"Indian yogi"
Q5529989,"Geetika Jakhar",1985-08-18,,16,PRESENT,"Indian wrestler"
Q761804,"Mathew Cheriankunnel",1930-09-23,2022-03-30,16,PRESENT,"Catholic bishop"
Q1085793,"Satyananda Saraswati",1923-12-24,2009-12-05,16,PRESENT,"yogi (1923-2009)"
Q5277786,"Dimple Yadav",1978-01-15,,16,PRESENT,"Indian politician"
Q5557645,"Ghulam Mustafa Khan",1931-03-03,2021-01-17,16,PRESENT,"Indian singer"
Q5523189,"Gargi Banerji",1968-07-20,,16,PRESENT,"cricketer"
Q1105898,"Satish Kumar",1936-08-09,,16,PRESENT,"Indian activist and editor"
Q1147544,"Mirza Basheer-ud-Din Mahmood Ahmad",1889-01-12,1965-11-07,16,PRESENT,"Religious leader of the Ahmadiyya faith (1889–1965)"
Q5657677,"Haripal Kaushik",1934-02-02,2018-01-25,16,PRESENT,"Indian field hockey player (1934–2018)"
Q5679286,"Hasleen Kaur",1988-11-10,,16,PRESENT,"Indian model"
Q1322907,"Subrata Pal",1986-11-24,,16,PRESENT,"Indian association football player"
Q1346713,"K. Pattabhi Jois",1915-07-26,2009-05-18,16,PRESENT,"Indian yoga guru (1915–2009)"
Q1369271,"Sai Praneeth Bhamidipati",1992-08-10,,16,PRESENT,"Indian badminton player"
Q1000836,"Buddhadeb Bhattacharjee",1944-03-01,2024-08-08,16,PRESENT,"Indian politician (1944–2024)"
Q6368403,"Karan Wahi",1984-06-09,,16,PRESENT,"Indian actor (born 1986)"
Q6444064,"Kumud Ben Joshi",1934-01-31,2022-03-14,16,PRESENT,"Indian National Congress politician"
Q6374451,"Kashmira Shah",1971-12-02,,16,PRESENT,"Indian actress"
Q1225503,"Dilip Shanghvi",1955-10-01,,16,PRESENT,"Indian businessman"
Q6414856,"Kirat Bhattal",1985-01-26,,16,PRESENT,"Liberian-born Indian actress"
Q6415053,"Kiren Rijiju",1971-11-19,,16,PRESENT,"Bharatiya Janata Party politician"
Q6516265,"Leela Roy",1900-10-02,1970-06-11,16,PRESENT,"Indian independence activist and politician"
Q6516340,"Leena Chandavarkar",1950-08-29,,16,PRESENT,"Indian actress"
Q6516358,"Leena Yadav",1971-01-06,,16,PRESENT,"filmmaker"
Q6323772,"K. Palaniswami",1954-03-02,,16,PRESENT,"Indian politician and former chief minister of Tamil Nadu"
Q6354363,"Kalpana Dash",1966-07-07,2019-05-23,16,PRESENT,"Indian mountaineer (1966-2019)"
Q6354365,"Kalpana Kartik",1931-09-19,,16,PRESENT,"Indian actress"
Q6379301,"Kavita Raut",1985-05-05,,16,PRESENT,"Indian distance runner"
Q6749456,"Maniben Patel",1903-04-03,1990-03-26,16,PRESENT,"Indian politician"
Q6750364,"Manjari Phadnis",1983-07-10,,16,PRESENT,"Indian actress"
Q6751496,"Manpreet Kaur",1990-07-06,,16,PRESENT,"Indian professional shot putter"
Q6480418,"Lalithambika Antharjanam",1909-03-30,1987-02-06,16,PRESENT,"Indian writer and social reformer"
Q1452301,"Vijayaraje Scindia",1919-10-12,2001-01-25,16,PRESENT,"Indian politician (1919-2001)"
Q1391255,"Nandan Nilekani",1955-06-02,,16,PRESENT,"Indian businessman"
Q6733203,"Maharaj Krishan Kaushik",1955-05-02,2021-05-08,16,PRESENT,"field hockey player (1955-2021)"
Q6935255,"Mumaith Khan",1982-09-01,,16,PRESENT,"Indian actress"
Q6894209,"Mohit Raina",1982-08-14,,16,PRESENT,"Indian model"
Q1749493,"Saloni Aswani",1977-06-01,,16,PRESENT,"Indian actress"
Q1528278,"Anwara Taimur",1936-11-24,2020-09-28,16,PRESENT,"Indian politician (1936–2020)"
Q6929565,"Mridula Garg",1938-10-25,,16,PRESENT,"Indian writer"
Q6900436,"Monisha",1971-01-24,1992-12-05,16,PRESENT,"Indian actress"
Q1397628,"O. P. Nayyar",1926-01-16,2007-01-28,16,PRESENT,"Indian film music composer, singer-songwriter, music producer, and musician"
Q1398200,"Vishwa Mohan Bhatt",1950-07-27,,16,PRESENT,"Indian mohan veena player"
Q6741434,"Malavika Avinash",1976-01-28,,16,PRESENT,"Indian actress"
Q6744189,"Mallika Srinivasan",1959-11-19,,16,PRESENT,"Indian businesswoman"
Q6986935,"Neeraj Vora",1963-01-22,2017-12-14,16,PRESENT,"Indian film director (1963–2017)"
Q1706794,"Joseph Cordeiro",1918-01-19,1994-02-11,16,PRESENT,"Indian Catholic priest; first Pakistani cardinal (1918–1994)"
Q1810075,"Richard Carr",1911-01-21,2000-04-25,16,PRESENT,"Indian field hockey player"
Q1810084,"Lionel Emmett",1913-01-08,1996-08-09,16,PRESENT,"field hockey player (1913–1996)"
Q6963169,"Nandamuri Balakrishna",1960-06-10,,16,PRESENT,"Indian film actor and politician"
Q6965469,"Narayan Desai",1924-12-24,2015-03-15,16,PRESENT,"Indian writer and activist"
Q1810180,"Frank Brewin",1909-10-21,1976-04-21,16,PRESENT,"field hockey player (1909-1976)"
Q1775400,"Oommen Chandy",1943-10-31,2023-07-18,16,PRESENT,"10th Chief Minister of Kerala (1943–2023)"
Q1844647,"Dayanita Singh",1961-03-18,,16,PRESENT,"Indian photographer (born 1961)"
Q1854649,"Madhavrao Scindia",1945-03-10,2001-09-30,16,PRESENT,"Indian politician (1945-2001)"
Q1880793,"M. S. Narasimhan",1932-06-07,2021-05-16,16,PRESENT,"Indian mathematician (1932–2021)"
Q1965837,"Nasir Hussain",1931-02-03,2002-03-19,16,PRESENT,"Indian film director (1931–2002)"
Q7228697,"Poonam Kaur",1983-10-09,,16,PRESENT,"Indian actress"
Q7237212,"Prabha Atre",1969-09-13,2024-01-13,16,PRESENT,"Indian classical vocalist"
Q7238178,"Prakash Javadekar",1951-01-30,,16,PRESENT,"Indian politician"
Q7238560,"Prasoon Joshi",1971-09-16,,16,PRESENT,"Indian lyricist, screenwriter and advertising copywriter"
Q7246465,"Priya Dutt",1966-08-28,,16,PRESENT,"Indian politician"
Q7255900,"Sona Mohapatra",1978-06-17,,16,PRESENT,"Indian singer"
Q2074205,"Nithyananda Chutiyanandan",1978-01-03,,16,PRESENT,"Indian spiritual leader and founder of a self-proclaimed micronation"
Q2249476,"Dibyendu Barua",1966-10-27,,16,PRESENT,"Indian chess player"
Q7283617,"Rahul Roy",1968-02-09,,16,PRESENT,"Indian actor"
Q7286156,"Rajinder Kaur Bhattal",1945-09-30,,16,PRESENT,"Politician from Punjab, India"
Q2347167,"Jugal Hansraj",1972-07-26,,16,PRESENT,"Indian actor"
Q7296641,"Ravi Kishan",1971-07-17,,16,PRESENT,"Indian film actor, voice actor and television personality"
Q2409133,"Thanu Padmanabhan",1957-03-10,2021-09-17,16,PRESENT,"Indian theoretical physicist (1957–2021)"
Q7334360,"Rima Kallingal",1984-01-19,,16,PRESENT,"Indian actress"
Q2433720,"Tillotama Shome",1979-06-25,,16,PRESENT,"Indian actress"
Q2502233,"Urvashi Vaid",1958-10-08,2022-05-14,16,PRESENT,"Indian and American writer, lawyer and LGBTQ+ activist (1958–2022)"
Q7377106,"Upendra",1968-09-18,,16,PRESENT,"actor, director, writer and politician"
Q7415964,"Sandali Sinha",1972-01-11,,16,PRESENT,"Indian actress"
Q7421932,"Sarabjit Singh",1963-12-18,2013-05-02,16,PRESENT,"Indian national convicted of terrorism and spying by a Pakistani court (1963-2013)"
Q7422467,"Sarah Joseph",1946-02-10,,16,PRESENT,"Indian writer"
Q2698644,"Anand Amritraj",1952-03-20,,16,PRESENT,"Indian tennis player"
Q2671553,"Ajay Bhatt",1957-09-06,,16,PRESENT,"Indian engineer"
Q7424124,"Sarita Joshi",1941-10-17,,16,PRESENT,"Indian actress"
Q7445882,"Senthamizhan Seeman",1966-11-08,,16,PRESENT,"Indian politician and Revolutionist, Chief coordinator of Naam Tamilar Party, Film Director"
Q7487294,"Shalmali Kholgade",1988-01-31,,16,PRESENT,"Indian singer"
Q7487383,"Shama Sikander",1981-08-04,,16,PRESENT,"Indian actress"
Q2721714,"Ambareesh",1951-11-30,2018-11-24,16,PRESENT,"Indian actor, politician"
Q2723584,"Hazari Prasad Dwivedi",1907-08-19,1979-05-19,16,PRESENT,"Hindi novelist, literary historian, essayist, critic and scholar from India"
Q2723815,"Parthiv Patel",1985-03-09,,16,PRESENT,"Indian cricketer"
Q2723880,"Vinod Kambli",1972-01-18,,16,PRESENT,"Indian cricket player (born 1972)"
Q2724084,"Rahul Bajaj",1938-06-10,2022-02-12,16,PRESENT,"Indian politician & businessman"
Q2725984,"Syed Kirmani",1949-12-29,,16,PRESENT,"Indian cricketer"
Q7633741,"Sudha Shah",1958-06-22,,16,PRESENT,"cricketer"
Q7635860,"Sukirti Kandpal",1987-11-20,,16,PRESENT,"Indian actress"
Q2757591,"Javagal Srinath",1969-08-31,,16,PRESENT,"Indian cricketer"
Q7638021,"Sumona Chakravarti",1988-06-24,,16,PRESENT,"Indian film and television actress"
Q2769853,"Raghuveer Chaudhari",1938-12-05,,16,PRESENT,"Indian author"
Q2979882,"G. Sankara Kurup",1901-06-03,1978-02-02,16,PRESENT,"Indian Malayali poet and literary critic (1901-1978)"
Q7699075,"Temsüla Ao",1945-10-25,2022-10-09,16,PRESENT,"Indian writer (1945–2022)"
Q7881186,"Umashree",1957-05-10,,16,PRESENT,"Indian actress, politician"
Q3031096,"Vijay Raaz",1963-11-30,,16,PRESENT,"Indian actor"
Q3045307,"Sanjay Suri",1971-04-06,,16,PRESENT,"Indian actor"
Q7901588,"Urvashi Sharma",1984-07-13,,16,PRESENT,"Indian actress"
Q7937699,"Vivian Dsena",1988-06-28,,16,PRESENT,"Indian television actor"
Q8062169,"Yuvika Chaudhary",1986-08-02,,16,PRESENT,"Indian actress"
Q8062264,"Yuzvendra Chahal",1990-07-23,,16,PRESENT,"Indian cricketer"
Q8073152,"Zoa Morani",1988-03-29,,16,PRESENT,"Indian model and actress"
Q10998459,"Tara",1973-03-04,,16,PRESENT,"Indian film actress"
Q11738875,"Khushbir Kaur",1993-07-09,,16,PRESENT,"Indian racewalker"
Q11792343,"Nisha Mohota",1980-10-13,,16,PRESENT,"Indian chess player"
Q12056218,"Vaishali Desai",1989-12-18,,16,PRESENT,"Indian actress"
Q12068364,"Savitha Sastry",1969-12-11,,16,PRESENT,"Indian dancer"
Q3297625,"Aranmula Ponnamma",1915-04-08,2011-02-21,16,PRESENT,"Indian actress (1915–2011)"
Q12072044,"Nedumudi Venu",1948-05-22,2021-10-11,16,PRESENT,"Indian actor and screenwriter (1948–2021)"
Q3345004,"Ashok Gehlot",1951-05-03,,16,PRESENT,"Indian politician"
Q3347864,"Ambika Soni",1942-11-13,,16,PRESENT,"Indian politician"
Q13058632,"Pratima Tagore",1893-11-05,1969-01-09,16,PRESENT,"Indian Bengali artist (1893-1969)"
Q3348898,"Madhabi Mukherjee",1942-02-10,,16,PRESENT,"Indian actress"
Q3350084,"Abala Bose",1864-04-08,1951-08-26,16,PRESENT,"Indian educationalist (1864–1951)"
Q3351390,"Chuni Goswami",1938-01-15,2020-04-30,16,PRESENT,"Indian footballer and cricketer (1938-2020)"
Q3351708,"Uday Shankar",1900-12-08,1977-09-26,16,PRESENT,"Indian dancer, choreographer, and actor (1900-1977)"
Q14829512,"Nandita Swetha",1989-04-30,,16,PRESENT,"Indian actress"
Q15078774,"Monica",1987-08-25,,16,PRESENT,"Indian actress"
Q15093215,"Bhavina Hasmukhbhai Patel",1986-11-06,,16,PRESENT,"Para table tennis player"
Q15057444,"Rohini Bhate",1924-11-14,2008-10-10,16,PRESENT,"Indian dancer"
Q3363098,"George Marthins",1905-12-24,1989-03-23,16,PRESENT,"field hockey player (1905–1989)"
Q3435554,"Michael Gateley",1904-06-13,,16,PRESENT,"field hockey player"
Q3439710,"Kishan Lal",1917-02-02,1980-06-22,16,PRESENT,"field hockey player (1917-1980)"
Q15975429,"Madhavi Mudgal",1951-10-04,,16,PRESENT,"Indian dancer"
Q3502936,"Sudha Singh",1986-06-25,,16,PRESENT,"Indian distance runner"
Q3503124,"Kelucharan Mohapatra",1926-08-01,2004-04-07,16,PRESENT,"Indian dancer (1926–2004)"
Q16200172,"Gurleen Chopra",1990-12-30,,16,PRESENT,"Indian actress"
Q16200282,"Ihana Dhillon",1989-08-18,,16,PRESENT,"Indian model and actress"
Q16208880,"P. U. Chitra",1995-06-09,,16,PRESENT,"Indian distance runner"
Q3519483,"Dhanraj Pillay",1968-07-16,,16,PRESENT,"Indian field hockey player"
Q3519662,"A. K. Ramanujan",1929-03-16,1993-07-13,16,PRESENT,"Indian linguist (1929-1993)"
Q3519840,"Shakeela",1973-11-19,,16,PRESENT,"Indian mallu actress"
Q16231757,"Komal Jha",1987-03-15,,16,PRESENT,"actress"
Q3520800,"Ramnath Goenka",1904-04-03,1991-10-05,16,PRESENT,"Indian newspaper publisher (1904–1991)"
Q3521624,"Ottaplakkal Neelakandan Velu Kurup",1931-05-27,2016-02-13,16,PRESENT,"Indian writer (1931–2016)"
Q18211289,"Prarthana Thombare",1994-06-18,,16,PRESENT,"Indian tennis player"
Q18249269,"Aditi Pant",1943-07-05,,16,PRESENT,"Indian oceanographer"
Q18202648,"Chithambaram Aravindh",1999-09-11,,16,PRESENT,"Indian chess player"
Q18629110,"Sonam Bajwa",1989-08-16,,16,PRESENT,"Indian actress"
Q3522314,"Mukesh Khanna",1958-06-19,,16,PRESENT,"Indian actor"
Q3523690,"Richa Gangopadhyay",1986-03-20,,16,PRESENT,"Indian actress"
Q3525912,"Punam Raut",1989-10-14,,16,PRESENT,"Indian woman cricketer"
Q19560653,"Rekha Gupta",1974-07-19,,16,PRESENT,"9th Chief Minister of NCT of Delhi (born 1974)"
Q19571705,"Vijay Shankar",1991-01-26,,16,PRESENT,"Indian cricketer"
Q3530094,"Priya Gill",1975-12-09,,16,PRESENT,"Indian actress"
Q19665632,"Ritu Varma",1990-03-10,,16,PRESENT,"Indian actress"
Q3530214,"Neiphiu Rio",1950-11-11,,16,PRESENT,"Indian politician"
Q3530955,"Padmapriya Janakiraman",1980-02-28,,16,PRESENT,"Indian actress and model"
Q3531959,"Sivakartikeyan",1985-02-17,,16,PRESENT,"Indian film actor, producer and playback singer"
Q3532312,"Shanti Devi",1926-12-11,1987-12-27,16,PRESENT,"Claimed to remember details of a former life (1926-1987)"
Q3534319,"Surjit Singh Barnala",1925-10-21,2017-01-14,16,PRESENT,"Indian politician, chief minister of Punjab from 1985 to 1987"
Q3534435,"Vijayakanth",1952-08-25,2023-12-28,16,PRESENT,"Indian actor and politician (1952–2023)"
Q3534989,"Vishal",1977-08-29,,16,PRESENT,"Indian film actor"
Q20665358,"Sumit Nagal",1997-08-16,,16,PRESENT,"Indian tennis player"
Q3536381,"Gautham Vasudev Menon",1973-02-25,,16,PRESENT,"film director and producer"
Q3536937,"Vinay Kumar",1984-02-12,,16,PRESENT,"Indian cricket player"
Q3595121,"Sunderlal Bahuguna",1927-01-09,2021-05-21,16,PRESENT,"environmental activist from Uttarakhand, India (1927-2021)"
Q21100049,"Prince Narula",1990-11-24,,16,PRESENT,"Indian model, actor and television personality"
Q21129519,"Eulie Chowdhury",1923-10-04,1995-09-20,16,PRESENT,"Indian architect (1923–1995)"
Q21173848,"Sumaira Abdulali",1961-05-22,,16,PRESENT,"Indian environmentalist, activist"
Q21621348,"Rajeshwari Gayakwad",1991-06-01,,16,PRESENT,"Indian woman cricketer"
Q3595189,"Sharada",1945-06-12,,16,PRESENT,"Indian actress"
Q3595190,"Ghulam Ali",1940-12-05,,16,PRESENT,"Pakistani singer"
Q23761807,"Akashdeep Singh",1994-12-02,,16,PRESENT,"Indian field hockey player (1994-)"
Q24049101,"Mithila Palkar",1993-01-12,,16,PRESENT,"Indian actress"
Q24851788,"Trivendra Singh Rawat",1960-12-20,,16,PRESENT,"Indian politician"
Q3595533,"Shiny Abraham",1965-05-08,,16,PRESENT,"Indian middle distance runner"
Q25915935,"C A Bhavani Devi",1993-08-27,,16,PRESENT,"Indian fencer"
Q3595751,"Kaviyoor Ponnamma",1945-09-10,2024-09-20,16,PRESENT,"Indian actress (1945–2024)"
Q26923073,"Anima Choudhury",1953-02-28,,16,PRESENT,"Indian singer"
Q3595877,"Shanti Swaroop Bhatnagar",1894-02-21,1955-01-01,16,PRESENT,"Indian chemist (1894–1955)"
Q3595881,"Ali Sardar Jafri",1913-11-29,2000-08-01,16,PRESENT,"Urdu writer from India (1913-2000)"
Q27650889,"Tanisha Crasto",2003-05-05,,16,PRESENT,"Indian badminton player"
Q3630006,"Bhogaraju Pattabhi Sitaramayya",1880-11-24,1959-12-17,16,PRESENT,"Indian politician (1880–1959)"
Q27907566,"Satwiksairaj Rankireddy",2000-08-13,,16,PRESENT,"Indian badminton player"
Q27984679,"Varun Kumar",1995-07-25,,16,PRESENT,"Indian field hockey player (1995-)"
Q3631406,"Dingko Singh",1979-01-01,2021-06-10,16,PRESENT,"Indian boxer (1979–2021)"
Q3631714,"Mika Singh",1977-06-10,,16,PRESENT,"Indian singer and musician"
Q28379953,"Radha Yadav",2000-04-21,,16,PRESENT,"Indian cricketer"
Q29052538,"Eesha Rebba",1988-04-19,,16,PRESENT,"Indian actress"
Q3633940,"Deepak Dobriyal",1975-09-01,,16,PRESENT,"Indian actor"
Q3635980,"Nadira Babbar",1948-01-20,,16,PRESENT,"Indian theatre actress, director and actress"
Q39058709,"Aishwarya Lekshmi",1990-07-26,,16,PRESENT,"Indian actress"
Q3763900,"Vijaya Nirmala",1946-02-20,2019-06-27,16,PRESENT,"Indian film actress and director (1944-2019)"
Q47463042,"Biplab Kumar Deb",1971-11-25,,16,PRESENT,"Indian politician"
Q3764778,"Hasrat Mohani",1875-01-01,1951-05-13,16,PRESENT,"Indian independence activist and an Urdu language poet"
Q48621444,"Taniya Bhatia",1997-11-28,,16,PRESENT,"Indian woman cricketer"
Q48732972,"Bhupendrabhai Patel",1962-07-15,,16,PRESENT,"Indian politician"
Q3816132,"Koel Purie",1978-11-25,,16,PRESENT,"Indian actress"
Q3847508,"Ernest Dunlop Swinton",1868-10-21,1951-01-15,16,PRESENT,"British Army general and author (1868–1951)"
Q4077304,"P. K. Banerjee",1936-10-15,2020-03-20,16,PRESENT,"Indian footballer (1936-2020)"
Q4100804,"Shweta Bhardwaj",1985-09-30,,16,PRESENT,"Indian actress"
Q4121995,"Roddam Narasimha",1933-07-20,2020-12-14,16,PRESENT,"Indian scientist (1933–2020)"
Q4133231,"Anuradha Ghandy",1954-03-28,2008-04-12,16,PRESENT,"Indian politician (1954-2008)"
Q4352330,"Mohinder Lal",1936-06-01,2004-07-01,16,PRESENT,"field hockey player (1936-2004)"
Q4355620,"Kavita Seth",1970-09-14,,16,PRESENT,"Indian singer"
Q4661435,"Aamani",1973-11-16,,16,PRESENT,"Indian actress"
Q4661550,"Aanchal Kumar",1979-10-24,,16,PRESENT,"Indian actress and model"
Q4699790,"Ajit Pai",1973-01-10,,16,PRESENT,"American attorney and former FCC chairman in the United States"
Q4730300,"Allah Jilai Bai",1902-02-01,1992-11-03,16,PRESENT,"Indian singer (1902-1992)"
Q4765728,"Anjali Bhagwat",1969-12-05,,16,PRESENT,"Indian sport shooter"
Q4777707,"Anubhav Sinha",1965-06-22,,16,PRESENT,"Indian film director"
Q4777895,"Anurag Thakur",1974-10-24,,16,PRESENT,"Indian politician"
Q4779112,"Apara Mehta",1960-08-13,,16,PRESENT,"Indian actress"
Q4791529,"Arjan Singh",1919-04-15,2017-09-16,16,PRESENT,"Marshal of the Indian Air Force"
Q4795757,"Arpita Singh",1937-06-22,,16,PRESENT,"Indian artist (born 1937)"
Q4900687,"Bhagwant Mann",1972-10-17,,16,PRESENT,"Indian politician and comedian (born 1973)"
Q4913805,"Bina Das",1911-08-24,1986-12-26,16,PRESENT,"Indian revolutionary and nationalist"
Q5162596,"Conrad Sangma",1977-01-27,,16,PRESENT,"Indian politician"
Q85859505,"Anshu Malik",2001-08-05,,16,PRESENT,"Indian amateur wrestler"
Q105700394,"Yastika Bhatia",2000-01-11,,16,PRESENT,"Indian cricketer"
Q106617113,"Priyanka Goswami",1996-03-10,,16,PRESENT,"Indian athlete"
Q112427208,"Abhishek Nain",1999-08-15,,16,PRESENT,"Indian field hockey player"
Q123669679,"Bhajan Lal Sharma",1966-12-15,,16,PRESENT,"Indian Politician"
Q539252,"Saraswathi Gora",1912-09-28,2006-08-19,15,PRESENT,"Indian activist (1912-2006)"
Q337482,"Dhirendra Nath Ganguly",1893-03-26,1978-11-18,15,PRESENT,"Indian actor (1893-1978)"
Q144385,"Kamalesh Sharma",1941-09-30,,15,PRESENT,"Indian diplomat"
Q581495,"Lawrence Picachy",1916-08-07,1992-11-30,15,PRESENT,"Catholic cardinal (1916–1992)"
Q655856,"Armaan Ebrahim",1989-05-17,,15,PRESENT,"Indian racing driver"
Q401331,"Ahmed Ismail El Shamy",1975-10-21,,15,PRESENT,"boxer"
Q732416,"Vijay Anand",1934-01-22,2004-02-23,15,PRESENT,"film director, actor (1934–2004)"
Q277327,"Parvathy",1969-04-07,,15,PRESENT,"Indian actress and classical dancer"
Q441799,"Meenakshi Thapa",1984-10-04,2012-04-19,15,PRESENT,"Indian actress (1984-2012)"
Q312787,"Anant Nag",1948-09-04,,15,PRESENT,"Indian actor, politician (born 1948)"
Q475162,"Mohan Agashe",1947-07-23,,15,PRESENT,"Indian psychiatrist and actor"
Q777478,"Virbhadra Singh",1934-06-23,2021-07-08,15,PRESENT,"Indian politician"
Q422799,"Tara Devi",1945-01-15,2006-01-23,15,PRESENT,"Nepalese singer"
Q795241,"B. S. Yediyurappa",1943-02-27,,15,PRESENT,"19th Chief Minister of Karnataka"
Q865133,"Birendranath Sircar",1901-07-05,1980-11-28,15,PRESENT,"Indian film producer, Prince Noble II of Hatkhola royal family"
Q462446,"C. Kumar N. Patel",1938-07-02,,15,PRESENT,"Indian electrical engineer"
Q5250647,"Deepshika",1970-08-02,,15,PRESENT,"Indian actress"
Q5254296,"Delnaaz Irani",1973-09-04,,15,PRESENT,"Indian actress"
Q320497,"Abha Dawesar",1974-01-01,,15,PRESENT,"Indian novelist"
Q967495,"Vadivelu",1960-09-12,,15,PRESENT,"Indian actor"
Q5266378,"Deepak Adhikari",1982-12-25,,15,PRESENT,"Indian actor & politician"
Q5266857,"Devendra Jhajharia",1981-06-10,,15,PRESENT,"Indian Paralympic athlete"
Q188388,"Vikram Chandra",1961-07-23,,15,PRESENT,"Indian-American writer (born 1961)"
Q901649,"Arya",1980-12-11,,15,PRESENT,"Indian actor"
Q982817,"Vilasrao Deshmukh",1945-05-26,2012-08-14,15,PRESENT,"Indian politician (1945–2012)"
Q535657,"Ruth Manorama",1952-05-30,,15,PRESENT,"Indian activist"
Q5977401,"Prafullachandra Natwarlal Bhagwati",1921-12-21,2017-06-15,15,PRESENT,"17th Chief Justice of India (1921–2017)"
Q6017668,"Inder Kumar",1973-08-26,2017-07-28,15,PRESENT,"Indian actor"
Q6027175,"Indu Jain",1936-09-08,2021-05-13,15,PRESENT,"Indian businesswoman (1936–2021)"
Q5712227,"Hemlata",1954-08-16,,15,PRESENT,"Indian female singer"
Q5756665,"Rita Chowdhury",1960-08-20,,15,PRESENT,"Indian writer"
Q196547,"Bashir Badr",1935-02-15,2026-05-28,15,PRESENT,"Indian poet of Urdu"
Q5564273,"Girija Vyas",1946-07-08,2025-05-01,15,PRESENT,"Indian politician"
Q6065762,"Iqbal Bano",1928-08-27,2009-04-21,15,PRESENT,"Pakistani singer (1928-2009)"
Q5619894,"Gurbux Singh",1935-02-11,,15,PRESENT,"Indian field hockey player"
Q5619923,"Gurdial Singh",1933-01-10,2016-08-16,15,PRESENT,"Indian writer & novelist (1933–2016)"
Q1033977,"H. W. L. Poonja",1910-10-13,1997-09-06,15,PRESENT,"Indian spiritual teacher (1910-1997)"
Q6368389,"Karan Kundrra",1984-10-11,,15,PRESENT,"Indian actor"
Q6123524,"Jaideep Ahlawat",1980-02-08,,15,PRESENT,"actor"
Q6165291,"Javed Ali",1982-07-05,,15,PRESENT,"playback singer"
Q5476489,"Fowzieh Khalili",1958-10-10,,15,PRESENT,"cricketer"
Q1101466,"Climax Lawrence",1979-01-16,,15,PRESENT,"Indian association football player"
Q5644583,"Hamid Dalwai",1932-09-29,1977-05-03,15,PRESENT,"Indian social reformer, thinker and writer (1932-1977)"
Q1380058,"Kalki Krishnamurthy",1899-09-09,1954-12-05,15,PRESENT,"Indian writer, journalist, freedom fighter and Tamil novelist (1899–1954)"
Q6252623,"John Peter",1937-06-19,1998-06-30,15,PRESENT,"field hockey player (1937-1998)"
Q6305121,"Juhi Babbar",1979-07-20,,15,PRESENT,"Indian actress"
Q6319389,"Jyothi Surekha Vennam",1996-07-03,,15,PRESENT,"Indian archer"
Q1338391,"Ranganathan Francis",1920-03-15,1975-12-01,15,PRESENT,"field hockey player (1920-1975)"
Q1362153,"Pu Zoramthanga",1944-07-13,,15,PRESENT,"Indian politician"
Q1371007,"Nikhil Banerjee",1931-10-14,1986-01-27,15,PRESENT,"Indian sitar player (1931–1986)"
Q6395418,"Ketki Dave",1960-08-13,,15,PRESENT,"Indian actress"
Q6403133,"Khursheed Bano",1914-04-14,2001-04-18,15,PRESENT,"Pakistani singer (1914-2001)"
Q6414820,"Kiran Rathod",1981-01-11,,15,PRESENT,"Indian actress"
Q1391312,"Goparaju Ramachandra Rao",1902-11-15,1975-07-26,15,PRESENT,"Indian activist (1902-1975)"
Q1018699,"Vidya Malvade",1972-03-02,,15,PRESENT,"Indian actress"
Q6443214,"Kulraj Randhawa",1983-05-16,,15,PRESENT,"Indian actress"
Q6443609,"Kumari Kamala",1934-06-16,2025-11-23,15,PRESENT,"Indian dancer and actress"
Q6379189,"Kaveri Jha",1983-05-21,,15,PRESENT,"Indian actress"
Q1387724,"Yuvan Shankar Raja",1979-08-31,,15,PRESENT,"Indian composer and singer-songwriter"
Q6479884,"Lakshmi N. Menon",1899-03-27,1994-11-20,15,PRESENT,"Indian politician"
Q6382528,"Kedar Jadhav",1985-03-26,,15,PRESENT,"Indian cricketer"
Q6746995,"Manasi Parekh Gohil",1986-07-10,,15,PRESENT,"Indian actress"
Q6437529,"Krishnam Raju",1940-01-20,2022-09-11,15,PRESENT,"Indian actor (1940-2022)"
Q1379996,"Jeev Milkha Singh",1971-12-15,,15,PRESENT,"professional golfer"
Q6580658,"Purnima Mahato",1976-08-15,,15,PRESENT,"Indian archer"
Q1395441,"Mani Madhava Chakyar",1899-02-15,1990-01-15,15,PRESENT,"Indian actor (1899–1990)"
Q6516259,"Leela Mishra",1908-01-01,1988-01-17,15,PRESENT,"Indian actress"
Q1484297,"G. Madhavan Nair",1943-10-31,,15,PRESENT,"Indian aerospace engineer"
Q1494953,"Shankar Lakshman",1933-07-07,2006-04-29,15,PRESENT,"field hockey player"
Q1518329,"K. V. Kamath",1947-12-02,,15,PRESENT,"Indian banker"
Q1622265,"Violet Alva",1908-04-24,1969-11-20,15,PRESENT,"Indian politician (1908-1969)"
Q6733983,"Mahii Vij",1980-04-01,,15,PRESENT,"Indian actress (born 1982)"
Q6987747,"Neha Pendse",1984-11-29,,15,PRESENT,"Indian actress"
Q7034236,"Niharika Singh",1982-08-31,,15,PRESENT,"actress"
Q6986973,"Neeta Lulla",1965-03-05,,15,PRESENT,"Indian costume designer"
Q1810034,"Ahmed Khan",1912-11-01,1967-03-13,15,PRESENT,"field hockey player (1912–1967)"
Q1813284,"K. D. Singh",1922-02-02,1978-03-27,15,PRESENT,"field hockey player (1922–1978)"
Q1818726,"Leo Pinto",1914-04-11,2010-08-10,15,PRESENT,"Indian Field hockey player (1914–2010)"
Q1764533,"Chaudhary Devi Lal",1914-09-16,2001-04-06,15,PRESENT,"former Deputy Prime Minister of India (1915-2001)"
Q1766088,"Altamas Kabir",1948-07-19,2017-02-19,15,PRESENT,"39th Chief Justice of India (1948–2017)"
Q1897174,"Shivraj Patil",1935-10-12,2025-12-12,15,PRESENT,"Indian politician"
Q1891741,"Shoba",1962-09-23,1980-05-01,15,PRESENT,"Indian actress (1962-1980)"
Q7114189,"Oviya",1991-04-29,,15,PRESENT,"South Indian actress"
Q7117145,"Bharathiraja",1941-07-17,2026-06-10,15,PRESENT,"Indian film director (1941–2026)"
Q7121265,"P K Rosy",1903-02-10,1975-01-01,15,PRESENT,"Indian actress"
Q7123827,"Padma Desai",1931-10-12,2023-04-29,15,PRESENT,"economist"
Q7127782,"Pallavi Subhash",1984-06-09,,15,PRESENT,"Indian actress"
Q7132124,"Paoli Dam",1980-10-04,,15,PRESENT,"Indian actress"
Q7135164,"Parambrata Chatterjee",1980-06-27,,15,PRESENT,"Indian actor"
Q2004189,"Vikrant Massey",1987-04-03,,15,PRESENT,"Indian actor (1987-)"
Q7199798,"Piyush Goyal",1964-06-13,,15,PRESENT,"Indian politician"
Q7214157,"Urvashi Dholakia",1978-07-09,,15,PRESENT,"Indian actress"
Q2050197,"P. Susheela",1935-11-13,,15,PRESENT,"Indian singer"
Q7235568,"Poulomi Ghatak",1983-01-03,,15,PRESENT,"Indian table tennis player"
Q7237298,"Prachee Shah Pandya",1980-02-07,,15,PRESENT,"actress"
Q7238224,"Pralhad Joshi",1962-11-27,,15,NEW,"Indian politician"
Q2074877,"Rajesh Roshan",1955-05-24,,15,PRESENT,"Indian composer"
Q7260825,"Puran Chand Joshi",1907-04-14,1980-11-10,15,PRESENT,"Indian politician (1907–1980)"
Q7260859,"Purav Raja",1985-12-07,,15,PRESENT,"Indian tennis player"
Q7283390,"Rahi Sarnobot",1990-10-30,,15,PRESENT,"Indian sport shooter"
Q7283589,"Rahul Dev",1968-09-27,,15,PRESENT,"Indian actor (born 1968)"
Q2341312,"Akhil Kumar",1981-03-27,,15,PRESENT,"Indian boxer"
Q7290391,"Ramya Barna",1986-08-04,,15,PRESENT,"Indian actress"
Q7290393,"Ramya",1982-11-29,,15,PRESENT,"Indian actress"
Q7296622,"Ravi Dubey",1983-12-23,,15,PRESENT,"Indian model, comedian, dancer, presenter and actor."
Q7296728,"Ravindra Jain",1944-02-28,2015-10-09,15,PRESENT,"Indian composer (1944–2015)"
Q7332371,"Ridhi Dogra",1984-09-22,,15,PRESENT,"Indian actress"
Q7368808,"Roshan Ara Begum",1917-01-19,1982-12-05,15,PRESENT,"Indian singer"
Q7380199,"Rupali Ganguly",1977-04-05,,15,PRESENT,"Indian actress"
Q7399060,"Sagarika Ghose",1964-11-08,,15,PRESENT,"Indian writer and journalist"
Q2602636,"Mohinder Amarnath",1950-09-24,,15,PRESENT,"Indian cricket player"
Q7418443,"Sanjay Khan",1941-01-03,,15,PRESENT,"Indian actor"
Q2634193,"Prakash Amritraj",1983-10-02,,15,PRESENT,"Indian tennis player"
Q7418576,"Sanjjana",1983-10-10,,15,PRESENT,"Indian actress and model"
Q7423751,"Sardara Singh",1986-07-15,,15,PRESENT,"Indian field hockey player"
Q7460032,"Neha",1975-04-18,,15,PRESENT,"Indian actress"
Q7429093,"Sayaji Shinde",1952-02-01,,15,PRESENT,"Indian actor (born 1959)"
Q2722025,"Ajay Jadeja",1971-02-01,,15,PRESENT,"former Indian cricketer"
Q2722268,"Nayan Mongia",1969-12-19,,15,PRESENT,"Indian cricketer"
Q7488670,"Shankar Balasubramanian",1966-09-30,,15,PRESENT,"British chemist"
Q7489462,"Sharda Mukherjee",1919-02-24,2007-07-06,15,PRESENT,"Indian politician (1919-2007)"
Q2723347,"Kaka Kalelkar",1885-12-01,1981-08-21,15,PRESENT,"Indian social reformer, historian, educationist, and journalist (1885–1981)"
Q2722796,"Pranav Mistry",1981-05-14,,15,PRESENT,"Indian computer scientist"
Q2723551,"Asaram",1941-04-17,,15,PRESENT,"Indian Spiritual Guru"
Q7494639,"Sher Singh",1807-12-04,1843-09-15,15,PRESENT,"Fourth Maharaja of the Sikh Empire from 1841–1843"
Q7496573,"Shikha Sharma",1958-11-19,,15,PRESENT,"Indian businesswoman"
Q7499240,"Shiva Keshavan",1981-08-25,,15,PRESENT,"Indian luger"
Q7499788,"Shobha Kapoor",1949-02-01,,15,PRESENT,"Indian producer"
Q7500359,"Shonali Bose",1965-06-03,,15,PRESENT,"Indian film director"
Q7502845,"Shovana Narayan",1950-09-02,,15,PRESENT,"Indian Kathak dancer"
Q7585727,"Sreenivasan",1950-05-02,2025-12-20,15,PRESENT,"Indian film actor, screenwriter, director, and producer."
Q7631913,"Subrata Roy",1948-06-10,2023-11-14,15,PRESENT,"Indian businessman (1948–2023)"
Q7635226,"Suhasini Mulay",1950-11-20,,15,PRESENT,"Indian actress in Bollywood, Marathi and Assamese films as well as television"
Q7636937,"Suman Ranganathan",1973-07-26,,15,PRESENT,"Indian actress"
Q2756943,"Chetan Chauhan",1947-07-21,2020-08-16,15,PRESENT,"cricketer and politician from India (1947-2020)"
Q7638829,"Sunanda Pushkar",1962-06-27,2014-01-17,15,PRESENT,"Indo Canadian businessperson"
Q7639650,"Sundeep Kishan",1987-05-07,,15,PRESENT,"Indian actor"
Q7640298,"Sunil Grover",1977-08-03,,15,PRESENT,"Indian comedian and actor"
Q2857813,"Anurag Basu",1970-05-08,,15,PRESENT,"Indian film director"
Q2843494,"Amir Khan",1912-08-15,1974-02-13,15,PRESENT,"Indian singer (1912–1974)"
Q7672820,"Tarak Mehta",1929-12-26,2017-03-01,15,PRESENT,"Indian columnist, humorist, writer and playwright (1929-2017)"
Q2904297,"Bipan Chandra",1928-05-27,2014-08-30,15,PRESENT,"Indian historian (1928–2014)"
Q7878239,"Ujwala Nikam",1958-06-19,,15,PRESENT,"cricketer"
Q3056388,"Tintu Lukka",1989-04-26,,15,PRESENT,"Indian middle-distance runner"
Q7908699,"Vaidehi",1945-02-12,,15,PRESENT,"Indian writer"
Q7908874,"Vaishnavi Mahant",1974-09-09,,15,PRESENT,"Indian actress"
Q7915914,"Varinder Singh",1947-05-16,2022-06-28,15,PRESENT,"Olympic field hockey player (1947–2022)"
Q7929087,"Vijay Antony",1975-07-24,,15,PRESENT,"Tamil actor"
Q7935991,"Vishnu Deo Sai",1964-02-21,,15,PRESENT,"4th Chief Minister of Chhattisgarh"
Q3117676,"Rahul Khanna",1972-06-20,,15,PRESENT,"Indian actor"
Q8049765,"Yashpal Sharma",1967-01-01,,15,PRESENT,"Indian actor"
Q10950087,"Nidhi Subbaiah",1987-02-16,,15,PRESENT,"Indian actress"
Q11027874,"Manish Pandey",1989-09-10,,15,PRESENT,"Indian cricketer"
Q3181097,"Suresh Wadkar",1954-08-07,,15,PRESENT,"Indian singer"
Q12068272,"Meera Sanyal",1961-04-15,2019-01-11,15,PRESENT,"Leading Indian Banker, Independent candidate for South Mumbai, President Indian Liberal Group (1961-2019)"
Q3273349,"Sujatha",1952-12-10,2011-04-06,15,PRESENT,"Indian actress (1952–2011)"
Q3344874,"Harman Baweja",1980-11-13,,15,PRESENT,"Indian actor"
Q12413513,"Anamika",1961-08-17,,15,PRESENT,"Indian writer, poet and literary critic"
Q12431562,"Tabassum",1944-07-09,2022-11-18,15,PRESENT,"Indian film actress"
Q12445334,"Manoj Joshi",1965-12-14,,15,PRESENT,"Indian actor"
Q12454357,"Shubha Balsavar Khote",1937-08-30,,15,PRESENT,"Indian film and television actress"
Q12985210,"Nilima Jogalekar",1961-07-01,,15,PRESENT,"cricketer"
Q3347885,"Pankaj Mullick",1905-05-10,1978-02-19,15,PRESENT,"Bengali Indian music composer, playback singer and actor (1905–1978)"
Q12988600,"Lopamudra Bhattacharji",1960-01-31,,15,PRESENT,"cricketer"
Q14647783,"Harsh Vardhan",1954-12-13,,15,PRESENT,"Delhi politician"
Q13619621,"Hemant Soren",1975-08-10,,15,PRESENT,"Chief Minister of Jharkhand"
Q13637604,"Ila Mitra",1925-10-18,2002-10-13,15,PRESENT,"Bangladeshi activist"
Q3353173,"Govind Perumal",1925-09-25,2002-09-17,15,PRESENT,"field hockey player (1925–2002)"
Q15303283,"Tanya Dubash",1968-09-14,,15,PRESENT,"Indian businesswoman"
Q3353200,"Broome Pinniger",1902-12-28,1996-12-30,15,PRESENT,"Indian field hockey player (1902-1996)"
Q3366362,"Bana Singh",1949-01-06,,15,PRESENT,"Recipient of Param Vir Chakra"
Q3381296,"Frederic Seaman",1906-01-02,2000-09-21,15,PRESENT,"Indian field hockey player (1906–2000)"
Q15648611,"Nikita Singh",1991-10-06,,15,PRESENT,"Indian author"
Q15707271,"Aishwarya Devan",1993-12-21,,15,PRESENT,"Indian actress"
Q3445413,"Joseph Phillips",1911-03-24,1987-11-13,15,PRESENT,"field hockey player (1911–1987)"
Q3482430,"Shobhana Bhartia",1957-01-04,,15,PRESENT,"Indian businesswoman"
Q15884350,"Anjanibai Malpekar",1883-04-22,1974-08-07,15,PRESENT,"Indian singer (1883-1974)"
Q16058172,"Zoya Afroz",1994-01-10,,15,PRESENT,"Indian Model and actress"
Q16137769,"Methil Devika",1977-04-05,,15,PRESENT,"Indian dancer"
Q16198048,"Gurbani Judge",1987-11-29,,15,PRESENT,"actress, model and VJ from India"
Q16200372,"Nikki Galrani Pinisetty",1993-01-03,,15,PRESENT,"Indian actress"
Q3514905,"Archita Sahu",1990-06-29,,15,PRESENT,"Indian actress and model"
Q16201980,"Honey Rose",1991-05-09,,15,PRESENT,"Indian actress"
Q3519943,"Lalgudi Jayaraman",1930-09-17,2013-04-22,15,PRESENT,"Carnatic violinist/composer (1930-2013)"
Q16728004,"Chirag Paswan",1982-10-31,,15,PRESENT,"Union Minister of Food Processing Industries, Govt. of India"
Q16773355,"Bhargavi Rao",1944-08-14,2008-05-23,15,PRESENT,"Telugu novelist, translator, and English professor at Osmania University"
Q16848019,"Sonali Raut",1990-12-23,,15,PRESENT,"Indian model and actress"
Q17151791,"Aakanksha Singh",1990-07-30,,15,PRESENT,"Indian actress (born 1990)"
Q17198781,"Tamilisai Soundararajan",1961-06-02,,15,PRESENT,"Tamil Nadu politician, 2nd Governor of Telangana"
Q3521023,"Shantha Rangaswamy",1954-01-01,,15,PRESENT,"cricketer"
Q3521445,"Murali Vijay",1984-04-01,,15,PRESENT,"Indian cricketer"
Q3521551,"Resul Pookutty",1971-05-30,,15,PRESENT,"sound editor"
Q17438217,"Jitu Rai",1989-08-26,,15,PRESENT,"Indian sport shooter"
Q17544193,"Navjeet Kaur Dhillon",1995-03-06,,15,PRESENT,"Indian discuss thrower"
Q18390894,"Mohit Sharma",1978-01-13,2009-03-21,15,PRESENT,"Ashoka Chakra recipient"
Q18528664,"Mannara",1995-03-29,,15,PRESENT,"Indian film actress"
Q3522869,"Kaushik Basu",1952-01-09,,15,PRESENT,"Indian economist and academic"
Q3523054,"Tanguturi Prakasam",1872-08-23,1957-05-20,15,PRESENT,"Indian politician and freedom fighter"
Q3523189,"Kanika",1982-07-03,,15,PRESENT,"Indian actress"
Q19518263,"Nupur Sharma",1985-04-23,,15,PRESENT,"Indian politician and former spokesperson of the Bharatiya Janata Party"
Q18763485,"Bhakti Sharma",1989-11-30,,15,PRESENT,"Indian open-air swimmer"
Q18987308,"Uma Chakravarti",1941-08-20,,15,PRESENT,"Indian historian and filmmaker"
Q19059651,"Rukhsaar Rehman",1975-10-29,,15,PRESENT,"Indian actress"
Q19516414,"Aisha Chaudhary",1996-03-27,2015-01-24,15,PRESENT,"Indian author and motivational speaker"
Q3526595,"Biju Patnaik",1916-03-05,1997-04-17,15,PRESENT,"Indian politician, aviator and businessman (1916–1997)"
Q3527012,"Thirush Kamini",1990-06-30,,15,PRESENT,"Indian woman cricketer"
Q3528409,"Tiku Talsania",1954-06-07,,15,PRESENT,"Indian actor"
Q19631217,"Neel Sethi",2003-12-22,,15,PRESENT,"American actor"
Q3530243,"Afzal Guru",1969-06-30,2013-02-09,15,PRESENT,"Kashmiri Terrorist (1969-2013)"
Q19895840,"Renuka Ravindran",1943-05-11,,15,NEW,"Indian academic"
Q19896109,"Jasmine Sandlas",1988-09-04,,15,PRESENT,"American-Indian singer"
Q3532507,"Sripriya",1956-03-05,,15,PRESENT,"Indian actress"
Q3534464,"Gopika",1984-08-26,,15,PRESENT,"Indian actress"
Q20090336,"Tiffany Brar",1988-09-14,,15,PRESENT,"Indian Social Activist"
Q3535567,"Habib Tanvir",1923-09-01,2009-06-08,15,PRESENT,"Indian actor (1923–2009)"
Q21036716,"Nabha Natesh",1995-12-11,,15,PRESENT,"Indian film actress"
Q21064094,"Sushma Verma",1992-11-03,,15,PRESENT,"Indian woman cricketer"
Q21066426,"Sandeep Kumar",1986-05-01,,15,PRESENT,"Indian racewalker"
Q3579618,"Maitreyi Devi",1914-09-10,1989-01-29,15,PRESENT,"Bengali poet and novelist (1914–1989)"
Q3595120,"Siddheshwari Devi",1908-08-08,1977-03-18,15,PRESENT,"Indian singer (1908–1977)"
Q21622330,"Hebah Patel",1994-01-06,,15,PRESENT,"Indian actress"
Q21932068,"Lakshya",1996-04-19,,15,PRESENT,"Indian actor"
Q3595161,"Purushottam Laxman Deshpande",1919-11-08,2000-06-12,15,PRESENT,"Marathi writer, humourist, actor, dramatist (1919-2000)"
Q22811570,"Kanhaiya Kumar Gandhi",1987-01-13,,15,PRESENT,"Indian student activist,"
Q22004041,"Yumlembam Gambhini Devi",1945-01-01,,15,PRESENT,"Indian singer and dancer"
Q22277353,"Tridha Choudhury",1989-11-22,,15,PRESENT,"Indian actress"
Q3595191,"Abhirami",1983-07-26,,15,PRESENT,"Film actress"
Q3595254,"V. R. Krishna Iyer",1915-11-15,2014-12-04,15,PRESENT,"Indian judge (1915–2014)"
Q23712963,"Sayani Gupta",1985-10-09,,15,PRESENT,"Indian actress"
Q3595317,"Sanjay Kumar",1976-03-03,,15,PRESENT,"Recipient of Param Vir Chakra"
Q23883361,"Jim Sarbh",1987-08-27,,15,PRESENT,"Indian actor"
Q23761826,"Rishab Shetty",1983-07-07,,15,PRESENT,"Indian film director and actor"
Q3595541,"Singireddy NarayanaReddy",1931-07-29,2017-06-12,15,PRESENT,"Jnanpith awardee and renowned Telugu poet"
Q3595575,"Viswanatha Satyanarayana",1895-09-10,1976-10-18,15,PRESENT,"Jnanpith Award winning Telugu writer"
Q3595572,"Kavalam Madhava Panikkar",1895-06-03,1963-12-10,15,PRESENT,"Indian author and diplomat (1895-1963)"
Q26036545,"Jinson Johnson",1991-03-15,,15,PRESENT,"Indian middle-distance runner"
Q26208238,"Namita Toppo",1995-06-04,,15,PRESENT,"Indian field hockey player (1995-)"
Q26405912,"Nikki Pradhan",1993-12-08,,15,PRESENT,"Indian field hockey player (1993-)"
Q26436187,"Kirthi Jayakumar",1987-12-15,,15,PRESENT,"Indian women's rights activist"
Q3595809,"Sitakant Mahapatra",1937-09-17,,15,PRESENT,"Indian writer from Odisha"
Q3595701,"Daulat Singh Kothari",1906-07-06,1993-02-04,15,PRESENT,"Indian physicist (1906–1993)"
Q26703288,"Jignesh Mevani",1982-12-11,,15,PRESENT,"politician and activist from Gujarat, India"
Q26844869,"Kavita Devi",1983-03-15,,15,PRESENT,"Indian professional wrestler"
Q26923345,"Lopamudra Raut",1995-10-07,,15,PRESENT,"Indian model"
Q27899139,"Jehan Daruvala",1998-10-01,,15,PRESENT,"Indian racing driver"
Q3630378,"Priya Tendulkar",1954-10-19,2002-09-19,15,PRESENT,"Marathi actress and social activist (1954–2002)"
Q3630686,"Suman Kalyanpur",1937-01-28,2026-05-31,15,PRESENT,"Indian singer"
Q27967443,"Sharda Mehta",1882-06-26,1970-11-13,15,PRESENT,"Gujarati writer, social worker and educationist (1882-1970)"
Q3631073,"Nida Fazli",1938-10-12,2016-02-08,15,PRESENT,"Indian poet (1938–2016)"
Q3631515,"Syed Ali Shah Geelani",1929-09-29,2021-09-01,15,PRESENT,"Kashmiri Politician, separatist leader (1929–2021)"
Q3631800,"Mohan Rakesh",1925-01-08,1972-01-03,15,PRESENT,"Indian writer (1925-1972)"
Q28529974,"Ananya Birla",1994-07-17,,15,PRESENT,"Indian YouTuber"
Q28736634,"Karman Thandi",1998-06-16,,15,PRESENT,"Indian tennis player"
Q3633323,"Savitri Khanolkar",1913-07-20,1990-11-26,15,PRESENT,"Swiss-Indian designer, best known for designing the Param Vir Chakra"
Q3633715,"Juhi Parmar",1980-12-14,,15,PRESENT,"Indian actress"
Q29310165,"Janki Bodiwala",1995-10-30,,15,PRESENT,"Indian actress"
Q30632883,"Pankhuri Awasthy",1991-03-31,,15,PRESENT,"Indian television actress"
Q31360561,"V. Nanammal",1920-02-24,2019-10-26,15,PRESENT,"India's oldest Yoga teacher (1920-2019)"
Q33025747,"Neena Varakil",1991-05-02,,15,PRESENT,"Indian Long Jumper"
Q37793116,"Tajinderpal Singh Toor",1994-11-13,,15,PRESENT,"Indian shot putter"
Q3652147,"Navneet Kaur Rana",1986-01-03,,15,PRESENT,"Indian actress and Politician"
Q41675376,"Ashi Singh",1997-08-12,,15,PRESENT,"Indian television actress"
Q44741997,"Sumit Walmiki",1996-12-20,,15,PRESENT,"Indian field hockey player (1996-)"
Q46499596,"Vijay Varma",1986-01-08,,15,PRESENT,"Indian actor (born 1986)"
Q3765218,"Yogeeta Bali",1952-12-29,,15,PRESENT,"Indian actress"
Q48645361,"Savita Ambedkar",1909-01-27,2003-05-29,15,PRESENT,"wife of Babasaheb Ambedkar, doctor and social activist (1909-2003)"
Q48869312,"Deepak Punia",1999-05-19,,15,PRESENT,"Indian freestyle wrestler"
Q50927838,"Elavenil Valarivan",1999-08-02,,15,PRESENT,"Indian sport shooter"
Q51120666,"Prajakta Koli",1993-06-27,,15,PRESENT,"Indian creator, actor, and author"
Q51543443,"Gurjit Kaur",1995-10-25,,15,PRESENT,"Indian woman field hockey player"
Q53410308,"Maana Patel",2000-03-18,,15,PRESENT,"Swimmer"
Q56052020,"Manasi Girishchandra Joshi",1989-06-11,,15,PRESENT,"Indian para-badminton player"
Q4279645,"Vibhavari Deshpande",1979-02-01,,15,PRESENT,"Indian actress"
Q53456132,"Yashika Aannand",1999-08-04,,15,PRESENT,"Indian actress and model"
Q56221411,"Baby Rani Maurya",1956-08-15,,15,PRESENT,"Governor of Uttarakhand"
Q56678282,"Arundhati Reddy",1997-10-04,,15,PRESENT,"Indian woman cricketer"
Q58823972,"Simranjit Kaur",1995-07-10,,15,PRESENT,"boxer"
Q59160108,"Aranya Johar",1998-09-07,,15,PRESENT,"Indian poet and feminist"
Q4662722,"Aashish Chaudhary",1978-07-21,,15,PRESENT,"Indian actor"
Q4665394,"Abdul Hamid",1933-07-01,1965-09-10,15,PRESENT,"Indian Army soldier, Recipient of Param Vir Chakra (1933–1965)"
Q4673791,"Achint Kaur",1977-09-05,,15,PRESENT,"Indian actress"
Q4701384,"Akkitham Achuthan Namboothiri",1926-03-18,2020-10-15,15,PRESENT,"Indian writer (1926–2020)"
Q4765744,"Anjali Sharma",1956-12-12,,15,PRESENT,"cricketer"
Q4765870,"Anju Jain",1994-08-25,,15,PRESENT,"cricketer"
Q4777689,"Anu Prabhakar",1974-11-09,,15,PRESENT,"Indian Kannada actress"
Q4777851,"Anupriya Patel",1981-04-28,,15,PRESENT,"Indian politician"
Q4777901,"Anurita Jha",1986-09-17,,15,PRESENT,"Indian actress"
Q4794109,"S. I. Padmavati",1917-06-20,2020-08-29,15,PRESENT,"Indian medical academic"
Q4805756,"Ashok Kumar",1950-06-01,,15,PRESENT,"Indian field hockey player born 1950"
Q4818780,"Atul Agnihotri",1970-06-24,,15,PRESENT,"actor and director"
Q46683,"N. Santhanam",1980-01-21,,15,PRESENT,"Indian film actor, born 1980"
Q4830910,"Ayan Mukerji",1983-08-15,,15,PRESENT,"Indian film director (born 1983)"
Q4850423,"Baldev Singh",1902-07-11,1961-06-29,15,PRESENT,"Indian Sikh political leader (1902-1961)"
Q4860758,"Barindra Kumar Ghosh",1880-01-05,1959-04-18,15,PRESENT,"Indian revolutionary and journalist"
Q4860999,"Barkha Bisht",1979-12-28,,15,PRESENT,"Indian actress"
Q4901101,"Bharat Bhushan",1920-06-14,1992-01-27,15,PRESENT,"Indian actor"
Q61013862,"Aditya Dhar",1983-03-12,,15,PRESENT,"Indian director"
Q61917738,"Siddhant Chaturvedi",1993-04-29,,15,PRESENT,"Indian actor"
Q62007117,"Mohana Singh Jitarwal",1992-01-22,,15,PRESENT,"one of the first female pilots of India"
Q4907275,"Bijoya Chakravarty",1939-10-07,,15,PRESENT,"Indian politician"
Q5067673,"Chahatt Khanna",1988-07-17,,15,PRESENT,"Indian actress & Entrepreneur"
Q5071053,"Chandi Prasad Bhatt",1934-06-23,,15,PRESENT,"Indian environmentalist"
Q5102359,"Chitrashi Rawat",1989-11-29,,15,PRESENT,"Indian actress"
Q5247086,"Sithara Krishnakumar",1986-07-01,,15,PRESENT,"Indian singer"
Q83719779,"Richa Ghosh",2003-09-28,,15,PRESENT,"Indian cricketer"
Q96376333,"Dhruv Rathee",1994-10-08,,15,PRESENT,"Indian influencer and activist"
Q113699241,"Unnati Hooda",2007-09-20,,15,PRESENT,"badminton player"
Q135390105,"Jose Kaimlett",1941-05-05,2018-06-27,15,PRESENT,"Indian catholic priest"
