route,check,severity,detail
/leaderboard,C1,3,"131 words of main content (<150)"
/about,C2,3,"first-200-chars identical across 1341 pages: e.g. /about, /age-calculator, /answers/how-does-stress-affect-life-expectancy, /answers/how-long-will-i-live"
/,T2,3,"title 103 chars (>65): ""Best Age Calculator, Celebrity Birthday Match & Life Expectancy | BornClock - Age & Birthday Calculator"""
/about,T2,3,"title 68 chars (>65): ""About BornClock — Built in India, Designed for the World | BornClock"""
/answers,T2,3,"title 83 chars (>65): ""Answers — Science-Backed Answers to Birthday, Age & Longevity Questions | BornClock"""
/answers/how-does-stress-affect-life-expectancy,T2,3,"title 73 chars (>65): ""How Does Stress Affect Life Expectancy? The Science Explained | BornClock"""
/answers/how-to-calculate-age,T2,3,"title 78 chars (>65): ""How to Calculate Your Exact Age in Years, Months, Days and Seconds | BornClock"""
/answers/what-generation-am-i,T2,3,"title 76 chars (>65): ""What Generation Am I? Gen Z, Millennial, Gen X, Boomer Explained | BornClock"""
/answers/what-is-my-biological-age,T2,3,"title 73 chars (>65): ""What Is Biological Age? How It Differs From Chronological Age | BornClock"""
/answers/what-is-my-zodiac-sign,T2,3,"title 72 chars (>65): ""What Is My Zodiac Sign? Western, Vedic and Chinese Explained | BornClock"""
/best-time-to-work-out,T2,3,"title 66 chars (>65): ""Best Time to Work Out — What the Science Actually Says | BornClock"""
/biological-age,T2,3,"title 68 chars (>65): ""Biological Age Calculator — Free Test, 12 WHO Biomarkers | BornClock"""
/biorhythm,T2,3,"title 81 chars (>65): ""Biorhythm Calculator — Your Physical, Emotional & Intellectual Cycles | BornClock"""
/biorhythm-workout-calculator,T2,3,"title 68 chars (>65): ""Biorhythm Workout Calculator — A Daily Training Check-In | BornClock"""
/birthday-report,T2,3,"title 72 chars (>65): ""Birthday Blueprint — The Ultimate Personalised Birthday Gift | BornClock"""
/birthday/1,T2,3,"title 67 chars (>65): ""January Birthdays — Personality, Zodiac & Famous People | BornClock"""
/birthday/1/1,T2,3,"title 68 chars (>65): ""January 1 Birthday — Personality, Zodiac & Famous People | BornClock"""
/birthday/1/10,T2,3,"title 69 chars (>65): ""January 10 Birthday — Personality, Zodiac & Famous People | BornClock"""
/birthday/1/11,T2,3,"title 69 chars (>65): ""January 11 Birthday — Personality, Zodiac & Famous People | BornClock"""
/birthday/1/12,T2,3,"title 69 chars (>65): ""January 12 Birthday — Personality, Zodiac & Famous People | BornClock"""
/birthday/1/13,T2,3,"title 69 chars (>65): ""January 13 Birthday — Personality, Zodiac & Famous People | BornClock"""
/birthday/1/14,T2,3,"title 69 chars (>65): ""January 14 Birthday — Personality, Zodiac & Famous People | BornClock"""
/birthday/1/15,T2,3,"title 69 chars (>65): ""January 15 Birthday — Personality, Zodiac & Famous People | BornClock"""
/birthday/1/16,T2,3,"title 69 chars (>65): ""January 16 Birthday — Personality, Zodiac & Famous People | BornClock"""
/birthday/1/17,T2,3,"title 69 chars (>65): ""January 17 Birthday — Personality, Zodiac & Famous People | BornClock"""
/birthday/1/18,T2,3,"title 69 chars (>65): ""January 18 Birthday — Personality, Zodiac & Famous People | BornClock"""
/birthday/1/19,T2,3,"title 69 chars (>65): ""January 19 Birthday — Personality, Zodiac & Famous People | BornClock"""
/birthday/1/2,T2,3,"title 68 chars (>65): ""January 2 Birthday — Personality, Zodiac & Famous People | BornClock"""
/birthday/1/20,T2,3,"title 69 chars (>65): ""January 20 Birthday — Personality, Zodiac & Famous People | BornClock"""
/birthday/1/21,T2,3,"title 69 chars (>65): ""January 21 Birthday — Personality, Zodiac & Famous People | BornClock"""
/birthday/1/22,T2,3,"title 69 chars (>65): ""January 22 Birthday — Personality, Zodiac & Famous People | BornClock"""
/birthday/1/23,T2,3,"title 69 chars (>65): ""January 23 Birthday — Personality, Zodiac & Famous People | BornClock"""
/birthday/1/24,T2,3,"title 69 chars (>65): ""January 24 Birthday — Personality, Zodiac & Famous People | BornClock"""
/birthday/1/25,T2,3,"title 69 chars (>65): ""January 25 Birthday — Personality, Zodiac & Famous People | BornClock"""
/birthday/1/26,T2,3,"title 69 chars (>65): ""January 26 Birthday — Personality, Zodiac & Famous People | BornClock"""
/birthday/1/27,T2,3,"title 69 chars (>65): ""January 27 Birthday — Personality, Zodiac & Famous People | BornClock"""
/birthday/1/28,T2,3,"title 69 chars (>65): ""January 28 Birthday — Personality, Zodiac & Famous People | BornClock"""
/birthday/1/29,T2,3,"title 69 chars (>65): ""January 29 Birthday — Personality, Zodiac & Famous People | BornClock"""
/birthday/1/3,T2,3,"title 68 chars (>65): ""January 3 Birthday — Personality, Zodiac & Famous People | BornClock"""
/birthday/1/30,T2,3,"title 69 chars (>65): ""January 30 Birthday — Personality, Zodiac & Famous People | BornClock"""
/birthday/1/31,T2,3,"title 69 chars (>65): ""January 31 Birthday — Personality, Zodiac & Famous People | BornClock"""
/birthday/1/4,T2,3,"title 68 chars (>65): ""January 4 Birthday — Personality, Zodiac & Famous People | BornClock"""
/birthday/1/5,T2,3,"title 68 chars (>65): ""January 5 Birthday — Personality, Zodiac & Famous People | BornClock"""
/birthday/1/6,T2,3,"title 68 chars (>65): ""January 6 Birthday — Personality, Zodiac & Famous People | BornClock"""
/birthday/1/7,T2,3,"title 68 chars (>65): ""January 7 Birthday — Personality, Zodiac & Famous People | BornClock"""
/birthday/1/8,T2,3,"title 68 chars (>65): ""January 8 Birthday — Personality, Zodiac & Famous People | BornClock"""
/birthday/1/9,T2,3,"title 68 chars (>65): ""January 9 Birthday — Personality, Zodiac & Famous People | BornClock"""
/birthday/10,T2,3,"title 67 chars (>65): ""October Birthdays — Personality, Zodiac & Famous People | BornClock"""
/birthday/10/1,T2,3,"title 68 chars (>65): ""October 1 Birthday — Personality, Zodiac & Famous People | BornClock"""
/birthday/10/10,T2,3,"title 69 chars (>65): ""October 10 Birthday — Personality, Zodiac & Famous People | BornClock"""
/birthday/10/11,T2,3,"title 69 chars (>65): ""October 11 Birthday — Personality, Zodiac & Famous People | BornClock"""
/birthday/10/12,T2,3,"title 69 chars (>65): ""October 12 Birthday — Personality, Zodiac & Famous People | BornClock"""
/birthday/10/13,T2,3,"title 69 chars (>65): ""October 13 Birthday — Personality, Zodiac & Famous People | BornClock"""
/birthday/10/14,T2,3,"title 69 chars (>65): ""October 14 Birthday — Personality, Zodiac & Famous People | BornClock"""
/birthday/10/15,T2,3,"title 69 chars (>65): ""October 15 Birthday — Personality, Zodiac & Famous People | BornClock"""
/birthday/10/16,T2,3,"title 69 chars (>65): ""October 16 Birthday — Personality, Zodiac & Famous People | BornClock"""
/birthday/10/17,T2,3,"title 69 chars (>65): ""October 17 Birthday — Personality, Zodiac & Famous People | BornClock"""
/birthday/10/18,T2,3,"title 69 chars (>65): ""October 18 Birthday — Personality, Zodiac & Famous People | BornClock"""
/birthday/10/19,T2,3,"title 69 chars (>65): ""October 19 Birthday — Personality, Zodiac & Famous People | BornClock"""
/birthday/10/2,T2,3,"title 68 chars (>65): ""October 2 Birthday — Personality, Zodiac & Famous People | BornClock"""
/birthday/10/20,T2,3,"title 69 chars (>65): ""October 20 Birthday — Personality, Zodiac & Famous People | BornClock"""
/birthday/10/21,T2,3,"title 69 chars (>65): ""October 21 Birthday — Personality, Zodiac & Famous People | BornClock"""
/birthday/10/22,T2,3,"title 69 chars (>65): ""October 22 Birthday — Personality, Zodiac & Famous People | BornClock"""
/birthday/10/23,T2,3,"title 69 chars (>65): ""October 23 Birthday — Personality, Zodiac & Famous People | BornClock"""
/birthday/10/24,T2,3,"title 69 chars (>65): ""October 24 Birthday — Personality, Zodiac & Famous People | BornClock"""
/birthday/10/25,T2,3,"title 69 chars (>65): ""October 25 Birthday — Personality, Zodiac & Famous People | BornClock"""
/birthday/10/26,T2,3,"title 69 chars (>65): ""October 26 Birthday — Personality, Zodiac & Famous People | BornClock"""
/birthday/10/27,T2,3,"title 69 chars (>65): ""October 27 Birthday — Personality, Zodiac & Famous People | BornClock"""
/birthday/10/28,T2,3,"title 69 chars (>65): ""October 28 Birthday — Personality, Zodiac & Famous People | BornClock"""
/birthday/10/29,T2,3,"title 69 chars (>65): ""October 29 Birthday — Personality, Zodiac & Famous People | BornClock"""
/birthday/10/3,T2,3,"title 68 chars (>65): ""October 3 Birthday — Personality, Zodiac & Famous People | BornClock"""
/birthday/10/30,T2,3,"title 69 chars (>65): ""October 30 Birthday — Personality, Zodiac & Famous People | BornClock"""
/birthday/10/31,T2,3,"title 69 chars (>65): ""October 31 Birthday — Personality, Zodiac & Famous People | BornClock"""
/birthday/10/4,T2,3,"title 68 chars (>65): ""October 4 Birthday — Personality, Zodiac & Famous People | BornClock"""
/birthday/10/5,T2,3,"title 68 chars (>65): ""October 5 Birthday — Personality, Zodiac & Famous People | BornClock"""
/birthday/10/6,T2,3,"title 68 chars (>65): ""October 6 Birthday — Personality, Zodiac & Famous People | BornClock"""
/birthday/10/7,T2,3,"title 68 chars (>65): ""October 7 Birthday — Personality, Zodiac & Famous People | BornClock"""
/birthday/10/8,T2,3,"title 68 chars (>65): ""October 8 Birthday — Personality, Zodiac & Famous People | BornClock"""
/birthday/10/9,T2,3,"title 68 chars (>65): ""October 9 Birthday — Personality, Zodiac & Famous People | BornClock"""
/birthday/11,T2,3,"title 68 chars (>65): ""November Birthdays — Personality, Zodiac & Famous People | BornClock"""
/birthday/11/1,T2,3,"title 69 chars (>65): ""November 1 Birthday — Personality, Zodiac & Famous People | BornClock"""
/birthday/11/10,T2,3,"title 70 chars (>65): ""November 10 Birthday — Personality, Zodiac & Famous People | BornClock"""
/birthday/11/11,T2,3,"title 70 chars (>65): ""November 11 Birthday — Personality, Zodiac & Famous People | BornClock"""
/birthday/11/12,T2,3,"title 70 chars (>65): ""November 12 Birthday — Personality, Zodiac & Famous People | BornClock"""
/birthday/11/13,T2,3,"title 70 chars (>65): ""November 13 Birthday — Personality, Zodiac & Famous People | BornClock"""
/birthday/11/14,T2,3,"title 70 chars (>65): ""November 14 Birthday — Personality, Zodiac & Famous People | BornClock"""
/birthday/11/15,T2,3,"title 70 chars (>65): ""November 15 Birthday — Personality, Zodiac & Famous People | BornClock"""
/birthday/11/16,T2,3,"title 70 chars (>65): ""November 16 Birthday — Personality, Zodiac & Famous People | BornClock"""
/birthday/11/17,T2,3,"title 70 chars (>65): ""November 17 Birthday — Personality, Zodiac & Famous People | BornClock"""
/birthday/11/18,T2,3,"title 70 chars (>65): ""November 18 Birthday — Personality, Zodiac & Famous People | BornClock"""
/birthday/11/19,T2,3,"title 70 chars (>65): ""November 19 Birthday — Personality, Zodiac & Famous People | BornClock"""
/birthday/11/2,T2,3,"title 69 chars (>65): ""November 2 Birthday — Personality, Zodiac & Famous People | BornClock"""
/birthday/11/20,T2,3,"title 70 chars (>65): ""November 20 Birthday — Personality, Zodiac & Famous People | BornClock"""
/birthday/11/21,T2,3,"title 70 chars (>65): ""November 21 Birthday — Personality, Zodiac & Famous People | BornClock"""
/birthday/11/22,T2,3,"title 70 chars (>65): ""November 22 Birthday — Personality, Zodiac & Famous People | BornClock"""
/birthday/11/23,T2,3,"title 70 chars (>65): ""November 23 Birthday — Personality, Zodiac & Famous People | BornClock"""
/birthday/11/24,T2,3,"title 70 chars (>65): ""November 24 Birthday — Personality, Zodiac & Famous People | BornClock"""
/birthday/11/25,T2,3,"title 70 chars (>65): ""November 25 Birthday — Personality, Zodiac & Famous People | BornClock"""
/birthday/11/26,T2,3,"title 70 chars (>65): ""November 26 Birthday — Personality, Zodiac & Famous People | BornClock"""
/birthday/11/27,T2,3,"title 70 chars (>65): ""November 27 Birthday — Personality, Zodiac & Famous People | BornClock"""
/birthday/11/28,T2,3,"title 70 chars (>65): ""November 28 Birthday — Personality, Zodiac & Famous People | BornClock"""
/birthday/11/29,T2,3,"title 70 chars (>65): ""November 29 Birthday — Personality, Zodiac & Famous People | BornClock"""
/birthday/11/3,T2,3,"title 69 chars (>65): ""November 3 Birthday — Personality, Zodiac & Famous People | BornClock"""
/birthday/11/30,T2,3,"title 70 chars (>65): ""November 30 Birthday — Personality, Zodiac & Famous People | BornClock"""
/birthday/11/4,T2,3,"title 69 chars (>65): ""November 4 Birthday — Personality, Zodiac & Famous People | BornClock"""
/birthday/11/5,T2,3,"title 69 chars (>65): ""November 5 Birthday — Personality, Zodiac & Famous People | BornClock"""
/birthday/11/6,T2,3,"title 69 chars (>65): ""November 6 Birthday — Personality, Zodiac & Famous People | BornClock"""
/birthday/11/7,T2,3,"title 69 chars (>65): ""November 7 Birthday — Personality, Zodiac & Famous People | BornClock"""
/birthday/11/8,T2,3,"title 69 chars (>65): ""November 8 Birthday — Personality, Zodiac & Famous People | BornClock"""
/birthday/11/9,T2,3,"title 69 chars (>65): ""November 9 Birthday — Personality, Zodiac & Famous People | BornClock"""
/birthday/12,T2,3,"title 68 chars (>65): ""December Birthdays — Personality, Zodiac & Famous People | BornClock"""
/birthday/12/1,T2,3,"title 69 chars (>65): ""December 1 Birthday — Personality, Zodiac & Famous People | BornClock"""
/birthday/12/10,T2,3,"title 70 chars (>65): ""December 10 Birthday — Personality, Zodiac & Famous People | BornClock"""
/birthday/12/11,T2,3,"title 70 chars (>65): ""December 11 Birthday — Personality, Zodiac & Famous People | BornClock"""
/birthday/12/12,T2,3,"title 70 chars (>65): ""December 12 Birthday — Personality, Zodiac & Famous People | BornClock"""
/birthday/12/13,T2,3,"title 70 chars (>65): ""December 13 Birthday — Personality, Zodiac & Famous People | BornClock"""
/birthday/12/14,T2,3,"title 70 chars (>65): ""December 14 Birthday — Personality, Zodiac & Famous People | BornClock"""
/birthday/12/15,T2,3,"title 70 chars (>65): ""December 15 Birthday — Personality, Zodiac & Famous People | BornClock"""
/birthday/12/16,T2,3,"title 70 chars (>65): ""December 16 Birthday — Personality, Zodiac & Famous People | BornClock"""
/birthday/12/17,T2,3,"title 70 chars (>65): ""December 17 Birthday — Personality, Zodiac & Famous People | BornClock"""
/birthday/12/18,T2,3,"title 70 chars (>65): ""December 18 Birthday — Personality, Zodiac & Famous People | BornClock"""
/birthday/12/19,T2,3,"title 70 chars (>65): ""December 19 Birthday — Personality, Zodiac & Famous People | BornClock"""
/birthday/12/2,T2,3,"title 69 chars (>65): ""December 2 Birthday — Personality, Zodiac & Famous People | BornClock"""
/birthday/12/20,T2,3,"title 70 chars (>65): ""December 20 Birthday — Personality, Zodiac & Famous People | BornClock"""
/birthday/12/21,T2,3,"title 70 chars (>65): ""December 21 Birthday — Personality, Zodiac & Famous People | BornClock"""
/birthday/12/22,T2,3,"title 70 chars (>65): ""December 22 Birthday — Personality, Zodiac & Famous People | BornClock"""
/birthday/12/23,T2,3,"title 70 chars (>65): ""December 23 Birthday — Personality, Zodiac & Famous People | BornClock"""
/birthday/12/24,T2,3,"title 70 chars (>65): ""December 24 Birthday — Personality, Zodiac & Famous People | BornClock"""
/birthday/12/25,T2,3,"title 70 chars (>65): ""December 25 Birthday — Personality, Zodiac & Famous People | BornClock"""
/birthday/12/26,T2,3,"title 70 chars (>65): ""December 26 Birthday — Personality, Zodiac & Famous People | BornClock"""
/birthday/12/27,T2,3,"title 70 chars (>65): ""December 27 Birthday — Personality, Zodiac & Famous People | BornClock"""
/birthday/12/28,T2,3,"title 70 chars (>65): ""December 28 Birthday — Personality, Zodiac & Famous People | BornClock"""
/birthday/12/29,T2,3,"title 70 chars (>65): ""December 29 Birthday — Personality, Zodiac & Famous People | BornClock"""
/birthday/12/3,T2,3,"title 69 chars (>65): ""December 3 Birthday — Personality, Zodiac & Famous People | BornClock"""
/birthday/12/30,T2,3,"title 70 chars (>65): ""December 30 Birthday — Personality, Zodiac & Famous People | BornClock"""
/birthday/12/31,T2,3,"title 70 chars (>65): ""December 31 Birthday — Personality, Zodiac & Famous People | BornClock"""
/birthday/12/4,T2,3,"title 69 chars (>65): ""December 4 Birthday — Personality, Zodiac & Famous People | BornClock"""
/birthday/12/5,T2,3,"title 69 chars (>65): ""December 5 Birthday — Personality, Zodiac & Famous People | BornClock"""
/birthday/12/6,T2,3,"title 69 chars (>65): ""December 6 Birthday — Personality, Zodiac & Famous People | BornClock"""
/birthday/12/7,T2,3,"title 69 chars (>65): ""December 7 Birthday — Personality, Zodiac & Famous People | BornClock"""
/birthday/12/8,T2,3,"title 69 chars (>65): ""December 8 Birthday — Personality, Zodiac & Famous People | BornClock"""
/birthday/12/9,T2,3,"title 69 chars (>65): ""December 9 Birthday — Personality, Zodiac & Famous People | BornClock"""
/birthday/2,T2,3,"title 68 chars (>65): ""February Birthdays — Personality, Zodiac & Famous People | BornClock"""
/birthday/2/1,T2,3,"title 69 chars (>65): ""February 1 Birthday — Personality, Zodiac & Famous People | BornClock"""
/birthday/2/10,T2,3,"title 70 chars (>65): ""February 10 Birthday — Personality, Zodiac & Famous People | BornClock"""
/birthday/2/11,T2,3,"title 70 chars (>65): ""February 11 Birthday — Personality, Zodiac & Famous People | BornClock"""
/birthday/2/12,T2,3,"title 70 chars (>65): ""February 12 Birthday — Personality, Zodiac & Famous People | BornClock"""
/birthday/2/13,T2,3,"title 70 chars (>65): ""February 13 Birthday — Personality, Zodiac & Famous People | BornClock"""
/birthday/2/14,T2,3,"title 70 chars (>65): ""February 14 Birthday — Personality, Zodiac & Famous People | BornClock"""
/birthday/2/15,T2,3,"title 70 chars (>65): ""February 15 Birthday — Personality, Zodiac & Famous People | BornClock"""
/birthday/2/16,T2,3,"title 70 chars (>65): ""February 16 Birthday — Personality, Zodiac & Famous People | BornClock"""
/birthday/2/17,T2,3,"title 70 chars (>65): ""February 17 Birthday — Personality, Zodiac & Famous People | BornClock"""
/birthday/2/18,T2,3,"title 70 chars (>65): ""February 18 Birthday — Personality, Zodiac & Famous People | BornClock"""
/birthday/2/19,T2,3,"title 70 chars (>65): ""February 19 Birthday — Personality, Zodiac & Famous People | BornClock"""
/birthday/2/2,T2,3,"title 69 chars (>65): ""February 2 Birthday — Personality, Zodiac & Famous People | BornClock"""
/birthday/2/20,T2,3,"title 70 chars (>65): ""February 20 Birthday — Personality, Zodiac & Famous People | BornClock"""
/birthday/2/21,T2,3,"title 70 chars (>65): ""February 21 Birthday — Personality, Zodiac & Famous People | BornClock"""
/birthday/2/22,T2,3,"title 70 chars (>65): ""February 22 Birthday — Personality, Zodiac & Famous People | BornClock"""
/birthday/2/23,T2,3,"title 70 chars (>65): ""February 23 Birthday — Personality, Zodiac & Famous People | BornClock"""
/birthday/2/24,T2,3,"title 70 chars (>65): ""February 24 Birthday — Personality, Zodiac & Famous People | BornClock"""
/birthday/2/25,T2,3,"title 70 chars (>65): ""February 25 Birthday — Personality, Zodiac & Famous People | BornClock"""
/birthday/2/26,T2,3,"title 70 chars (>65): ""February 26 Birthday — Personality, Zodiac & Famous People | BornClock"""
/birthday/2/27,T2,3,"title 70 chars (>65): ""February 27 Birthday — Personality, Zodiac & Famous People | BornClock"""
/birthday/2/28,T2,3,"title 70 chars (>65): ""February 28 Birthday — Personality, Zodiac & Famous People | BornClock"""
/birthday/2/3,T2,3,"title 69 chars (>65): ""February 3 Birthday — Personality, Zodiac & Famous People | BornClock"""
/birthday/2/4,T2,3,"title 69 chars (>65): ""February 4 Birthday — Personality, Zodiac & Famous People | BornClock"""
/birthday/2/5,T2,3,"title 69 chars (>65): ""February 5 Birthday — Personality, Zodiac & Famous People | BornClock"""
/birthday/2/6,T2,3,"title 69 chars (>65): ""February 6 Birthday — Personality, Zodiac & Famous People | BornClock"""
/birthday/2/7,T2,3,"title 69 chars (>65): ""February 7 Birthday — Personality, Zodiac & Famous People | BornClock"""
/birthday/2/8,T2,3,"title 69 chars (>65): ""February 8 Birthday — Personality, Zodiac & Famous People | BornClock"""
/birthday/2/9,T2,3,"title 69 chars (>65): ""February 9 Birthday — Personality, Zodiac & Famous People | BornClock"""
/birthday/3/1,T2,3,"title 66 chars (>65): ""March 1 Birthday — Personality, Zodiac & Famous People | BornClock"""
/birthday/3/10,T2,3,"title 67 chars (>65): ""March 10 Birthday — Personality, Zodiac & Famous People | BornClock"""
/birthday/3/11,T2,3,"title 67 chars (>65): ""March 11 Birthday — Personality, Zodiac & Famous People | BornClock"""
/birthday/3/12,T2,3,"title 67 chars (>65): ""March 12 Birthday — Personality, Zodiac & Famous People | BornClock"""
/birthday/3/13,T2,3,"title 67 chars (>65): ""March 13 Birthday — Personality, Zodiac & Famous People | BornClock"""
/birthday/3/14,T2,3,"title 67 chars (>65): ""March 14 Birthday — Personality, Zodiac & Famous People | BornClock"""
/birthday/3/15,T2,3,"title 67 chars (>65): ""March 15 Birthday — Personality, Zodiac & Famous People | BornClock"""
/birthday/3/16,T2,3,"title 67 chars (>65): ""March 16 Birthday — Personality, Zodiac & Famous People | BornClock"""
/birthday/3/17,T2,3,"title 67 chars (>65): ""March 17 Birthday — Personality, Zodiac & Famous People | BornClock"""
/birthday/3/18,T2,3,"title 67 chars (>65): ""March 18 Birthday — Personality, Zodiac & Famous People | BornClock"""
/birthday/3/19,T2,3,"title 67 chars (>65): ""March 19 Birthday — Personality, Zodiac & Famous People | BornClock"""
/birthday/3/2,T2,3,"title 66 chars (>65): ""March 2 Birthday — Personality, Zodiac & Famous People | BornClock"""
/birthday/3/20,T2,3,"title 67 chars (>65): ""March 20 Birthday — Personality, Zodiac & Famous People | BornClock"""
/birthday/3/21,T2,3,"title 67 chars (>65): ""March 21 Birthday — Personality, Zodiac & Famous People | BornClock"""
/birthday/3/22,T2,3,"title 67 chars (>65): ""March 22 Birthday — Personality, Zodiac & Famous People | BornClock"""
/birthday/3/23,T2,3,"title 67 chars (>65): ""March 23 Birthday — Personality, Zodiac & Famous People | BornClock"""
/birthday/3/24,T2,3,"title 67 chars (>65): ""March 24 Birthday — Personality, Zodiac & Famous People | BornClock"""
/birthday/3/25,T2,3,"title 67 chars (>65): ""March 25 Birthday — Personality, Zodiac & Famous People | BornClock"""
/birthday/3/26,T2,3,"title 67 chars (>65): ""March 26 Birthday — Personality, Zodiac & Famous People | BornClock"""
/birthday/3/27,T2,3,"title 67 chars (>65): ""March 27 Birthday — Personality, Zodiac & Famous People | BornClock"""
/birthday/3/28,T2,3,"title 67 chars (>65): ""March 28 Birthday — Personality, Zodiac & Famous People | BornClock"""
/birthday/3/29,T2,3,"title 67 chars (>65): ""March 29 Birthday — Personality, Zodiac & Famous People | BornClock"""
/birthday/3/3,T2,3,"title 66 chars (>65): ""March 3 Birthday — Personality, Zodiac & Famous People | BornClock"""
/birthday/3/30,T2,3,"title 67 chars (>65): ""March 30 Birthday — Personality, Zodiac & Famous People | BornClock"""
/birthday/3/31,T2,3,"title 67 chars (>65): ""March 31 Birthday — Personality, Zodiac & Famous People | BornClock"""
/birthday/3/4,T2,3,"title 66 chars (>65): ""March 4 Birthday — Personality, Zodiac & Famous People | BornClock"""
/birthday/3/5,T2,3,"title 66 chars (>65): ""March 5 Birthday — Personality, Zodiac & Famous People | BornClock"""
/birthday/3/6,T2,3,"title 66 chars (>65): ""March 6 Birthday — Personality, Zodiac & Famous People | BornClock"""
/birthday/3/7,T2,3,"title 66 chars (>65): ""March 7 Birthday — Personality, Zodiac & Famous People | BornClock"""
/birthday/3/8,T2,3,"title 66 chars (>65): ""March 8 Birthday — Personality, Zodiac & Famous People | BornClock"""
/birthday/3/9,T2,3,"title 66 chars (>65): ""March 9 Birthday — Personality, Zodiac & Famous People | BornClock"""
/birthday/4/1,T2,3,"title 66 chars (>65): ""April 1 Birthday — Personality, Zodiac & Famous People | BornClock"""
/birthday/4/10,T2,3,"title 67 chars (>65): ""April 10 Birthday — Personality, Zodiac & Famous People | BornClock"""
/birthday/4/11,T2,3,"title 67 chars (>65): ""April 11 Birthday — Personality, Zodiac & Famous People | BornClock"""
/birthday/4/12,T2,3,"title 67 chars (>65): ""April 12 Birthday — Personality, Zodiac & Famous People | BornClock"""
/birthday/4/13,T2,3,"title 67 chars (>65): ""April 13 Birthday — Personality, Zodiac & Famous People | BornClock"""
/birthday/4/14,T2,3,"title 67 chars (>65): ""April 14 Birthday — Personality, Zodiac & Famous People | BornClock"""
/birthday/4/15,T2,3,"title 67 chars (>65): ""April 15 Birthday — Personality, Zodiac & Famous People | BornClock"""
/birthday/4/16,T2,3,"title 67 chars (>65): ""April 16 Birthday — Personality, Zodiac & Famous People | BornClock"""
/birthday/4/17,T2,3,"title 67 chars (>65): ""April 17 Birthday — Personality, Zodiac & Famous People | BornClock"""
/birthday/4/18,T2,3,"title 67 chars (>65): ""April 18 Birthday — Personality, Zodiac & Famous People | BornClock"""
/birthday/4/19,T2,3,"title 67 chars (>65): ""April 19 Birthday — Personality, Zodiac & Famous People | BornClock"""
/birthday/4/2,T2,3,"title 66 chars (>65): ""April 2 Birthday — Personality, Zodiac & Famous People | BornClock"""
/birthday/4/20,T2,3,"title 67 chars (>65): ""April 20 Birthday — Personality, Zodiac & Famous People | BornClock"""
/birthday/4/21,T2,3,"title 67 chars (>65): ""April 21 Birthday — Personality, Zodiac & Famous People | BornClock"""
/birthday/4/22,T2,3,"title 67 chars (>65): ""April 22 Birthday — Personality, Zodiac & Famous People | BornClock"""
/birthday/4/23,T2,3,"title 67 chars (>65): ""April 23 Birthday — Personality, Zodiac & Famous People | BornClock"""
/birthday/4/24,T2,3,"title 67 chars (>65): ""April 24 Birthday — Personality, Zodiac & Famous People | BornClock"""
/birthday/4/25,T2,3,"title 67 chars (>65): ""April 25 Birthday — Personality, Zodiac & Famous People | BornClock"""
/birthday/4/26,T2,3,"title 67 chars (>65): ""April 26 Birthday — Personality, Zodiac & Famous People | BornClock"""
/birthday/4/27,T2,3,"title 67 chars (>65): ""April 27 Birthday — Personality, Zodiac & Famous People | BornClock"""
/birthday/4/28,T2,3,"title 67 chars (>65): ""April 28 Birthday — Personality, Zodiac & Famous People | BornClock"""
/birthday/4/29,T2,3,"title 67 chars (>65): ""April 29 Birthday — Personality, Zodiac & Famous People | BornClock"""
/birthday/4/3,T2,3,"title 66 chars (>65): ""April 3 Birthday — Personality, Zodiac & Famous People | BornClock"""
/birthday/4/30,T2,3,"title 67 chars (>65): ""April 30 Birthday — Personality, Zodiac & Famous People | BornClock"""
/birthday/4/4,T2,3,"title 66 chars (>65): ""April 4 Birthday — Personality, Zodiac & Famous People | BornClock"""
/birthday/4/5,T2,3,"title 66 chars (>65): ""April 5 Birthday — Personality, Zodiac & Famous People | BornClock"""
/birthday/4/6,T2,3,"title 66 chars (>65): ""April 6 Birthday — Personality, Zodiac & Famous People | BornClock"""
/birthday/4/7,T2,3,"title 66 chars (>65): ""April 7 Birthday — Personality, Zodiac & Famous People | BornClock"""
/birthday/4/8,T2,3,"title 66 chars (>65): ""April 8 Birthday — Personality, Zodiac & Famous People | BornClock"""
/birthday/4/9,T2,3,"title 66 chars (>65): ""April 9 Birthday — Personality, Zodiac & Famous People | BornClock"""
/birthday/6/10,T2,3,"title 66 chars (>65): ""June 10 Birthday — Personality, Zodiac & Famous People | BornClock"""
/birthday/6/11,T2,3,"title 66 chars (>65): ""June 11 Birthday — Personality, Zodiac & Famous People | BornClock"""
/birthday/6/12,T2,3,"title 66 chars (>65): ""June 12 Birthday — Personality, Zodiac & Famous People | BornClock"""
/birthday/6/13,T2,3,"title 66 chars (>65): ""June 13 Birthday — Personality, Zodiac & Famous People | BornClock"""
/birthday/6/14,T2,3,"title 66 chars (>65): ""June 14 Birthday — Personality, Zodiac & Famous People | BornClock"""
/birthday/6/15,T2,3,"title 66 chars (>65): ""June 15 Birthday — Personality, Zodiac & Famous People | BornClock"""
/birthday/6/16,T2,3,"title 66 chars (>65): ""June 16 Birthday — Personality, Zodiac & Famous People | BornClock"""
/birthday/6/17,T2,3,"title 66 chars (>65): ""June 17 Birthday — Personality, Zodiac & Famous People | BornClock"""
/birthday/6/18,T2,3,"title 66 chars (>65): ""June 18 Birthday — Personality, Zodiac & Famous People | BornClock"""
/birthday/6/19,T2,3,"title 66 chars (>65): ""June 19 Birthday — Personality, Zodiac & Famous People | BornClock"""
/birthday/6/20,T2,3,"title 66 chars (>65): ""June 20 Birthday — Personality, Zodiac & Famous People | BornClock"""
/birthday/6/21,T2,3,"title 66 chars (>65): ""June 21 Birthday — Personality, Zodiac & Famous People | BornClock"""
/birthday/6/22,T2,3,"title 66 chars (>65): ""June 22 Birthday — Personality, Zodiac & Famous People | BornClock"""
/birthday/6/23,T2,3,"title 66 chars (>65): ""June 23 Birthday — Personality, Zodiac & Famous People | BornClock"""
/birthday/6/24,T2,3,"title 66 chars (>65): ""June 24 Birthday — Personality, Zodiac & Famous People | BornClock"""
/birthday/6/25,T2,3,"title 66 chars (>65): ""June 25 Birthday — Personality, Zodiac & Famous People | BornClock"""
/birthday/6/26,T2,3,"title 66 chars (>65): ""June 26 Birthday — Personality, Zodiac & Famous People | BornClock"""
/birthday/6/27,T2,3,"title 66 chars (>65): ""June 27 Birthday — Personality, Zodiac & Famous People | BornClock"""
/birthday/6/28,T2,3,"title 66 chars (>65): ""June 28 Birthday — Personality, Zodiac & Famous People | BornClock"""
/birthday/6/29,T2,3,"title 66 chars (>65): ""June 29 Birthday — Personality, Zodiac & Famous People | BornClock"""
/birthday/6/30,T2,3,"title 66 chars (>65): ""June 30 Birthday — Personality, Zodiac & Famous People | BornClock"""
/birthday/7/10,T2,3,"title 66 chars (>65): ""July 10 Birthday — Personality, Zodiac & Famous People | BornClock"""
/birthday/7/11,T2,3,"title 66 chars (>65): ""July 11 Birthday — Personality, Zodiac & Famous People | BornClock"""
/birthday/7/12,T2,3,"title 66 chars (>65): ""July 12 Birthday — Personality, Zodiac & Famous People | BornClock"""
/birthday/7/13,T2,3,"title 66 chars (>65): ""July 13 Birthday — Personality, Zodiac & Famous People | BornClock"""
/birthday/7/14,T2,3,"title 66 chars (>65): ""July 14 Birthday — Personality, Zodiac & Famous People | BornClock"""
/birthday/7/15,T2,3,"title 66 chars (>65): ""July 15 Birthday — Personality, Zodiac & Famous People | BornClock"""
/birthday/7/16,T2,3,"title 66 chars (>65): ""July 16 Birthday — Personality, Zodiac & Famous People | BornClock"""
/birthday/7/17,T2,3,"title 66 chars (>65): ""July 17 Birthday — Personality, Zodiac & Famous People | BornClock"""
/birthday/7/18,T2,3,"title 66 chars (>65): ""July 18 Birthday — Personality, Zodiac & Famous People | BornClock"""
/birthday/7/19,T2,3,"title 66 chars (>65): ""July 19 Birthday — Personality, Zodiac & Famous People | BornClock"""
/birthday/7/20,T2,3,"title 66 chars (>65): ""July 20 Birthday — Personality, Zodiac & Famous People | BornClock"""
/birthday/7/21,T2,3,"title 66 chars (>65): ""July 21 Birthday — Personality, Zodiac & Famous People | BornClock"""
/birthday/7/22,T2,3,"title 66 chars (>65): ""July 22 Birthday — Personality, Zodiac & Famous People | BornClock"""
/birthday/7/23,T2,3,"title 66 chars (>65): ""July 23 Birthday — Personality, Zodiac & Famous People | BornClock"""
/birthday/7/24,T2,3,"title 66 chars (>65): ""July 24 Birthday — Personality, Zodiac & Famous People | BornClock"""
/birthday/7/25,T2,3,"title 66 chars (>65): ""July 25 Birthday — Personality, Zodiac & Famous People | BornClock"""
/birthday/7/26,T2,3,"title 66 chars (>65): ""July 26 Birthday — Personality, Zodiac & Famous People | BornClock"""
/birthday/7/27,T2,3,"title 66 chars (>65): ""July 27 Birthday — Personality, Zodiac & Famous People | BornClock"""
/birthday/7/28,T2,3,"title 66 chars (>65): ""July 28 Birthday — Personality, Zodiac & Famous People | BornClock"""
/birthday/7/29,T2,3,"title 66 chars (>65): ""July 29 Birthday — Personality, Zodiac & Famous People | BornClock"""
/birthday/7/30,T2,3,"title 66 chars (>65): ""July 30 Birthday — Personality, Zodiac & Famous People | BornClock"""
/birthday/7/31,T2,3,"title 66 chars (>65): ""July 31 Birthday — Personality, Zodiac & Famous People | BornClock"""
/birthday/8,T2,3,"title 66 chars (>65): ""August Birthdays — Personality, Zodiac & Famous People | BornClock"""
/birthday/8/1,T2,3,"title 67 chars (>65): ""August 1 Birthday — Personality, Zodiac & Famous People | BornClock"""
/birthday/8/10,T2,3,"title 68 chars (>65): ""August 10 Birthday — Personality, Zodiac & Famous People | BornClock"""
/birthday/8/11,T2,3,"title 68 chars (>65): ""August 11 Birthday — Personality, Zodiac & Famous People | BornClock"""
/birthday/8/12,T2,3,"title 68 chars (>65): ""August 12 Birthday — Personality, Zodiac & Famous People | BornClock"""
/birthday/8/13,T2,3,"title 68 chars (>65): ""August 13 Birthday — Personality, Zodiac & Famous People | BornClock"""
/birthday/8/14,T2,3,"title 68 chars (>65): ""August 14 Birthday — Personality, Zodiac & Famous People | BornClock"""
/birthday/8/15,T2,3,"title 68 chars (>65): ""August 15 Birthday — Personality, Zodiac & Famous People | BornClock"""
/birthday/8/16,T2,3,"title 68 chars (>65): ""August 16 Birthday — Personality, Zodiac & Famous People | BornClock"""
/birthday/8/17,T2,3,"title 68 chars (>65): ""August 17 Birthday — Personality, Zodiac & Famous People | BornClock"""
/birthday/8/18,T2,3,"title 68 chars (>65): ""August 18 Birthday — Personality, Zodiac & Famous People | BornClock"""
/birthday/8/19,T2,3,"title 68 chars (>65): ""August 19 Birthday — Personality, Zodiac & Famous People | BornClock"""
/birthday/8/2,T2,3,"title 67 chars (>65): ""August 2 Birthday — Personality, Zodiac & Famous People | BornClock"""
/birthday/8/20,T2,3,"title 68 chars (>65): ""August 20 Birthday — Personality, Zodiac & Famous People | BornClock"""
/birthday/8/21,T2,3,"title 68 chars (>65): ""August 21 Birthday — Personality, Zodiac & Famous People | BornClock"""
/birthday/8/22,T2,3,"title 68 chars (>65): ""August 22 Birthday — Personality, Zodiac & Famous People | BornClock"""
/birthday/8/23,T2,3,"title 68 chars (>65): ""August 23 Birthday — Personality, Zodiac & Famous People | BornClock"""
/birthday/8/24,T2,3,"title 68 chars (>65): ""August 24 Birthday — Personality, Zodiac & Famous People | BornClock"""
/birthday/8/25,T2,3,"title 68 chars (>65): ""August 25 Birthday — Personality, Zodiac & Famous People | BornClock"""
/birthday/8/26,T2,3,"title 68 chars (>65): ""August 26 Birthday — Personality, Zodiac & Famous People | BornClock"""
/birthday/8/27,T2,3,"title 68 chars (>65): ""August 27 Birthday — Personality, Zodiac & Famous People | BornClock"""
/birthday/8/28,T2,3,"title 68 chars (>65): ""August 28 Birthday — Personality, Zodiac & Famous People | BornClock"""
/birthday/8/29,T2,3,"title 68 chars (>65): ""August 29 Birthday — Personality, Zodiac & Famous People | BornClock"""
/birthday/8/3,T2,3,"title 67 chars (>65): ""August 3 Birthday — Personality, Zodiac & Famous People | BornClock"""
/birthday/8/30,T2,3,"title 68 chars (>65): ""August 30 Birthday — Personality, Zodiac & Famous People | BornClock"""
/birthday/8/31,T2,3,"title 68 chars (>65): ""August 31 Birthday — Personality, Zodiac & Famous People | BornClock"""
/birthday/8/4,T2,3,"title 67 chars (>65): ""August 4 Birthday — Personality, Zodiac & Famous People | BornClock"""
/birthday/8/5,T2,3,"title 67 chars (>65): ""August 5 Birthday — Personality, Zodiac & Famous People | BornClock"""
/birthday/8/6,T2,3,"title 67 chars (>65): ""August 6 Birthday — Personality, Zodiac & Famous People | BornClock"""
/birthday/8/7,T2,3,"title 67 chars (>65): ""August 7 Birthday — Personality, Zodiac & Famous People | BornClock"""
/birthday/8/8,T2,3,"title 67 chars (>65): ""August 8 Birthday — Personality, Zodiac & Famous People | BornClock"""
/birthday/8/9,T2,3,"title 67 chars (>65): ""August 9 Birthday — Personality, Zodiac & Famous People | BornClock"""
/birthday/9,T2,3,"title 69 chars (>65): ""September Birthdays — Personality, Zodiac & Famous People | BornClock"""
/birthday/9/1,T2,3,"title 70 chars (>65): ""September 1 Birthday — Personality, Zodiac & Famous People | BornClock"""
/birthday/9/10,T2,3,"title 71 chars (>65): ""September 10 Birthday — Personality, Zodiac & Famous People | BornClock"""
/birthday/9/11,T2,3,"title 71 chars (>65): ""September 11 Birthday — Personality, Zodiac & Famous People | BornClock"""
/birthday/9/12,T2,3,"title 71 chars (>65): ""September 12 Birthday — Personality, Zodiac & Famous People | BornClock"""
/birthday/9/13,T2,3,"title 71 chars (>65): ""September 13 Birthday — Personality, Zodiac & Famous People | BornClock"""
/birthday/9/14,T2,3,"title 71 chars (>65): ""September 14 Birthday — Personality, Zodiac & Famous People | BornClock"""
/birthday/9/15,T2,3,"title 71 chars (>65): ""September 15 Birthday — Personality, Zodiac & Famous People | BornClock"""
/birthday/9/16,T2,3,"title 71 chars (>65): ""September 16 Birthday — Personality, Zodiac & Famous People | BornClock"""
/birthday/9/17,T2,3,"title 71 chars (>65): ""September 17 Birthday — Personality, Zodiac & Famous People | BornClock"""
/birthday/9/18,T2,3,"title 71 chars (>65): ""September 18 Birthday — Personality, Zodiac & Famous People | BornClock"""
/birthday/9/19,T2,3,"title 71 chars (>65): ""September 19 Birthday — Personality, Zodiac & Famous People | BornClock"""
/birthday/9/2,T2,3,"title 70 chars (>65): ""September 2 Birthday — Personality, Zodiac & Famous People | BornClock"""
/birthday/9/20,T2,3,"title 71 chars (>65): ""September 20 Birthday — Personality, Zodiac & Famous People | BornClock"""
/birthday/9/21,T2,3,"title 71 chars (>65): ""September 21 Birthday — Personality, Zodiac & Famous People | BornClock"""
/birthday/9/22,T2,3,"title 71 chars (>65): ""September 22 Birthday — Personality, Zodiac & Famous People | BornClock"""
/birthday/9/23,T2,3,"title 71 chars (>65): ""September 23 Birthday — Personality, Zodiac & Famous People | BornClock"""
/birthday/9/24,T2,3,"title 71 chars (>65): ""September 24 Birthday — Personality, Zodiac & Famous People | BornClock"""
/birthday/9/25,T2,3,"title 71 chars (>65): ""September 25 Birthday — Personality, Zodiac & Famous People | BornClock"""
/birthday/9/26,T2,3,"title 71 chars (>65): ""September 26 Birthday — Personality, Zodiac & Famous People | BornClock"""
/birthday/9/27,T2,3,"title 71 chars (>65): ""September 27 Birthday — Personality, Zodiac & Famous People | BornClock"""
/birthday/9/28,T2,3,"title 71 chars (>65): ""September 28 Birthday — Personality, Zodiac & Famous People | BornClock"""
/birthday/9/29,T2,3,"title 71 chars (>65): ""September 29 Birthday — Personality, Zodiac & Famous People | BornClock"""
/birthday/9/3,T2,3,"title 70 chars (>65): ""September 3 Birthday — Personality, Zodiac & Famous People | BornClock"""
/birthday/9/30,T2,3,"title 71 chars (>65): ""September 30 Birthday — Personality, Zodiac & Famous People | BornClock"""
/birthday/9/4,T2,3,"title 70 chars (>65): ""September 4 Birthday — Personality, Zodiac & Famous People | BornClock"""
/birthday/9/5,T2,3,"title 70 chars (>65): ""September 5 Birthday — Personality, Zodiac & Famous People | BornClock"""
/birthday/9/6,T2,3,"title 70 chars (>65): ""September 6 Birthday — Personality, Zodiac & Famous People | BornClock"""
/birthday/9/7,T2,3,"title 70 chars (>65): ""September 7 Birthday — Personality, Zodiac & Famous People | BornClock"""
/birthday/9/8,T2,3,"title 70 chars (>65): ""September 8 Birthday — Personality, Zodiac & Famous People | BornClock"""
/birthday/9/9,T2,3,"title 70 chars (>65): ""September 9 Birthday — Personality, Zodiac & Famous People | BornClock"""
/birthstone/april,T2,3,"title 66 chars (>65): ""April Birthstone — Diamond: History, Meaning & Geology | BornClock"""
/birthstone/august,T2,3,"title 77 chars (>65): ""August Birthstone — Peridot, Spinel & Sardonyx: History & Meaning | BornClock"""
/birthstone/december,T2,3,"title 82 chars (>65): ""December Birthstone — Tanzanite, Turquoise & Zircon: History & Meaning | BornClock"""
/birthstone/february,T2,3,"title 70 chars (>65): ""February Birthstone — Amethyst: History, Meaning & Geology | BornClock"""
/birthstone/january,T2,3,"title 67 chars (>65): ""January Birthstone — Garnet: History, Meaning & Geology | BornClock"""
/birthstone/june,T2,3,"title 79 chars (>65): ""June Birthstone — Pearl, Alexandrite & Moonstone: History & Meaning | BornClock"""
/birthstone/march,T2,3,"title 69 chars (>65): ""March Birthstone — Aquamarine: History, Meaning & Geology | BornClock"""
/birthstone/november,T2,3,"title 77 chars (>65): ""November Birthstone — Topaz & Citrine: History, Meaning & Geology | BornClock"""
/birthstone/october,T2,3,"title 78 chars (>65): ""October Birthstone — Opal & Tourmaline: History, Meaning & Geology | BornClock"""
/birthstone/september,T2,3,"title 71 chars (>65): ""September Birthstone — Sapphire: History, Meaning & Geology | BornClock"""
/blog/best-foods-to-eat-to-live-longer-longevity-diet,T2,3,"title 80 chars (>65): ""Best Foods to Eat to Live Longer: The Science-Backed Longevity Diet Guide (2026)"""
/blog/birthday-traditions-around-the-world-unique-celebrations,T2,3,"title 67 chars (>65): ""Birthday Traditions Around the World: What Every Culture Celebrates"""
/blog/community-social-longevity,T2,3,"title 100 chars (>65): ""Community, Social Bonds and Longevity — Why Relationships Are Your Greatest Health Asset | BornClock"""
/blog/exercise-longevity-guide,T2,3,"title 73 chars (>65): ""Exercise and Longevity — How Movement Adds Years to Your Life | BornClock"""
/blog/heart-disease-risk-factors-how-age-affects-heart-health,T2,3,"title 76 chars (>65): ""Heart Disease Risk Factors: How Age, Habits and Genetics Determine Your Risk"""
/blog/life-expectancy-india-complete-guide-2026,T2,3,"title 76 chars (>65): ""Life Expectancy India 2026: State Data, Gender Gap & How to Beat the Average"""
/blog/preventive-health-screening-guide,T2,3,"title 78 chars (>65): ""Preventive Health Screenings — The Tests That Could Save Your Life | BornClock"""
/blog/sleep-longevity-science,T2,3,"title 82 chars (>65): ""Sleep and Longevity — The Science of How Sleep Adds Years to Your Life | BornClock"""
/blog/stress-mental-health-longevity,T2,3,"title 86 chars (>65): ""Stress, Mental Health and Longevity — How Chronic Stress Accelerates Aging | BornClock"""
/born-in,T2,3,"title 77 chars (>65): ""Born in Each Month — Birthstones, Zodiac Signs & Famous Birthdays | BornClock"""
/born-in-august,T2,3,"title 66 chars (>65): ""Born in August — Zodiac, Birthstone & Famous Birthdays | BornClock"""
/born-in-december,T2,3,"title 68 chars (>65): ""Born in December — Zodiac, Birthstone & Famous Birthdays | BornClock"""
/born-in-february,T2,3,"title 68 chars (>65): ""Born in February — Zodiac, Birthstone & Famous Birthdays | BornClock"""
/born-in-january,T2,3,"title 67 chars (>65): ""Born in January — Zodiac, Birthstone & Famous Birthdays | BornClock"""
/born-in-november,T2,3,"title 68 chars (>65): ""Born in November — Zodiac, Birthstone & Famous Birthdays | BornClock"""
/born-in-october,T2,3,"title 67 chars (>65): ""Born in October — Zodiac, Birthstone & Famous Birthdays | BornClock"""
/born-in-september,T2,3,"title 69 chars (>65): ""Born in September — Zodiac, Birthstone & Famous Birthdays | BornClock"""
/born-on/april-1/india,T2,3,"title 89 chars (>65): ""Indian Celebrities Born on April 1 — Abdul Qadeer Khan, Mohammad Hamid Ansari | BornClock"""
/born-on/april-10/india,T2,3,"title 77 chars (>65): ""Indian Celebrities Born on April 10 — Ayesha Takia, Varsha Adalja | BornClock"""
/born-on/april-11/india,T2,3,"title 88 chars (>65): ""Indian Celebrities Born on April 11 — Rohini Hattangadi, Ramanathan Krishnan | BornClock"""
/born-on/april-13/india,T2,3,"title 72 chars (>65): ""Indian Celebrities Born on April 13 — Aryabhata, Erick Avari | BornClock"""
/born-on/april-14/india,T2,3,"title 83 chars (>65): ""Indian Celebrities Born on April 14 — Bhimrao Ramji Ambedkar, Ivan Dias | BornClock"""
/born-on/april-15/india,T2,3,"title 78 chars (>65): ""Indian Celebrities Born on April 15 — Guru Nanak Dev, Mandira Bedi | BornClock"""
/born-on/april-17/india,T2,3,"title 73 chars (>65): ""Indian Celebrities Born on April 17 — Chandra Shekhar, Vikram | BornClock"""
/born-on/april-18/india,T2,3,"title 75 chars (>65): ""Indian Celebrities Born on April 18 — Dhondo Keshav Karve, Neha | BornClock"""
/born-on/april-19/india,T2,3,"title 77 chars (>65): ""Indian Celebrities Born on April 19 — Mukesh Ambani, Arshad Warsi | BornClock"""
/born-on/april-2/india,T2,3,"title 73 chars (>65): ""Indian Celebrities Born on April 2 — Ajay Devgn, Kapil Sharma | BornClock"""
/born-on/april-20/india,T2,3,"title 79 chars (>65): ""Indian Celebrities Born on April 20 — Mamta Kulkarni, Babita Kapoor | BornClock"""
/born-on/april-21/india,T2,3,"title 77 chars (>65): ""Indian Celebrities Born on April 21 — Joseph Vaz, Raphael Thattil | BornClock"""
/born-on/april-22/india,T2,3,"title 75 chars (>65): ""Indian Celebrities Born on April 22 — Chetan Bhagat, Kanan Devi | BornClock"""
/born-on/april-23/india,T2,3,"title 79 chars (>65): ""Indian Celebrities Born on April 23 — Jishnu Raghavan, Manoj Bajpai | BornClock"""
/born-on/april-24/india,T2,3,"title 80 chars (>65): ""Indian Celebrities Born on April 24 — Sachin Tendulkar, Varun Dhawan | BornClock"""
/born-on/april-25/india,T2,3,"title 83 chars (>65): ""Indian Celebrities Born on April 25 — Dinesh D'Souza, Shriya Pilgaonkar | BornClock"""
/born-on/april-26/india,T2,3,"title 100 chars (>65): ""Indian Celebrities Born on April 26 — Moushumi Chatterjee, Father Stanislaus Lourduswamy | BornClock"""
/born-on/april-27/india,T2,3,"title 84 chars (>65): ""Indian Celebrities Born on April 27 — Samantha Ruth Prabhu, Zohra Sehgal | BornClock"""
/born-on/april-28/india,T2,3,"title 85 chars (>65): ""Indian Celebrities Born on April 28 — Samantha Ruth Prabhu, Sharman Joshi | BornClock"""
/born-on/april-29/india,T2,3,"title 79 chars (>65): ""Indian Celebrities Born on April 29 — Zubin Mehta, Ramachandra Guha | BornClock"""
/born-on/april-3/india,T2,3,"title 74 chars (>65): ""Indian Celebrities Born on April 3 — Prabhu Deva, Banu Mushtaq | BornClock"""
/born-on/april-30/india,T2,3,"title 77 chars (>65): ""Indian Celebrities Born on April 30 — Kunal Nayyar, Anandamayi Ma | BornClock"""
/born-on/april-4/india,T2,3,"title 69 chars (>65): ""Indian Celebrities Born on April 4 — Parveen Babi, Simran | BornClock"""
/born-on/april-5/india,T2,3,"title 84 chars (>65): ""Indian Celebrities Born on April 5 — Ravindra Prabhat, Rashmika Mandanna | BornClock"""
/born-on/april-7/india,T2,3,"title 82 chars (>65): ""Indian Celebrities Born on April 7 — Ravi Shankar, Parvathy Thiruvothu | BornClock"""
/born-on/april-8/india,T2,3,"title 73 chars (>65): ""Indian Celebrities Born on April 8 — Allu Arjun, Nithya Menen | BornClock"""
/born-on/april-9/india,T2,3,"title 82 chars (>65): ""Indian Celebrities Born on April 9 — Jaya Bachchan, Rahul Sankrityayan | BornClock"""
/born-on/august-1/india,T2,3,"title 77 chars (>65): ""Indian Celebrities Born on August 1 — Meena Kumari, Taapsee Pannu | BornClock"""
/born-on/august-10/india,T2,3,"title 75 chars (>65): ""Indian Celebrities Born on August 10 — V. V. Giri, Phoolan Devi | BornClock"""
/born-on/august-11/india,T2,3,"title 73 chars (>65): ""Indian Celebrities Born on August 11 — Tulsidas, Sunil Shetty | BornClock"""
/born-on/august-12/india,T2,3,"title 77 chars (>65): ""Indian Celebrities Born on August 12 — Vikram Sarabhai, Sayyeshaa | BornClock"""
/born-on/august-13/india,T2,3,"title 81 chars (>65): ""Indian Celebrities Born on August 13 — Vyjayanthimala, Madhur Jaffrey | BornClock"""
/born-on/august-14/india,T2,3,"title 80 chars (>65): ""Indian Celebrities Born on August 14 — Sunidhi Chauhan, Johnny Lever | BornClock"""
/born-on/august-15/india,T2,3,"title 81 chars (>65): ""Indian Celebrities Born on August 15 — Aurobindo Ghosh, Rakhee Gulzar | BornClock"""
/born-on/august-16/india,T2,3,"title 81 chars (>65): ""Indian Celebrities Born on August 16 — Saif Ali Khan, Manisha Koirala | BornClock"""
/born-on/august-17/india,T2,3,"title 80 chars (>65): ""Indian Celebrities Born on August 17 — Nidhhi Agerwal, Shraddha Arya | BornClock"""
/born-on/august-18/india,T2,3,"title 80 chars (>65): ""Indian Celebrities Born on August 18 — Vijaya Lakshmi Pandit, Gulzar | BornClock"""
/born-on/august-19/india,T2,3,"title 86 chars (>65): ""Indian Celebrities Born on August 19 — Shankar Dayal Sharma, Satya Nadella | BornClock"""
/born-on/august-2/india,T2,3,"title 80 chars (>65): ""Indian Celebrities Born on August 2 — Vijay Rupani, Pingali Venkayya | BornClock"""
/born-on/august-20/india,T2,3,"title 85 chars (>65): ""Indian Celebrities Born on August 20 — Rajiv Gandhi, Rajendra K. Pachauri | BornClock"""
/born-on/august-21/india,T2,3,"title 80 chars (>65): ""Indian Celebrities Born on August 21 — Bhumika Chawla, Kanika Kapoor | BornClock"""
/born-on/august-23/india,T2,3,"title 76 chars (>65): ""Indian Celebrities Born on August 23 — Vaani Kapoor, Reita Faria | BornClock"""
/born-on/august-24/india,T2,3,"title 76 chars (>65): ""Indian Celebrities Born on August 24 — Anjali Devi, Aditi Sharma | BornClock"""
/born-on/august-25/india,T2,3,"title 75 chars (>65): ""Indian Celebrities Born on August 25 — Daisy Shah, Rajiv Kapoor | BornClock"""
/born-on/august-26/india,T2,3,"title 82 chars (>65): ""Indian Celebrities Born on August 26 — Maneka Gandhi, Balkrishna Doshi | BornClock"""
/born-on/august-27/india,T2,3,"title 79 chars (>65): ""Indian Celebrities Born on August 27 — The Great Khali, Neha Dhupia | BornClock"""
/born-on/august-28/india,T2,3,"title 81 chars (>65): ""Indian Celebrities Born on August 28 — Firaq Gorakhpuri, Vilayat Khan | BornClock"""
/born-on/august-29/india,T2,3,"title 90 chars (>65): ""Indian Celebrities Born on August 29 — Dhyan Chand Bais, Jannat Zubair Rahmani | BornClock"""
/born-on/august-3/india,T2,3,"title 85 chars (>65): ""Indian Celebrities Born on August 3 — Sunil Chhetri, Maithili Sharan Gupt | BornClock"""
/born-on/august-30/india,T2,3,"title 76 chars (>65): ""Indian Celebrities Born on August 30 — Chitrangada Singh, Jamuna | BornClock"""
/born-on/august-31/india,T2,3,"title 81 chars (>65): ""Indian Celebrities Born on August 31 — Amrita Pritam, Javagal Srinath | BornClock"""
/born-on/august-4/india,T2,3,"title 76 chars (>65): ""Indian Celebrities Born on August 4 — Kishore Kumar, Arbaaz Khan | BornClock"""
/born-on/august-6/india,T2,3,"title 82 chars (>65): ""Indian Celebrities Born on August 6 — M. Night Shyamalan, Dipika Kakar | BornClock"""
/born-on/august-7/india,T2,3,"title 89 chars (>65): ""Indian Celebrities Born on August 7 — M. S. Swaminathan, Abanindranath Tagore | BornClock"""
/born-on/august-8/india,T2,3,"title 83 chars (>65): ""Indian Celebrities Born on August 8 — Saikhom Mirabai Chanu, Teejan Bai | BornClock"""
/born-on/august-9/india,T2,3,"title 78 chars (>65): ""Indian Celebrities Born on August 9 — Mahesh Babu, Hansika Motwani | BornClock"""
/born-on/december-1/india,T2,3,"title 78 chars (>65): ""Indian Celebrities Born on December 1 — Udit Narayan, Medha Patkar | BornClock"""
/born-on/december-10/india,T2,3,"title 87 chars (>65): ""Indian Celebrities Born on December 10 — C. Rajagopalachari, Vidyut Jammwal | BornClock"""
/born-on/december-11/india,T2,3,"title 88 chars (>65): ""Indian Celebrities Born on December 11 — Viswanathan Anand, Pranab Mukherjee | BornClock"""
/born-on/december-12/india,T2,3,"title 80 chars (>65): ""Indian Celebrities Born on December 12 — Rajinikanth, Mulk Raj Anand | BornClock"""
/born-on/december-13/india,T2,3,"title 103 chars (>65): ""Indian Celebrities Born on December 13 — Yaragudipati Venkata Mahalakshmi, Regina Cassandra | BornClock"""
/born-on/december-14/india,T2,3,"title 81 chars (>65): ""Indian Celebrities Born on December 14 — Raj Kapoor, B. K. S. Iyengar | BornClock"""
/born-on/december-15/india,T2,3,"title 82 chars (>65): ""Indian Celebrities Born on December 15 — Geeta Phogat, Usha Mangeshkar | BornClock"""
/born-on/december-16/india,T2,3,"title 77 chars (>65): ""Indian Celebrities Born on December 16 — Jyoti Amge, Ritika Singh | BornClock"""
/born-on/december-17/india,T2,3,"title 83 chars (>65): ""Indian Celebrities Born on December 17 — John Abraham, Riteish Deshmukh | BornClock"""
/born-on/december-18/india,T2,3,"title 78 chars (>65): ""Indian Celebrities Born on December 18 — Vijay Mallya, Sneha Ullal | BornClock"""
/born-on/december-19/india,T2,3,"title 84 chars (>65): ""Indian Celebrities Born on December 19 — Pratibha Patil, Ankita Lokhande | BornClock"""
/born-on/december-2/india,T2,3,"title 76 chars (>65): ""Indian Celebrities Born on December 2 — Boman Irani, Silk Smitha | BornClock"""
/born-on/december-20/india,T2,3,"title 81 chars (>65): ""Indian Celebrities Born on December 20 — Sohail Khan, Sanjeeda Sheikh | BornClock"""
/born-on/december-21/india,T2,3,"title 78 chars (>65): ""Indian Celebrities Born on December 21 — Tamannaah Bhatia, Govinda | BornClock"""
/born-on/december-22/india,T2,3,"title 81 chars (>65): ""Indian Celebrities Born on December 22 — Andrea Jeremiah, Isha Talwar | BornClock"""
/born-on/december-23/india,T2,3,"title 80 chars (>65): ""Indian Celebrities Born on December 23 — Charan Singh, Kumar Pallana | BornClock"""
/born-on/december-24/india,T2,3,"title 86 chars (>65): ""Indian Celebrities Born on December 24 — Atal Bihari Vajpayee, Anil Kapoor | BornClock"""
/born-on/december-25/india,T2,3,"title 72 chars (>65): ""Indian Celebrities Born on December 25 — Ram Narayan, Ramdev | BornClock"""
/born-on/december-26/india,T2,3,"title 78 chars (>65): ""Indian Celebrities Born on December 26 — Dawood Ibrahim, Baba Amte | BornClock"""
/born-on/december-28/india,T2,3,"title 81 chars (>65): ""Indian Celebrities Born on December 28 — Dhirubhai Ambani, Ratan Tata | BornClock"""
/born-on/december-29/india,T2,3,"title 82 chars (>65): ""Indian Celebrities Born on December 29 — Rajesh Khanna, Twinkle Khanna | BornClock"""
/born-on/december-3/india,T2,3,"title 87 chars (>65): ""Indian Celebrities Born on December 3 — Rajendra Prasad, Konkona Sen Sharma | BornClock"""
/born-on/december-30/india,T2,3,"title 94 chars (>65): ""Indian Celebrities Born on December 30 — Sabeer Bhatia, Kanaiyalal Maneklal Munshi | BornClock"""
/born-on/december-31/india,T2,3,"title 87 chars (>65): ""Indian Celebrities Born on December 31 — Mallikarjun Mansur, Shrilal Shukla | BornClock"""
/born-on/december-4/india,T2,3,"title 81 chars (>65): ""Indian Celebrities Born on December 4 — R. Venkataraman, I. K. Gujral | BornClock"""
/born-on/december-5/india,T2,3,"title 84 chars (>65): ""Indian Celebrities Born on December 5 — Sheikh Muhammad Abdullah, Nadira | BornClock"""
/born-on/december-6/india,T2,3,"title 73 chars (>65): ""Indian Celebrities Born on December 6 — Savitri, Nirupama Rao | BornClock"""
/born-on/december-8/india,T2,3,"title 79 chars (>65): ""Indian Celebrities Born on December 8 — Dharmendra, Sharmila Tagore | BornClock"""
/born-on/december-9/india,T2,3,"title 75 chars (>65): ""Indian Celebrities Born on December 9 — Sonia Gandhi, Dia Mirza | BornClock"""
/born-on/february-1/india,T2,3,"title 78 chars (>65): ""Indian Celebrities Born on February 1 — Mahek Chahal, Brahmanandam | BornClock"""
/born-on/february-10/india,T2,3,"title 86 chars (>65): ""Indian Celebrities Born on February 10 — Vikas Krishan Yadav, Sarah Joseph | BornClock"""
/born-on/february-11/india,T2,3,"title 80 chars (>65): ""Indian Celebrities Born on February 11 — Sherlyn Chopra, Tina Ambani | BornClock"""
/born-on/february-12/india,T2,3,"title 78 chars (>65): ""Indian Celebrities Born on February 12 — Pran, Dayananda Saraswati | BornClock"""
/born-on/february-13/india,T2,3,"title 84 chars (>65): ""Indian Celebrities Born on February 13 — Somdev Devvarman, Rashami Desai | BornClock"""
/born-on/february-14/india,T2,3,"title 77 chars (>65): ""Indian Celebrities Born on February 14 — Sushma Swaraj, Madhubala | BornClock"""
/born-on/february-15/india,T2,3,"title 86 chars (>65): ""Indian Celebrities Born on February 15 — Meera Jasmine, Ashutosh Gowariker | BornClock"""
/born-on/february-17/india,T2,3,"title 90 chars (>65): ""Indian Celebrities Born on February 17 — Meena Alexander, K. Chandrashekar Rao | BornClock"""
/born-on/february-18/india,T2,3,"title 89 chars (>65): ""Indian Celebrities Born on February 18 — Ramakrishna Paramahamsa, Manu Bhaker | BornClock"""
/born-on/february-19/india,T2,3,"title 95 chars (>65): ""Indian Celebrities Born on February 19 — Chhatrapati Shivaji Maharaj, Nalini Malani | BornClock"""
/born-on/february-2/india,T2,3,"title 78 chars (>65): ""Indian Celebrities Born on February 2 — Shamita Shetty, Amrit Kaur | BornClock"""
/born-on/february-20/india,T2,3,"title 86 chars (>65): ""Indian Celebrities Born on February 20 — Anupama Parameswaran, Annu Kapoor | BornClock"""
/born-on/february-21/india,T2,3,"title 95 chars (>65): ""Indian Celebrities Born on February 21 — Vedhika Kumar, Suryakant Tripathi 'Nirala' | BornClock"""
/born-on/february-22/india,T2,3,"title 88 chars (>65): ""Indian Celebrities Born on February 22 — Vijay Singh, Bombayla Devi Laishram | BornClock"""
/born-on/february-23/india,T2,3,"title 95 chars (>65): ""Indian Celebrities Born on February 23 — Karan Singh Grover, Bhagyashree Patwardhan | BornClock"""
/born-on/february-24/india,T2,3,"title 101 chars (>65): ""Indian Celebrities Born on February 24 — Gayatri Chakravorty Spivak, Jayaram Jayalalithaa | BornClock"""
/born-on/february-25/india,T2,3,"title 78 chars (>65): ""Indian Celebrities Born on February 25 — Shahid Kapoor, Meher Baba | BornClock"""
/born-on/february-26/india,T2,3,"title 83 chars (>65): ""Indian Celebrities Born on February 26 — Sriti Jha, Gopal Swarup Pathak | BornClock"""
/born-on/february-28/india,T2,3,"title 78 chars (>65): ""Indian Celebrities Born on February 28 — Krishan Kant, U. Srinivas | BornClock"""
/born-on/february-3/india,T2,3,"title 82 chars (>65): ""Indian Celebrities Born on February 3 — Waheeda Rehman, Raghuram Rajan | BornClock"""
/born-on/february-4/india,T2,3,"title 83 chars (>65): ""Indian Celebrities Born on February 4 — Urmila Matondkar, Birju Maharaj | BornClock"""
/born-on/february-5/india,T2,3,"title 93 chars (>65): ""Indian Celebrities Born on February 5 — Duraisamy Simon Lourdusamy, Shankha Ghosh | BornClock"""
/born-on/february-6/india,T2,3,"title 91 chars (>65): ""Indian Celebrities Born on February 6 — Muhammad Zafarullah Khan, Puja Banerjee | BornClock"""
/born-on/february-7/india,T2,3,"title 86 chars (>65): ""Indian Celebrities Born on February 7 — Prakash Karat, Prachee Shah Pandya | BornClock"""
/born-on/february-8/india,T2,3,"title 78 chars (>65): ""Indian Celebrities Born on February 8 — Zakir Husain, Jagjit Singh | BornClock"""
/born-on/february-9/india,T2,3,"title 78 chars (>65): ""Indian Celebrities Born on February 9 — Amrita Singh, Nicole Faria | BornClock"""
/born-on/january-1/india,T2,3,"title 80 chars (>65): ""Indian Celebrities Born on January 1 — Chanakya, Satyendra Nath Bose | BornClock"""
/born-on/january-10/india,T2,3,"title 82 chars (>65): ""Indian Celebrities Born on January 10 — Hrithik Roshan, Kalki Koechlin | BornClock"""
/born-on/january-11/india,T2,3,"title 83 chars (>65): ""Indian Celebrities Born on January 11 — Kailash Satyarthi, Rahul Dravid | BornClock"""
/born-on/january-12/india,T2,3,"title 92 chars (>65): ""Indian Celebrities Born on January 12 — Swami Vivekananda, Maharishi Mahesh Yogi | BornClock"""
/born-on/january-13/india,T2,3,"title 78 chars (>65): ""Indian Celebrities Born on January 13 — Rakesh Sharma, Durga Khote | BornClock"""
/born-on/january-14/india,T2,3,"title 86 chars (>65): ""Indian Celebrities Born on January 14 — Narain Karthikeyan, Mahasweta Devi | BornClock"""
/born-on/january-15/india,T2,3,"title 79 chars (>65): ""Indian Celebrities Born on January 15 — Mayawati, Neil Nitin Mukesh | BornClock"""
/born-on/january-16/india,T2,3,"title 81 chars (>65): ""Indian Celebrities Born on January 16 — Sidharth Malhotra, Kabir Bedi | BornClock"""
/born-on/january-17/india,T2,3,"title 77 chars (>65): ""Indian Celebrities Born on January 17 — M. G. Ramachandran, Bindu | BornClock"""
/born-on/january-18/india,T2,3,"title 77 chars (>65): ""Indian Celebrities Born on January 18 — Veerappan, Minissha Lamba | BornClock"""
/born-on/january-19/india,T2,3,"title 87 chars (>65): ""Indian Celebrities Born on January 19 — Karun Chandhok, Soumitra Chatterjee | BornClock"""
/born-on/january-2/india,T2,3,"title 122 chars (>65): ""Indian Celebrities Born on January 2 — Sathamangalam Ranga Iyengar Srinivasa Varadhan, Chandrashekhara Kambara | BornClock"""
/born-on/january-20/india,T2,3,"title 89 chars (>65): ""Indian Celebrities Born on January 20 — Filipe Neri Ferrão, Qurratulain Hyder | BornClock"""
/born-on/january-21/india,T2,3,"title 84 chars (>65): ""Indian Celebrities Born on January 21 — Sushant Singh Rajput, Kim Sharma | BornClock"""
/born-on/january-22/india,T2,3,"title 87 chars (>65): ""Indian Celebrities Born on January 22 — Namrata Shirodkar, Ashwini Kalsekar | BornClock"""
/born-on/january-23/india,T2,3,"title 87 chars (>65): ""Indian Celebrities Born on January 23 — Subhas Chandra Bose, Bharrat Jagdeo | BornClock"""
/born-on/january-24/india,T2,3,"title 83 chars (>65): ""Indian Celebrities Born on January 24 — Riya Sen, Rajeshwari Chatterjee | BornClock"""
/born-on/january-25/india,T2,3,"title 74 chars (>65): ""Indian Celebrities Born on January 25 — Mandeep Singh, Urvashi | BornClock"""
/born-on/january-26/india,T2,3,"title 79 chars (>65): ""Indian Celebrities Born on January 26 — Laxmirani Majhi, Anita Nair | BornClock"""
/born-on/january-27/india,T2,3,"title 77 chars (>65): ""Indian Celebrities Born on January 27 — Bobby Deol, Sabu Dastagir | BornClock"""
/born-on/january-28/india,T2,3,"title 82 chars (>65): ""Indian Celebrities Born on January 28 — Shruti Haasan, Lala Lajpat Rai | BornClock"""
/born-on/january-29/india,T2,3,"title 87 chars (>65): ""Indian Celebrities Born on January 29 — Gauri Lankesh, Rajyavardhan Rathore | BornClock"""
/born-on/january-3/india,T2,3,"title 79 chars (>65): ""Indian Celebrities Born on January 3 — Jaswant Singh, Sugathakumari | BornClock"""
/born-on/january-30/india,T2,3,"title 76 chars (>65): ""Indian Celebrities Born on January 30 — S. N. Goenka, Puja Gupta | BornClock"""
/born-on/january-31/india,T2,3,"title 78 chars (>65): ""Indian Celebrities Born on January 31 — Preity Zinta, Amrita Arora | BornClock"""
/born-on/january-4/india,T2,3,"title 78 chars (>65): ""Indian Celebrities Born on January 4 — Nirupa Roy, Aditya Pancholi | BornClock"""
/born-on/january-5/india,T2,3,"title 90 chars (>65): ""Indian Celebrities Born on January 5 — Deepika Padukone, Paramahansa Yogananda | BornClock"""
/born-on/january-6/india,T2,3,"title 74 chars (>65): ""Indian Celebrities Born on January 6 — A. R. Rahman, Kapil Dev | BornClock"""
/born-on/january-7/india,T2,3,"title 78 chars (>65): ""Indian Celebrities Born on January 7 — Irrfan Khan, Supriya Pathak | BornClock"""
/born-on/january-8/india,T2,3,"title 73 chars (>65): ""Indian Celebrities Born on January 8 — Nanda, Ashapoorna Devi | BornClock"""
/born-on/january-9/india,T2,3,"title 76 chars (>65): ""Indian Celebrities Born on January 9 — Farah Khan, Farhan Akhtar | BornClock"""
/born-on/july-1/india,T2,3,"title 88 chars (>65): ""Indian Celebrities Born on July 1 — Ahmed Deedat, Muppavarapu Venkaiah Naidu | BornClock"""
/born-on/july-10/india,T2,3,"title 77 chars (>65): ""Indian Celebrities Born on July 10 — Rajnath Singh, Sundar Pichai | BornClock"""
/born-on/july-11/india,T2,3,"title 75 chars (>65): ""Indian Celebrities Born on July 11 — Amitav Ghosh, Amit Trivedi | BornClock"""
/born-on/july-12/india,T2,3,"title 81 chars (>65): ""Indian Celebrities Born on July 12 — Sharath Kamal, Sulakshana Pandit | BornClock"""
/born-on/july-13/india,T2,3,"title 76 chars (>65): ""Indian Celebrities Born on July 13 — Nihal Sarin, Urvashi Sharma | BornClock"""
/born-on/july-15/india,T2,3,"title 72 chars (>65): ""Indian Celebrities Born on July 15 — K.Kamarajar, Ashoke Sen | BornClock"""
/born-on/july-16/india,T2,3,"title 77 chars (>65): ""Indian Celebrities Born on July 16 — Katrina Kaif, Aruna Asaf Ali | BornClock"""
/born-on/july-17/india,T2,3,"title 76 chars (>65): ""Indian Celebrities Born on July 17 — Zarina Wahab, H. S. Prannoy | BornClock"""
/born-on/july-18/india,T2,3,"title 80 chars (>65): ""Indian Celebrities Born on July 18 — Priyanka Chopra, Bhumi Pednekar | BornClock"""
/born-on/july-19/india,T2,3,"title 86 chars (>65): ""Indian Celebrities Born on July 19 — Jayant Vishnu Narlikar, Balamani Amma | BornClock"""
/born-on/july-20/india,T2,3,"title 78 chars (>65): ""Indian Celebrities Born on July 20 — Naseeruddin Shah, Gracy Singh | BornClock"""
/born-on/july-21/india,T2,3,"title 84 chars (>65): ""Indian Celebrities Born on July 21 — Mallikarjun Kharge, Sandesh Jhingan | BornClock"""
/born-on/july-22/india,T2,3,"title 74 chars (>65): ""Indian Celebrities Born on July 22 — Mukesh, Devendra Fadnavis | BornClock"""
/born-on/july-23/india,T2,3,"title 76 chars (>65): ""Indian Celebrities Born on July 23 — Bal Gangadhar Tilak, Suriya | BornClock"""
/born-on/july-24/india,T2,3,"title 73 chars (>65): ""Indian Celebrities Born on July 24 — Manoj Kumar, Azim Premji | BornClock"""
/born-on/july-25/india,T2,3,"title 86 chars (>65): ""Indian Celebrities Born on July 25 — Harsimrat Kaur Badal, Maithili Thakur | BornClock"""
/born-on/july-26/india,T2,3,"title 80 chars (>65): ""Indian Celebrities Born on July 26 — Jagdish Bhagwati, Jugal Hansraj | BornClock"""
/born-on/july-27/india,T2,3,"title 72 chars (>65): ""Indian Celebrities Born on July 27 — Kriti Sanon, Rahul Bose | BornClock"""
/born-on/july-28/india,T2,3,"title 76 chars (>65): ""Indian Celebrities Born on July 28 — Huma Qureshi, Ayesha Jhulka | BornClock"""
/born-on/july-29/india,T2,3,"title 75 chars (>65): ""Indian Celebrities Born on July 29 — Sanjay Dutt, J. R. D. Tata | BornClock"""
/born-on/july-3/india,T2,3,"title 80 chars (>65): ""Indian Celebrities Born on July 3 — Hansa Jivraj Mehta, Bharti Singh | BornClock"""
/born-on/july-30/india,T2,3,"title 70 chars (>65): ""Indian Celebrities Born on July 30 — Sonu Sood, Sonu Nigam | BornClock"""
/born-on/july-31/india,T2,3,"title 69 chars (>65): ""Indian Celebrities Born on July 31 — Kiara Advani, Mumtaz | BornClock"""
/born-on/july-4/india,T2,3,"title 78 chars (>65): ""Indian Celebrities Born on July 4 — Gulzarilal Nanda, Yuki Bhambri | BornClock"""
/born-on/july-5/india,T2,3,"title 72 chars (>65): ""Indian Celebrities Born on July 5 — P. V. Sindhu, Zayed Khan | BornClock"""
/born-on/july-6/india,T2,3,"title 86 chars (>65): ""Indian Celebrities Born on July 6 — Ranveer Singh, Shyama Prasad Mukherjee | BornClock"""
/born-on/july-7/india,T2,3,"title 81 chars (>65): ""Indian Celebrities Born on July 7 — MS Dhoni, Rakeysh Omprakash Mehra | BornClock"""
/born-on/july-8/india,T2,3,"title 71 chars (>65): ""Indian Celebrities Born on July 8 — Neetu Singh, Jyoti Basu | BornClock"""
/born-on/july-9/india,T2,3,"title 72 chars (>65): ""Indian Celebrities Born on July 9 — Guru Dutt, Sanjeev Kumar | BornClock"""
/born-on/june-10/india,T2,3,"title 78 chars (>65): ""Indian Celebrities Born on June 10 — Sundar Pichai, Malavat Poorna | BornClock"""
/born-on/june-11/india,T2,3,"title 81 chars (>65): ""Indian Celebrities Born on June 11 — Lalu Prasad Yadav, Netha Hussain | BornClock"""
/born-on/june-12/india,T2,3,"title 74 chars (>65): ""Indian Celebrities Born on June 12 — Padmini, Geetanjali Shree | BornClock"""
/born-on/june-13/india,T2,3,"title 77 chars (>65): ""Indian Celebrities Born on June 13 — Disha Patani, Deepika Kumari | BornClock"""
/born-on/june-14/india,T2,3,"title 80 chars (>65): ""Indian Celebrities Born on June 14 — Kirron Kher, Pritam Chakraborty | BornClock"""
/born-on/june-15/india,T2,3,"title 81 chars (>65): ""Indian Celebrities Born on June 15 — Lakshmi Mittal, Bhaichung Bhutia | BornClock"""
/born-on/june-16/india,T2,3,"title 89 chars (>65): ""Indian Celebrities Born on June 16 — Mithun Chakraborty, Hemanta Mukhopadhyay | BornClock"""
/born-on/june-17/india,T2,3,"title 74 chars (>65): ""Indian Celebrities Born on June 17 — Leander Paes, Lisa Haydon | BornClock"""
/born-on/june-18/india,T2,3,"title 75 chars (>65): ""Indian Celebrities Born on June 18 — Kamala Sohonie, Sara Arjun | BornClock"""
/born-on/june-19/india,T2,3,"title 77 chars (>65): ""Indian Celebrities Born on June 19 — Salman Rushdie, Rahul Gandhi | BornClock"""
/born-on/june-2/india,T2,3,"title 69 chars (>65): ""Indian Celebrities Born on June 2 — Sonakshi, Mani Ratnam | BornClock"""
/born-on/june-20/india,T2,3,"title 76 chars (>65): ""Indian Celebrities Born on June 20 — Droupadi Murmu, Vikram Seth | BornClock"""
/born-on/june-21/india,T2,3,"title 81 chars (>65): ""Indian Celebrities Born on June 21 — Vaishali Rameshbabu, Reema Lagoo | BornClock"""
/born-on/june-22/india,T2,3,"title 67 chars (>65): ""Indian Celebrities Born on June 22 — Amrish Puri, Vijay | BornClock"""
/born-on/june-23/india,T2,3,"title 73 chars (>65): ""Indian Celebrities Born on June 23 — Vikas Swarup, Raj Babbar | BornClock"""
/born-on/june-24/india,T2,3,"title 74 chars (>65): ""Indian Celebrities Born on June 24 — Anita Desai, Gautam Adani | BornClock"""
/born-on/june-25/india,T2,3,"title 88 chars (>65): ""Indian Celebrities Born on June 25 — Karisma Kapoor, Vishwanath Pratap Singh | BornClock"""
/born-on/june-26/india,T2,3,"title 77 chars (>65): ""Indian Celebrities Born on June 26 — Arjun Kapoor, Manpreet Singh | BornClock"""
/born-on/june-27/india,T2,3,"title 92 chars (>65): ""Indian Celebrities Born on June 27 — Bankim Chandra Chattopadhyay, Amala Shankar | BornClock"""
/born-on/june-28/india,T2,3,"title 83 chars (>65): ""Indian Celebrities Born on June 28 — P. V. Narasimha Rao, Jasmin Bhasin | BornClock"""
/born-on/june-29/india,T2,3,"title 92 chars (>65): ""Indian Celebrities Born on June 29 — Prasanta Chandra Mahalanobis, Upasana Singh | BornClock"""
/born-on/june-3/india,T2,3,"title 72 chars (>65): ""Indian Celebrities Born on June 3 — George Fernandes, Sarika | BornClock"""
/born-on/june-30/india,T2,3,"title 96 chars (>65): ""Indian Celebrities Born on June 30 — Amir Khusrau, Chintamani Nagesa Ramachandra Rao | BornClock"""
/born-on/june-4/india,T2,3,"title 66 chars (>65): ""Indian Celebrities Born on June 4 — Nutan, Anil Ambani | BornClock"""
/born-on/june-5/india,T2,3,"title 80 chars (>65): ""Indian Celebrities Born on June 5 — Yogi Adityanath, Ramesh Krishnan | BornClock"""
/born-on/june-6/india,T2,3,"title 67 chars (>65): ""Indian Celebrities Born on June 6 — Sunil Dutt, Bhavana | BornClock"""
/born-on/june-7/india,T2,3,"title 75 chars (>65): ""Indian Celebrities Born on June 7 — Amrita Rao, Mahesh Bhupathi | BornClock"""
/born-on/june-8/india,T2,3,"title 78 chars (>65): ""Indian Celebrities Born on June 8 — Dimple Kapadia, Atishi Marlena | BornClock"""
/born-on/june-9/india,T2,3,"title 75 chars (>65): ""Indian Celebrities Born on June 9 — Sonam Kapoor, Ameesha Patel | BornClock"""
/born-on/march-1/india,T2,3,"title 71 chars (>65): ""Indian Celebrities Born on March 1 — Mary Kom, M. K. Stalin | BornClock"""
/born-on/march-10/india,T2,3,"title 84 chars (>65): ""Indian Celebrities Born on March 10 — Omar Abdullah, Asghar Ali Engineer | BornClock"""
/born-on/march-12/india,T2,3,"title 75 chars (>65): ""Indian Celebrities Born on March 12 — Shreya Ghoshal, Kyra Dutt | BornClock"""
/born-on/march-13/india,T2,3,"title 75 chars (>65): ""Indian Celebrities Born on March 13 — Nimrat Kaur, Varun Gandhi | BornClock"""
/born-on/march-14/india,T2,3,"title 81 chars (>65): ""Indian Celebrities Born on March 14 — Aamir Khan, Irom Chanu Sharmila | BornClock"""
/born-on/march-15/india,T2,3,"title 75 chars (>65): ""Indian Celebrities Born on March 15 — Abhay Deol, Sunetra Gupta | BornClock"""
/born-on/march-16/india,T2,3,"title 75 chars (>65): ""Indian Celebrities Born on March 16 — Bipin Rawat, Ananya Khare | BornClock"""
/born-on/march-17/india,T2,3,"title 86 chars (>65): ""Indian Celebrities Born on March 17 — Kalpana Chawla, Dr. Puneeth Rajkumar | BornClock"""
/born-on/march-18/india,T2,3,"title 77 chars (>65): ""Indian Celebrities Born on March 18 — Shashi Kapoor, Ratna Pathak | BornClock"""
/born-on/march-2/india,T2,3,"title 81 chars (>65): ""Indian Celebrities Born on March 2 — Tiger Shroff, Mithan Jamshed Lam | BornClock"""
/born-on/march-20/india,T2,3,"title 76 chars (>65): ""Indian Celebrities Born on March 20 — Alka Yagnik, Gayatri Joshi | BornClock"""
/born-on/march-21/india,T2,3,"title 80 chars (>65): ""Indian Celebrities Born on March 21 — Rani Mukherjee, Bismillah Khan | BornClock"""
/born-on/march-23/india,T2,3,"title 78 chars (>65): ""Indian Celebrities Born on March 23 — Kangana Ranaut, Smriti Irani | BornClock"""
/born-on/march-25/india,T2,3,"title 80 chars (>65): ""Indian Celebrities Born on March 25 — Leslie Claudius, Farooq Sheikh | BornClock"""
/born-on/march-26/india,T2,3,"title 77 chars (>65): ""Indian Celebrities Born on March 26 — Subhash Kak, Mahadevi Varma | BornClock"""
/born-on/march-27/india,T2,3,"title 78 chars (>65): ""Indian Celebrities Born on March 27 — Ram Charan, Lakshmi N. Menon | BornClock"""
/born-on/march-28/india,T2,3,"title 79 chars (>65): ""Indian Celebrities Born on March 28 — Akshaye Khanna, Moon Moon Sen | BornClock"""
/born-on/march-29/india,T2,3,"title 73 chars (>65): ""Indian Celebrities Born on March 29 — Utpal Dutt, Aditi Ashok | BornClock"""
/born-on/march-3/india,T2,3,"title 79 chars (>65): ""Indian Celebrities Born on March 3 — Shraddha Kapoor, Jamsetji Tata | BornClock"""
/born-on/march-30/india,T2,3,"title 76 chars (>65): ""Indian Celebrities Born on March 30 — Devika Rani, Palak Muchhal | BornClock"""
/born-on/march-31/india,T2,3,"title 75 chars (>65): ""Indian Celebrities Born on March 31 — Koneru Humpy, Meira Kumar | BornClock"""
/born-on/march-4/india,T2,3,"title 83 chars (>65): ""Indian Celebrities Born on March 4 — Rohan Bopanna, Kamalinee Mukherjee | BornClock"""
/born-on/march-5/india,T2,3,"title 87 chars (>65): ""Indian Celebrities Born on March 5 — Aarthi Aggarwal, Shivraj Singh Chouhan | BornClock"""
/born-on/march-7/india,T2,3,"title 82 chars (>65): ""Indian Celebrities Born on March 7 — Anupam Kher, Arnab Ranjan Goswami | BornClock"""
/born-on/march-8/india,T2,3,"title 82 chars (>65): ""Indian Celebrities Born on March 8 — Vasundhara Raje, Harmanpreet Kaur | BornClock"""
/born-on/march-9/india,T2,3,"title 78 chars (>65): ""Indian Celebrities Born on March 9 — Shashi Tharoor, Zakir Hussain | BornClock"""
/born-on/may-1/india,T2,3,"title 75 chars (>65): ""Indian Celebrities Born on May 1 — Anushka Sharma, Diana Hayden | BornClock"""
/born-on/may-10/india,T2,3,"title 86 chars (>65): ""Indian Celebrities Born on May 10 — Pendyala Harikrishna, Nayantara Sahgal | BornClock"""
/born-on/may-11/india,T2,3,"title 79 chars (>65): ""Indian Celebrities Born on May 11 — Saadat Hasan Manto, Adah Sharma | BornClock"""
/born-on/may-12/india,T2,3,"title 77 chars (>65): ""Indian Celebrities Born on May 12 — Jiddu Krishnamurti, Adaa Khan | BornClock"""
/born-on/may-13/india,T2,3,"title 98 chars (>65): ""Indian Celebrities Born on May 13 — Fakhruddin Ali Ahmed, Gurudev Sri Sri Ravi Shankar | BornClock"""
/born-on/may-14/india,T2,3,"title 77 chars (>65): ""Indian Celebrities Born on May 14 — Manushi Chhillar, Zarine Khan | BornClock"""
/born-on/may-15/india,T2,3,"title 75 chars (>65): ""Indian Celebrities Born on May 15 — Madhuri Dixit, Shiney Ahuja | BornClock"""
/born-on/may-16/india,T2,3,"title 78 chars (>65): ""Indian Celebrities Born on May 16 — Sonal Chauhan, K. Natwar Singh | BornClock"""
/born-on/may-17/india,T2,3,"title 81 chars (>65): ""Indian Celebrities Born on May 17 — Nushrratt Bharuccha, Pankaj Udhas | BornClock"""
/born-on/may-18/india,T2,3,"title 80 chars (>65): ""Indian Celebrities Born on May 18 — H. D. Deve Gowda, Shivangi Joshi | BornClock"""
/born-on/may-19/india,T2,3,"title 89 chars (>65): ""Indian Celebrities Born on May 19 — Neelam Sanjiva Reddy, Nawazuddin Siddiqui | BornClock"""
/born-on/may-2/india,T2,3,"title 80 chars (>65): ""Indian Celebrities Born on May 2 — Soumya Swaminathan, Mario Miranda | BornClock"""
/born-on/may-20/india,T2,3,"title 78 chars (>65): ""Indian Celebrities Born on May 20 — N. T. Rama Rao Jr., P. T. Usha | BornClock"""
/born-on/may-21/india,T2,3,"title 79 chars (>65): ""Indian Celebrities Born on May 21 — Aditya Chopra, Aditi Gowitrikar | BornClock"""
/born-on/may-22/india,T2,3,"title 77 chars (>65): ""Indian Celebrities Born on May 22 — Mehbooba Mufti, Devdas Gandhi | BornClock"""
/born-on/may-23/india,T2,3,"title 84 chars (>65): ""Indian Celebrities Born on May 23 — Palden Thondup Namgyal, Gayatri Devi | BornClock"""
/born-on/may-24/india,T2,3,"title 80 chars (>65): ""Indian Celebrities Born on May 24 — Kazi Nazrul Islam, Bachendri Pal | BornClock"""
/born-on/may-25/india,T2,3,"title 77 chars (>65): ""Indian Celebrities Born on May 25 — Karan Johar, Baselios Cleemis | BornClock"""
/born-on/may-26/india,T2,3,"title 74 chars (>65): ""Indian Celebrities Born on May 26 — Sushil Kumar, Tarsem Singh | BornClock"""
/born-on/may-27/india,T2,3,"title 75 chars (>65): ""Indian Celebrities Born on May 27 — Nitin Gadkari, Ravi Shastri | BornClock"""
/born-on/may-28/india,T2,3,"title 88 chars (>65): ""Indian Celebrities Born on May 28 — Vinayak Damodar Savarkar, N. T. Rama Rao | BornClock"""
/born-on/may-29/india,T2,3,"title 72 chars (>65): ""Indian Celebrities Born on May 29 — Tenzing Norgay, Gukesh D | BornClock"""
/born-on/may-3/india,T2,3,"title 90 chars (>65): ""Indian Celebrities Born on May 3 — Vengalil Krishnan Krishna Menon, Uma Bharti | BornClock"""
/born-on/may-30/india,T2,3,"title 77 chars (>65): ""Indian Celebrities Born on May 30 — Jennifer Winget, Paresh Rawal | BornClock"""
/born-on/may-31/india,T2,3,"title 80 chars (>65): ""Indian Celebrities Born on May 31 — Sobhita Dhulipala, Kalpana Lajmi | BornClock"""
/born-on/may-4/india,T2,3,"title 75 chars (>65): ""Indian Celebrities Born on May 4 — Trisha Krishnan, Anna Chandy | BornClock"""
/born-on/may-5/india,T2,3,"title 72 chars (>65): ""Indian Celebrities Born on May 5 — Zail Singh, Gulshan Kumar | BornClock"""
/born-on/may-6/india,T2,3,"title 76 chars (>65): ""Indian Celebrities Born on May 6 — Gagan Narang, Shahana Goswami | BornClock"""
/born-on/may-7/india,T2,3,"title 80 chars (>65): ""Indian Celebrities Born on May 7 — Rabindranath Tagore, Amyra Dastur | BornClock"""
/born-on/may-8/india,T2,3,"title 78 chars (>65): ""Indian Celebrities Born on May 8 — Sreejesh Ravindran, Devi Shetty | BornClock"""
/born-on/may-9/india,T2,3,"title 85 chars (>65): ""Indian Celebrities Born on May 9 — Gopal Krishna Gokhale, Maharana Pratap | BornClock"""
/born-on/november-1/india,T2,3,"title 78 chars (>65): ""Indian Celebrities Born on November 1 — Ileana D'Cruz, Nita Ambani | BornClock"""
/born-on/november-10/india,T2,3,"title 87 chars (>65): ""Indian Celebrities Born on November 10 — Ajaypal Singh Banga, Ashutosh Rana | BornClock"""
/born-on/november-11/india,T2,3,"title 80 chars (>65): ""Indian Celebrities Born on November 11 — Abul Kalam Azad, Mala Sinha | BornClock"""
/born-on/november-12/india,T2,3,"title 78 chars (>65): ""Indian Celebrities Born on November 12 — Salim Ali, Rohini Godbole | BornClock"""
/born-on/november-13/india,T2,3,"title 78 chars (>65): ""Indian Celebrities Born on November 13 — Juhi Chawla, Nikita Dutta | BornClock"""
/born-on/november-14/india,T2,3,"title 85 chars (>65): ""Indian Celebrities Born on November 14 — Jawaharlal Nehru, Mamta Mohandas | BornClock"""
/born-on/november-15/india,T2,3,"title 82 chars (>65): ""Indian Celebrities Born on November 15 — Sania Mirza, Cornelia Sorabji | BornClock"""
/born-on/november-16/india,T2,3,"title 89 chars (>65): ""Indian Celebrities Born on November 16 — Aditya Roy Kapur, Meenakshi Seshadri | BornClock"""
/born-on/november-17/india,T2,3,"title 84 chars (>65): ""Indian Celebrities Born on November 17 — Shobhna Samarth, Chanda Kochhar | BornClock"""
/born-on/november-18/india,T2,3,"title 76 chars (>65): ""Indian Celebrities Born on November 18 — Zubeen Garg, Nayanthara | BornClock"""
/born-on/november-19/india,T2,3,"title 83 chars (>65): ""Indian Celebrities Born on November 19 — Indira Gandhi, Rani Lakshmibai | BornClock"""
/born-on/november-2/india,T2,3,"title 75 chars (>65): ""Indian Celebrities Born on November 2 — Esha Deol, Aga Khan III | BornClock"""
/born-on/november-20/india,T2,3,"title 78 chars (>65): ""Indian Celebrities Born on November 20 — Tipu Sultan, Milkha Singh | BornClock"""
/born-on/november-21/india,T2,3,"title 71 chars (>65): ""Indian Celebrities Born on November 21 — Neha Sharma, Helen | BornClock"""
/born-on/november-22/india,T2,3,"title 72 chars (>65): ""Indian Celebrities Born on November 22 — Rukhmabai, Mirabehn | BornClock"""
/born-on/november-23/india,T2,3,"title 80 chars (>65): ""Indian Celebrities Born on November 23 — Sathya Sai Baba, Geeta Dutt | BornClock"""
/born-on/november-24/india,T2,3,"title 81 chars (>65): ""Indian Celebrities Born on November 24 — Arundhati Roy, Celina Jaitly | BornClock"""
/born-on/november-25/india,T2,3,"title 82 chars (>65): ""Indian Celebrities Born on November 25 — Roopa Ganguly, Jhulan Goswami | BornClock"""
/born-on/november-26/india,T2,3,"title 89 chars (>65): ""Indian Celebrities Born on November 26 — Arjun Rampal, Suniti Kumar Chatterji | BornClock"""
/born-on/november-27/india,T2,3,"title 87 chars (>65): ""Indian Celebrities Born on November 27 — Harivansh Rai Bachchan, Tina Datta | BornClock"""
/born-on/november-28/india,T2,3,"title 76 chars (>65): ""Indian Celebrities Born on November 28 — Yami Gautam, Esha Gupta | BornClock"""
/born-on/november-29/india,T2,3,"title 86 chars (>65): ""Indian Celebrities Born on November 29 — Ali Sardar Jafri, Chitrashi Rawat | BornClock"""
/born-on/november-3/india,T2,3,"title 82 chars (>65): ""Indian Celebrities Born on November 3 — Amartya Sen, Prithviraj Kapoor | BornClock"""
/born-on/november-30/india,T2,3,"title 81 chars (>65): ""Indian Celebrities Born on November 30 — Romila Thapar, Raashi Khanna | BornClock"""
/born-on/november-4/india,T2,3,"title 73 chars (>65): ""Indian Celebrities Born on November 4 — Tabu, Shakuntala Devi | BornClock"""
/born-on/november-5/india,T2,3,"title 78 chars (>65): ""Indian Celebrities Born on November 5 — Vandana Shiva, Virat Kohli | BornClock"""
/born-on/november-6/india,T2,3,"title 93 chars (>65): ""Indian Celebrities Born on November 6 — Yashwant Sinha, Bhavina Hasmukhbhai Patel | BornClock"""
/born-on/november-7/india,T2,3,"title 80 chars (>65): ""Indian Celebrities Born on November 7 — Anushka Shetty, Kamal Haasan | BornClock"""
/born-on/november-8/india,T2,3,"title 86 chars (>65): ""Indian Celebrities Born on November 8 — Lal Krishna Advani, Kamal Ranadive | BornClock"""
/born-on/november-9/india,T2,3,"title 78 chars (>65): ""Indian Celebrities Born on November 9 — Tanvi Azmi, Neelam Kothari | BornClock"""
/born-on/october-1/india,T2,3,"title 80 chars (>65): ""Indian Celebrities Born on October 1 — Ram Nath Kovind, Annie Besant | BornClock"""
/born-on/october-10/india,T2,3,"title 72 chars (>65): ""Indian Celebrities Born on October 10 — Rekhā, R. K. Narayan | BornClock"""
/born-on/october-11/india,T2,3,"title 87 chars (>65): ""Indian Celebrities Born on October 11 — Jayaprakash Narayan, Harish-Chandra | BornClock"""
/born-on/october-12/india,T2,3,"title 93 chars (>65): ""Indian Celebrities Born on October 12 — Akshara Haasan, Arunachalam Muruganantham | BornClock"""
/born-on/october-13/india,T2,3,"title 76 chars (>65): ""Indian Celebrities Born on October 13 — Pooja Hegde, Ashok Kumar | BornClock"""
/born-on/october-14/india,T2,3,"title 75 chars (>65): ""Indian Celebrities Born on October 14 — Zoya Akhtar, Punam Raut | BornClock"""
/born-on/october-15/india,T2,3,"title 83 chars (>65): ""Indian Celebrities Born on October 15 — A. P. J. Abdul Kalam, Mira Nair | BornClock"""
/born-on/october-16/india,T2,3,"title 81 chars (>65): ""Indian Celebrities Born on October 16 — Sita Ram Goel, Naveen Patnaik | BornClock"""
/born-on/october-17/india,T2,3,"title 84 chars (>65): ""Indian Celebrities Born on October 17 — Keerthy Suresh, Pranitha Subhash | BornClock"""
/born-on/october-18/india,T2,3,"title 76 chars (>65): ""Indian Celebrities Born on October 18 — Freida Pinto, Zakir Naik | BornClock"""
/born-on/october-19/india,T2,3,"title 90 chars (>65): ""Indian Celebrities Born on October 19 — Subrahmanyan Chandrasekhar, Sunny Deol | BornClock"""
/born-on/october-2/india,T2,3,"title 86 chars (>65): ""Indian Celebrities Born on October 2 — Mahatma Gandhi, Lal Bahadur Shastri | BornClock"""
/born-on/october-20/india,T2,3,"title 91 chars (>65): ""Indian Celebrities Born on October 20 — Navjot Singh Sidhu, V. S. Achuthanandan | BornClock"""
/born-on/october-21/india,T2,3,"title 80 chars (>65): ""Indian Celebrities Born on October 21 — Shammi Kapoor, Antara Biswas | BornClock"""
/born-on/october-22/india,T2,3,"title 83 chars (>65): ""Indian Celebrities Born on October 22 — Deepak Chopra, Parineeti Chopra | BornClock"""
/born-on/october-23/india,T2,3,"title 74 chars (>65): ""Indian Celebrities Born on October 23 — Prabhas, Aravind Adiga | BornClock"""
/born-on/october-24/india,T2,3,"title 84 chars (>65): ""Indian Celebrities Born on October 24 — Mallika Sherawat, Lakshmi Sahgal | BornClock"""
/born-on/october-25/india,T2,3,"title 69 chars (>65): ""Indian Celebrities Born on October 25 — Akbar, Aparna Sen | BornClock"""
/born-on/october-26/india,T2,3,"title 72 chars (>65): ""Indian Celebrities Born on October 26 — Raveena Tandon, Asin | BornClock"""
/born-on/october-27/india,T2,3,"title 85 chars (>65): ""Indian Celebrities Born on October 27 — K. R. Narayanan, Anuradha Paudwal | BornClock"""
/born-on/october-28/india,T2,3,"title 81 chars (>65): ""Indian Celebrities Born on October 28 — Aditi Rao Hydari, Vani Bhojan | BornClock"""
/born-on/october-29/india,T2,3,"title 83 chars (>65): ""Indian Celebrities Born on October 29 — Vijender Singh, Kriti Kharbanda | BornClock"""
/born-on/october-3/india,T2,3,"title 75 chars (>65): ""Indian Celebrities Born on October 3 — J. P. Dutta, Dipak Misra | BornClock"""
/born-on/october-30/india,T2,3,"title 87 chars (>65): ""Indian Celebrities Born on October 30 — Homi Jehangir Bhabha, Ananya Panday | BornClock"""
/born-on/october-31/india,T2,3,"title 90 chars (>65): ""Indian Celebrities Born on October 31 — Sardar Vallabhbhai Patel, Jadav Payeng | BornClock"""
/born-on/october-4/india,T2,3,"title 79 chars (>65): ""Indian Celebrities Born on October 4 — Soha Ali Khan, Shweta Tiwari | BornClock"""
/born-on/october-5/india,T2,3,"title 72 chars (>65): ""Indian Celebrities Born on October 5 — Adil Hussain, Kalpana | BornClock"""
/born-on/october-6/india,T2,3,"title 77 chars (>65): ""Indian Celebrities Born on October 6 — Meghnad Saha, Vinod Khanna | BornClock"""
/born-on/october-7/india,T2,3,"title 78 chars (>65): ""Indian Celebrities Born on October 7 — Yukta Mookhey, Begum Akhtar | BornClock"""
/born-on/october-8/india,T2,3,"title 73 chars (>65): ""Indian Celebrities Born on October 8 — Gauri Khan, Raaj Kumar | BornClock"""
/born-on/october-9/india,T2,3,"title 84 chars (>65): ""Indian Celebrities Born on October 9 — Sharda Sinha, Rushmi Chakravarthi | BornClock"""
/born-on/september-1/india,T2,3,"title 105 chars (>65): ""Indian Celebrities Born on September 1 — A. C. Bhaktivedanta Swami Prabhupada, Sonam Wangchuk | BornClock"""
/born-on/september-10/india,T2,3,"title 104 chars (>65): ""Indian Celebrities Born on September 10 — Basappa Danappa Jatti, Calyampudi Radhakrishna Rao | BornClock"""
/born-on/september-11/india,T2,3,"title 80 chars (>65): ""Indian Celebrities Born on September 11 — Vinoba Bhave, Shriya Saran | BornClock"""
/born-on/september-12/india,T2,3,"title 81 chars (>65): ""Indian Celebrities Born on September 12 — Prachi Desai, Feroze Gandhi | BornClock"""
/born-on/september-13/india,T2,3,"title 88 chars (>65): ""Indian Celebrities Born on September 13 — Mahima Chaudhry, Simran Kaur Mundi | BornClock"""
/born-on/september-14/india,T2,3,"title 90 chars (>65): ""Indian Celebrities Born on September 14 — Ayushmann Khurrana, Suryakumar Yadav | BornClock"""
/born-on/september-15/india,T2,3,"title 86 chars (>65): ""Indian Celebrities Born on September 15 — M. Visvesvaraya, C. N. Annadurai | BornClock"""
/born-on/september-16/india,T2,3,"title 96 chars (>65): ""Indian Celebrities Born on September 16 — M. S. Subbulakshmi, E. C. George Sudarshan | BornClock"""
/born-on/september-17/india,T2,3,"title 81 chars (>65): ""Indian Celebrities Born on September 17 — Narendra Modi, M. F. Husain | BornClock"""
/born-on/september-18/india,T2,3,"title 84 chars (>65): ""Indian Celebrities Born on September 18 — Shabana Azmi, Ashwini Ponnappa | BornClock"""
/born-on/september-19/india,T2,3,"title 83 chars (>65): ""Indian Celebrities Born on September 19 — Eesha Koppikhar, Meghna Naidu | BornClock"""
/born-on/september-2/india,T2,3,"title 85 chars (>65): ""Indian Celebrities Born on September 2 — Sadhana Shivdasani, Pawan Kalyan | BornClock"""
/born-on/september-20/india,T2,3,"title 99 chars (>65): ""Indian Celebrities Born on September 20 — Akkineni Nageswara Rao, Soundarya Rajinikanth | BornClock"""
/born-on/september-21/india,T2,3,"title 83 chars (>65): ""Indian Celebrities Born on September 21 — Kareena Kapoor Khan, Rimi Sen | BornClock"""
/born-on/september-22/india,T2,3,"title 85 chars (>65): ""Indian Celebrities Born on September 22 — Pawan Kumar Chamling, Meher Vij | BornClock"""
/born-on/september-23/india,T2,3,"title 78 chars (>65): ""Indian Celebrities Born on September 23 — Asima Chatterjee, Tanuja | BornClock"""
/born-on/september-24/india,T2,3,"title 105 chars (>65): ""Indian Celebrities Born on September 24 — Victor Hope, 2nd Marquess of Linlithgow, Arati Saha | BornClock"""
/born-on/september-25/india,T2,3,"title 80 chars (>65): ""Indian Celebrities Born on September 25 — Ranbir Kapoor, Divya Dutta | BornClock"""
/born-on/september-26/india,T2,3,"title 77 chars (>65): ""Indian Celebrities Born on September 26 — Dev Anand, Anjali Patil | BornClock"""
/born-on/september-27/india,T2,3,"title 79 chars (>65): ""Indian Celebrities Born on September 27 — Bhagat Singh, Yash Chopra | BornClock"""
/born-on/september-28/india,T2,3,"title 82 chars (>65): ""Indian Celebrities Born on September 28 — Lata Mangeshkar, Indra Nooyi | BornClock"""
/born-on/september-29/india,T2,3,"title 80 chars (>65): ""Indian Celebrities Born on September 29 — Mehmood Ali, Isha Sharvani | BornClock"""
/born-on/september-3/india,T2,3,"title 74 chars (>65): ""Indian Celebrities Born on September 3 — Kiran Desai, Sadhguru | BornClock"""
/born-on/september-30/india,T2,3,"title 81 chars (>65): ""Indian Celebrities Born on September 30 — Sarabjot Singh, Deepa Malik | BornClock"""
/born-on/september-4/india,T2,3,"title 83 chars (>65): ""Indian Celebrities Born on September 4 — Rishi Kapoor, Anthony de Mello | BornClock"""
/born-on/september-5/india,T2,3,"title 97 chars (>65): ""Indian Celebrities Born on September 5 — Sarvepalli Radhakrishnan, Vidhu Vinod Chopra | BornClock"""
/born-on/september-6/india,T2,3,"title 77 chars (>65): ""Indian Celebrities Born on September 6 — Mammootty, Harjit Sajjan | BornClock"""
/born-on/september-7/india,T2,3,"title 77 chars (>65): ""Indian Celebrities Born on September 7 — Neerja Bhanot, Ela Bhatt | BornClock"""
/born-on/september-8/india,T2,3,"title 85 chars (>65): ""Indian Celebrities Born on September 8 — Asha Bhosle, Sivananda Saraswati | BornClock"""
/born-on/september-9/india,T2,3,"title 79 chars (>65): ""Indian Celebrities Born on September 9 — Akshay Kumar, Vikram Batra | BornClock"""
/celebrity-birthday,T2,3,"title 69 chars (>65): ""Best Celebrity Birthday Match — Who Shares Your Birthday? | BornClock"""
/chinese-zodiac,T2,3,"title 69 chars (>65): ""Chinese Zodiac Calculator — Find Your Chinese Zodiac Sign | BornClock"""
/coach,T2,3,"title 73 chars (>65): ""AI Longevity Coach — Understand Your Life-Expectancy Forecast | BornClock"""
/compatibility,T2,3,"title 69 chars (>65): ""Zodiac Compatibility Calculator — How Compatible Are You? | BornClock"""
/compatibility/aquarius/aquarius,T2,3,"title 77 chars (>65): ""Aquarius & Aquarius Compatibility — Love, Friendship & Work Match | BornClock"""
/compatibility/aquarius/aries,T2,3,"title 74 chars (>65): ""Aquarius & Aries Compatibility — Love, Friendship & Work Match | BornClock"""
/compatibility/aquarius/cancer,T2,3,"title 75 chars (>65): ""Aquarius & Cancer Compatibility — Love, Friendship & Work Match | BornClock"""
/compatibility/aquarius/capricorn,T2,3,"title 78 chars (>65): ""Aquarius & Capricorn Compatibility — Love, Friendship & Work Match | BornClock"""
/compatibility/aquarius/gemini,T2,3,"title 75 chars (>65): ""Aquarius & Gemini Compatibility — Love, Friendship & Work Match | BornClock"""
/compatibility/aquarius/leo,T2,3,"title 72 chars (>65): ""Aquarius & Leo Compatibility — Love, Friendship & Work Match | BornClock"""
/compatibility/aquarius/libra,T2,3,"title 74 chars (>65): ""Aquarius & Libra Compatibility — Love, Friendship & Work Match | BornClock"""
/compatibility/aquarius/pisces,T2,3,"title 75 chars (>65): ""Aquarius & Pisces Compatibility — Love, Friendship & Work Match | BornClock"""
/compatibility/aquarius/sagittarius,T2,3,"title 80 chars (>65): ""Aquarius & Sagittarius Compatibility — Love, Friendship & Work Match | BornClock"""
/compatibility/aquarius/scorpio,T2,3,"title 76 chars (>65): ""Aquarius & Scorpio Compatibility — Love, Friendship & Work Match | BornClock"""
/compatibility/aquarius/taurus,T2,3,"title 75 chars (>65): ""Aquarius & Taurus Compatibility — Love, Friendship & Work Match | BornClock"""
/compatibility/aquarius/virgo,T2,3,"title 74 chars (>65): ""Aquarius & Virgo Compatibility — Love, Friendship & Work Match | BornClock"""
/compatibility/aries/aries,T2,3,"title 71 chars (>65): ""Aries & Aries Compatibility — Love, Friendship & Work Match | BornClock"""
/compatibility/aries/cancer,T2,3,"title 72 chars (>65): ""Aries & Cancer Compatibility — Love, Friendship & Work Match | BornClock"""
/compatibility/aries/capricorn,T2,3,"title 75 chars (>65): ""Aries & Capricorn Compatibility — Love, Friendship & Work Match | BornClock"""
/compatibility/aries/gemini,T2,3,"title 72 chars (>65): ""Aries & Gemini Compatibility — Love, Friendship & Work Match | BornClock"""
/compatibility/aries/leo,T2,3,"title 69 chars (>65): ""Aries & Leo Compatibility — Love, Friendship & Work Match | BornClock"""
/compatibility/aries/libra,T2,3,"title 71 chars (>65): ""Aries & Libra Compatibility — Love, Friendship & Work Match | BornClock"""
/compatibility/aries/pisces,T2,3,"title 72 chars (>65): ""Aries & Pisces Compatibility — Love, Friendship & Work Match | BornClock"""
/compatibility/aries/sagittarius,T2,3,"title 77 chars (>65): ""Aries & Sagittarius Compatibility — Love, Friendship & Work Match | BornClock"""
/compatibility/aries/scorpio,T2,3,"title 73 chars (>65): ""Aries & Scorpio Compatibility — Love, Friendship & Work Match | BornClock"""
/compatibility/aries/taurus,T2,3,"title 72 chars (>65): ""Aries & Taurus Compatibility — Love, Friendship & Work Match | BornClock"""
/compatibility/aries/virgo,T2,3,"title 71 chars (>65): ""Aries & Virgo Compatibility — Love, Friendship & Work Match | BornClock"""
/compatibility/cancer/cancer,T2,3,"title 73 chars (>65): ""Cancer & Cancer Compatibility — Love, Friendship & Work Match | BornClock"""
/compatibility/cancer/capricorn,T2,3,"title 76 chars (>65): ""Cancer & Capricorn Compatibility — Love, Friendship & Work Match | BornClock"""
/compatibility/cancer/gemini,T2,3,"title 73 chars (>65): ""Cancer & Gemini Compatibility — Love, Friendship & Work Match | BornClock"""
/compatibility/cancer/leo,T2,3,"title 70 chars (>65): ""Cancer & Leo Compatibility — Love, Friendship & Work Match | BornClock"""
/compatibility/cancer/libra,T2,3,"title 72 chars (>65): ""Cancer & Libra Compatibility — Love, Friendship & Work Match | BornClock"""
/compatibility/cancer/pisces,T2,3,"title 73 chars (>65): ""Cancer & Pisces Compatibility — Love, Friendship & Work Match | BornClock"""
/compatibility/cancer/sagittarius,T2,3,"title 78 chars (>65): ""Cancer & Sagittarius Compatibility — Love, Friendship & Work Match | BornClock"""
/compatibility/cancer/scorpio,T2,3,"title 74 chars (>65): ""Cancer & Scorpio Compatibility — Love, Friendship & Work Match | BornClock"""
/compatibility/cancer/taurus,T2,3,"title 73 chars (>65): ""Cancer & Taurus Compatibility — Love, Friendship & Work Match | BornClock"""
/compatibility/cancer/virgo,T2,3,"title 72 chars (>65): ""Cancer & Virgo Compatibility — Love, Friendship & Work Match | BornClock"""
/compatibility/capricorn/capricorn,T2,3,"title 79 chars (>65): ""Capricorn & Capricorn Compatibility — Love, Friendship & Work Match | BornClock"""
/compatibility/capricorn/gemini,T2,3,"title 76 chars (>65): ""Capricorn & Gemini Compatibility — Love, Friendship & Work Match | BornClock"""
/compatibility/capricorn/leo,T2,3,"title 73 chars (>65): ""Capricorn & Leo Compatibility — Love, Friendship & Work Match | BornClock"""
/compatibility/capricorn/libra,T2,3,"title 75 chars (>65): ""Capricorn & Libra Compatibility — Love, Friendship & Work Match | BornClock"""
/compatibility/capricorn/pisces,T2,3,"title 76 chars (>65): ""Capricorn & Pisces Compatibility — Love, Friendship & Work Match | BornClock"""
/compatibility/capricorn/sagittarius,T2,3,"title 81 chars (>65): ""Capricorn & Sagittarius Compatibility — Love, Friendship & Work Match | BornClock"""
/compatibility/capricorn/scorpio,T2,3,"title 77 chars (>65): ""Capricorn & Scorpio Compatibility — Love, Friendship & Work Match | BornClock"""
/compatibility/capricorn/taurus,T2,3,"title 76 chars (>65): ""Capricorn & Taurus Compatibility — Love, Friendship & Work Match | BornClock"""
/compatibility/capricorn/virgo,T2,3,"title 75 chars (>65): ""Capricorn & Virgo Compatibility — Love, Friendship & Work Match | BornClock"""
/compatibility/gemini/gemini,T2,3,"title 73 chars (>65): ""Gemini & Gemini Compatibility — Love, Friendship & Work Match | BornClock"""
/compatibility/gemini/leo,T2,3,"title 70 chars (>65): ""Gemini & Leo Compatibility — Love, Friendship & Work Match | BornClock"""
/compatibility/gemini/libra,T2,3,"title 72 chars (>65): ""Gemini & Libra Compatibility — Love, Friendship & Work Match | BornClock"""
/compatibility/gemini/pisces,T2,3,"title 73 chars (>65): ""Gemini & Pisces Compatibility — Love, Friendship & Work Match | BornClock"""
/compatibility/gemini/sagittarius,T2,3,"title 78 chars (>65): ""Gemini & Sagittarius Compatibility — Love, Friendship & Work Match | BornClock"""
/compatibility/gemini/scorpio,T2,3,"title 74 chars (>65): ""Gemini & Scorpio Compatibility — Love, Friendship & Work Match | BornClock"""
/compatibility/gemini/taurus,T2,3,"title 73 chars (>65): ""Gemini & Taurus Compatibility — Love, Friendship & Work Match | BornClock"""
/compatibility/gemini/virgo,T2,3,"title 72 chars (>65): ""Gemini & Virgo Compatibility — Love, Friendship & Work Match | BornClock"""
/compatibility/leo/leo,T2,3,"title 67 chars (>65): ""Leo & Leo Compatibility — Love, Friendship & Work Match | BornClock"""
/compatibility/leo/libra,T2,3,"title 69 chars (>65): ""Leo & Libra Compatibility — Love, Friendship & Work Match | BornClock"""
/compatibility/leo/pisces,T2,3,"title 70 chars (>65): ""Leo & Pisces Compatibility — Love, Friendship & Work Match | BornClock"""
/compatibility/leo/sagittarius,T2,3,"title 75 chars (>65): ""Leo & Sagittarius Compatibility — Love, Friendship & Work Match | BornClock"""
/compatibility/leo/scorpio,T2,3,"title 71 chars (>65): ""Leo & Scorpio Compatibility — Love, Friendship & Work Match | BornClock"""
/compatibility/leo/taurus,T2,3,"title 70 chars (>65): ""Leo & Taurus Compatibility — Love, Friendship & Work Match | BornClock"""
/compatibility/leo/virgo,T2,3,"title 69 chars (>65): ""Leo & Virgo Compatibility — Love, Friendship & Work Match | BornClock"""
/compatibility/libra/libra,T2,3,"title 71 chars (>65): ""Libra & Libra Compatibility — Love, Friendship & Work Match | BornClock"""
/compatibility/libra/pisces,T2,3,"title 72 chars (>65): ""Libra & Pisces Compatibility — Love, Friendship & Work Match | BornClock"""
/compatibility/libra/sagittarius,T2,3,"title 77 chars (>65): ""Libra & Sagittarius Compatibility — Love, Friendship & Work Match | BornClock"""
/compatibility/libra/scorpio,T2,3,"title 73 chars (>65): ""Libra & Scorpio Compatibility — Love, Friendship & Work Match | BornClock"""
/compatibility/libra/taurus,T2,3,"title 72 chars (>65): ""Libra & Taurus Compatibility — Love, Friendship & Work Match | BornClock"""
/compatibility/libra/virgo,T2,3,"title 71 chars (>65): ""Libra & Virgo Compatibility — Love, Friendship & Work Match | BornClock"""
/compatibility/pisces/pisces,T2,3,"title 73 chars (>65): ""Pisces & Pisces Compatibility — Love, Friendship & Work Match | BornClock"""
/compatibility/pisces/sagittarius,T2,3,"title 78 chars (>65): ""Pisces & Sagittarius Compatibility — Love, Friendship & Work Match | BornClock"""
/compatibility/pisces/scorpio,T2,3,"title 74 chars (>65): ""Pisces & Scorpio Compatibility — Love, Friendship & Work Match | BornClock"""
/compatibility/pisces/taurus,T2,3,"title 73 chars (>65): ""Pisces & Taurus Compatibility — Love, Friendship & Work Match | BornClock"""
/compatibility/pisces/virgo,T2,3,"title 72 chars (>65): ""Pisces & Virgo Compatibility — Love, Friendship & Work Match | BornClock"""
/compatibility/sagittarius/sagittarius,T2,3,"title 83 chars (>65): ""Sagittarius & Sagittarius Compatibility — Love, Friendship & Work Match | BornClock"""
/compatibility/sagittarius/scorpio,T2,3,"title 79 chars (>65): ""Sagittarius & Scorpio Compatibility — Love, Friendship & Work Match | BornClock"""
/compatibility/sagittarius/taurus,T2,3,"title 78 chars (>65): ""Sagittarius & Taurus Compatibility — Love, Friendship & Work Match | BornClock"""
/compatibility/sagittarius/virgo,T2,3,"title 77 chars (>65): ""Sagittarius & Virgo Compatibility — Love, Friendship & Work Match | BornClock"""
/compatibility/scorpio/scorpio,T2,3,"title 75 chars (>65): ""Scorpio & Scorpio Compatibility — Love, Friendship & Work Match | BornClock"""
/compatibility/scorpio/taurus,T2,3,"title 74 chars (>65): ""Scorpio & Taurus Compatibility — Love, Friendship & Work Match | BornClock"""
/compatibility/scorpio/virgo,T2,3,"title 73 chars (>65): ""Scorpio & Virgo Compatibility — Love, Friendship & Work Match | BornClock"""
/compatibility/taurus/taurus,T2,3,"title 73 chars (>65): ""Taurus & Taurus Compatibility — Love, Friendship & Work Match | BornClock"""
/compatibility/taurus/virgo,T2,3,"title 72 chars (>65): ""Taurus & Virgo Compatibility — Love, Friendship & Work Match | BornClock"""
/compatibility/virgo/virgo,T2,3,"title 71 chars (>65): ""Virgo & Virgo Compatibility — Love, Friendship & Work Match | BornClock"""
/country-comparison,T2,3,"title 91 chars (>65): ""Country Life Expectancy Comparison — How Your Country Affects How Long You Live | BornClock"""
/generation,T2,3,"title 67 chars (>65): ""Which Generation Are You? — Complete Generational Guide | BornClock"""
/gift,T2,3,"title 74 chars (>65): ""Gift a Birthday Blueprint — The Gift That Proves You Know Them | BornClock"""
/how-it-works,T2,3,"title 72 chars (>65): ""How BornClock Works — Tools, Data & Source-Cited Methodology | BornClock"""
/life-expectancy,T2,3,"title 78 chars (>65): ""Life Expectancy Calculator — How Long Will I Live? Death Clock & Lifespan Test"""
/moon-sign,T2,3,"title 70 chars (>65): ""Moon Sign Calculator — Find Your Vedic & Western Moon Sign | BornClock"""
/name-numerology,T2,3,"title 84 chars (>65): ""Name Numerology Calculator — Expression, Soul Urge & Personality Numbers | BornClock"""
/numerology,T2,3,"title 67 chars (>65): ""Numerology Calculator — Your Life Path Number & Meaning | BornClock"""
/numerology/1,T2,3,"title 76 chars (>65): ""Life Path Number 1 — The Leader: Meaning, Traits & Famous People | BornClock"""
/numerology/11,T2,3,"title 79 chars (>65): ""Master Number 11 — The Illuminator: Meaning, Traits & Famous People | BornClock"""
/numerology/2,T2,3,"title 80 chars (>65): ""Life Path Number 2 — The Peacemaker: Meaning, Traits & Famous People | BornClock"""
/numerology/22,T2,3,"title 82 chars (>65): ""Master Number 22 — The Master Builder: Meaning, Traits & Famous People | BornClock"""
/numerology/3,T2,3,"title 77 chars (>65): ""Life Path Number 3 — The Creator: Meaning, Traits & Famous People | BornClock"""
/numerology/33,T2,3,"title 82 chars (>65): ""Master Number 33 — The Master Teacher: Meaning, Traits & Famous People | BornClock"""
/numerology/4,T2,3,"title 77 chars (>65): ""Life Path Number 4 — The Builder: Meaning, Traits & Famous People | BornClock"""
/numerology/5,T2,3,"title 84 chars (>65): ""Life Path Number 5 — The Freedom Seeker: Meaning, Traits & Famous People | BornClock"""
/numerology/6,T2,3,"title 78 chars (>65): ""Life Path Number 6 — The Nurturer: Meaning, Traits & Famous People | BornClock"""
/numerology/7,T2,3,"title 76 chars (>65): ""Life Path Number 7 — The Seeker: Meaning, Traits & Famous People | BornClock"""
/numerology/8,T2,3,"title 80 chars (>65): ""Life Path Number 8 — The Powerhouse: Meaning, Traits & Famous People | BornClock"""
/numerology/9,T2,3,"title 82 chars (>65): ""Life Path Number 9 — The Humanitarian: Meaning, Traits & Famous People | BornClock"""
/planetary-age,T2,3,"title 87 chars (>65): ""Planetary Age Calculator — How Old Are You on Mars, Jupiter & Every Planet? | BornClock"""
/privacy,T2,3,"title 26 chars (<30): ""Privacy Policy | BornClock"""
/rashi-ratna,T2,3,"title 76 chars (>65): ""Rashi Ratna — Gemstone by Zodiac Sign (Indian Vedic Birthstones) | BornClock"""
/tarot-card-by-birthday,T2,3,"title 76 chars (>65): ""Tarot Card by Birthday — Draw Your Card & Find Your Major Arcana | BornClock"""
/terms,T2,3,"title 28 chars (<30): ""Terms of Service | BornClock"""
/vedic-zodiac,T2,3,"title 75 chars (>65): ""Indian Zodiac (Vedic Rashi) Calculator — Find Your Jyotish Sign | BornClock"""
/weight-on-planets,T2,3,"title 72 chars (>65): ""How Much Would You Weigh on Other Planets? — Free Calculator | BornClock"""
/zodiac/aquarius,T2,3,"title 73 chars (>65): ""Aquarius Zodiac Sign — Dates, Traits, Compatibility & History | BornClock"""
/zodiac/aries,T2,3,"title 70 chars (>65): ""Aries Zodiac Sign — Dates, Traits, Compatibility & History | BornClock"""
/zodiac/cancer,T2,3,"title 71 chars (>65): ""Cancer Zodiac Sign — Dates, Traits, Compatibility & History | BornClock"""
/zodiac/capricorn,T2,3,"title 74 chars (>65): ""Capricorn Zodiac Sign — Dates, Traits, Compatibility & History | BornClock"""
/zodiac/gemini,T2,3,"title 71 chars (>65): ""Gemini Zodiac Sign — Dates, Traits, Compatibility & History | BornClock"""
/zodiac/leo,T2,3,"title 68 chars (>65): ""Leo Zodiac Sign — Dates, Traits, Compatibility & History | BornClock"""
/zodiac/libra,T2,3,"title 70 chars (>65): ""Libra Zodiac Sign — Dates, Traits, Compatibility & History | BornClock"""
/zodiac/pisces,T2,3,"title 71 chars (>65): ""Pisces Zodiac Sign — Dates, Traits, Compatibility & History | BornClock"""
/zodiac/sagittarius,T2,3,"title 76 chars (>65): ""Sagittarius Zodiac Sign — Dates, Traits, Compatibility & History | BornClock"""
/zodiac/scorpio,T2,3,"title 72 chars (>65): ""Scorpio Zodiac Sign — Dates, Traits, Compatibility & History | BornClock"""
/zodiac/taurus,T2,3,"title 71 chars (>65): ""Taurus Zodiac Sign — Dates, Traits, Compatibility & History | BornClock"""
/zodiac/virgo,T2,3,"title 70 chars (>65): ""Virgo Zodiac Sign — Dates, Traits, Compatibility & History | BornClock"""
/,T3,3,"desc 224 chars (>165)"
/age-calculator,T3,3,"desc 174 chars (>165)"
/answers,T3,3,"desc 170 chars (>165)"
/best-day-to-start-a-habit,T3,3,"desc 190 chars (>165)"
/best-time-to-work-out,T3,3,"desc 182 chars (>165)"
/biological-age,T3,3,"desc 195 chars (>165)"
/biorhythm-workout-calculator,T3,3,"desc 181 chars (>165)"
/birthday-report,T3,3,"desc 182 chars (>165)"
/birthstone/april,T3,3,"desc 32 chars (<70)"
/birthstone/december,T3,3,"desc 26 chars (<70)"
/birthstone/february,T3,3,"desc 36 chars (<70)"
/birthstone/january,T3,3,"desc 37 chars (<70)"
/birthstone/july,T3,3,"desc 28 chars (<70)"
/birthstone/june,T3,3,"desc 22 chars (<70)"
/birthstone/march,T3,3,"desc 35 chars (<70)"
/birthstone/may,T3,3,"desc 30 chars (<70)"
/birthstone/november,T3,3,"desc 26 chars (<70)"
/birthstone/october,T3,3,"desc 25 chars (<70)"
/birthstone/september,T3,3,"desc 37 chars (<70)"
/blog/best-foods-to-eat-to-live-longer-longevity-diet,T3,3,"desc 171 chars (>165)"
/blog/community-social-longevity,T3,3,"desc 191 chars (>165)"
/blog/heart-disease-risk-factors-how-age-affects-heart-health,T3,3,"desc 167 chars (>165)"
/blog/life-expectancy-india-complete-guide-2026,T3,3,"desc 167 chars (>165)"
/blog/preventive-health-screening-guide,T3,3,"desc 169 chars (>165)"
/blog/sleep-longevity-science,T3,3,"desc 173 chars (>165)"
/blog/stress-mental-health-longevity,T3,3,"desc 177 chars (>165)"
/born-in,T3,3,"desc 175 chars (>165)"
/born-on/april-1,T3,3,"desc 175 chars (>165)"
/born-on/april-1/india,T3,3,"desc 210 chars (>165)"
/born-on/april-10,T3,3,"desc 170 chars (>165)"
/born-on/april-10/india,T3,3,"desc 204 chars (>165)"
/born-on/april-11,T3,3,"desc 167 chars (>165)"
/born-on/april-11/india,T3,3,"desc 207 chars (>165)"
/born-on/april-12,T3,3,"desc 167 chars (>165)"
/born-on/april-13,T3,3,"desc 185 chars (>165)"
/born-on/april-13/india,T3,3,"desc 195 chars (>165)"
/born-on/april-14,T3,3,"desc 199 chars (>165)"
/born-on/april-14/india,T3,3,"desc 211 chars (>165)"
/born-on/april-15,T3,3,"desc 169 chars (>165)"
/born-on/april-15/india,T3,3,"desc 198 chars (>165)"
/born-on/april-16,T3,3,"desc 168 chars (>165)"
/born-on/april-17/india,T3,3,"desc 202 chars (>165)"
/born-on/april-18,T3,3,"desc 178 chars (>165)"
/born-on/april-18/india,T3,3,"desc 198 chars (>165)"
/born-on/april-19/india,T3,3,"desc 203 chars (>165)"
/born-on/april-2,T3,3,"desc 175 chars (>165)"
/born-on/april-2/india,T3,3,"desc 193 chars (>165)"
/born-on/april-20,T3,3,"desc 170 chars (>165)"
/born-on/april-20/india,T3,3,"desc 205 chars (>165)"
/born-on/april-21/india,T3,3,"desc 206 chars (>165)"
/born-on/april-22,T3,3,"desc 171 chars (>165)"
/born-on/april-22/india,T3,3,"desc 201 chars (>165)"
/born-on/april-23,T3,3,"desc 167 chars (>165)"
/born-on/april-23/india,T3,3,"desc 209 chars (>165)"
/born-on/april-24,T3,3,"desc 175 chars (>165)"
/born-on/april-24/india,T3,3,"desc 201 chars (>165)"
/born-on/april-25,T3,3,"desc 182 chars (>165)"
/born-on/april-25/india,T3,3,"desc 52 chars (<70)"
/born-on/april-26,T3,3,"desc 170 chars (>165)"
/born-on/april-26/india,T3,3,"desc 220 chars (>165)"
/born-on/april-27,T3,3,"desc 205 chars (>165)"
/born-on/april-27/india,T3,3,"desc 207 chars (>165)"
/born-on/april-28/india,T3,3,"desc 207 chars (>165)"
/born-on/april-29/india,T3,3,"desc 198 chars (>165)"
/born-on/april-3/india,T3,3,"desc 197 chars (>165)"
/born-on/april-30,T3,3,"desc 186 chars (>165)"
/born-on/april-30/india,T3,3,"desc 198 chars (>165)"
/born-on/april-4,T3,3,"desc 171 chars (>165)"
/born-on/april-4/india,T3,3,"desc 191 chars (>165)"
/born-on/april-5/india,T3,3,"desc 203 chars (>165)"
/born-on/april-7,T3,3,"desc 170 chars (>165)"
/born-on/april-7/india,T3,3,"desc 206 chars (>165)"
/born-on/april-8/india,T3,3,"desc 197 chars (>165)"
/born-on/april-9,T3,3,"desc 180 chars (>165)"
/born-on/april-9/india,T3,3,"desc 204 chars (>165)"
/born-on/august-1,T3,3,"desc 186 chars (>165)"
/born-on/august-1/india,T3,3,"desc 208 chars (>165)"
/born-on/august-10,T3,3,"desc 174 chars (>165)"
/born-on/august-10/india,T3,3,"desc 198 chars (>165)"
/born-on/august-11,T3,3,"desc 167 chars (>165)"
/born-on/august-11/india,T3,3,"desc 203 chars (>165)"
/born-on/august-12,T3,3,"desc 172 chars (>165)"
/born-on/august-12/india,T3,3,"desc 193 chars (>165)"
/born-on/august-13,T3,3,"desc 170 chars (>165)"
/born-on/august-13/india,T3,3,"desc 206 chars (>165)"
/born-on/august-14/india,T3,3,"desc 201 chars (>165)"
/born-on/august-15/india,T3,3,"desc 210 chars (>165)"
/born-on/august-16/india,T3,3,"desc 206 chars (>165)"
/born-on/august-17/india,T3,3,"desc 202 chars (>165)"
/born-on/august-18,T3,3,"desc 178 chars (>165)"
/born-on/august-18/india,T3,3,"desc 201 chars (>165)"
/born-on/august-19/india,T3,3,"desc 201 chars (>165)"
/born-on/august-2,T3,3,"desc 52 chars (<70)"
/born-on/august-2/india,T3,3,"desc 205 chars (>165)"
/born-on/august-20,T3,3,"desc 173 chars (>165)"
/born-on/august-20/india,T3,3,"desc 208 chars (>165)"
/born-on/august-21/india,T3,3,"desc 198 chars (>165)"
/born-on/august-22,T3,3,"desc 166 chars (>165)"
/born-on/august-23,T3,3,"desc 171 chars (>165)"
/born-on/august-23/india,T3,3,"desc 199 chars (>165)"
/born-on/august-24,T3,3,"desc 171 chars (>165)"
/born-on/august-24/india,T3,3,"desc 198 chars (>165)"
/born-on/august-25,T3,3,"desc 177 chars (>165)"
/born-on/august-25/india,T3,3,"desc 198 chars (>165)"
/born-on/august-26,T3,3,"desc 176 chars (>165)"
/born-on/august-26/india,T3,3,"desc 211 chars (>165)"
/born-on/august-27,T3,3,"desc 188 chars (>165)"
/born-on/august-27/india,T3,3,"desc 196 chars (>165)"
/born-on/august-28,T3,3,"desc 187 chars (>165)"
/born-on/august-28/india,T3,3,"desc 203 chars (>165)"
/born-on/august-29,T3,3,"desc 182 chars (>165)"
/born-on/august-29/india,T3,3,"desc 208 chars (>165)"
/born-on/august-3,T3,3,"desc 170 chars (>165)"
/born-on/august-3/india,T3,3,"desc 201 chars (>165)"
/born-on/august-30,T3,3,"desc 179 chars (>165)"
/born-on/august-30/india,T3,3,"desc 204 chars (>165)"
/born-on/august-31,T3,3,"desc 177 chars (>165)"
/born-on/august-31/india,T3,3,"desc 204 chars (>165)"
/born-on/august-4/india,T3,3,"desc 196 chars (>165)"
/born-on/august-5,T3,3,"desc 173 chars (>165)"
/born-on/august-5/india,T3,3,"desc 67 chars (<70)"
/born-on/august-6,T3,3,"desc 169 chars (>165)"
/born-on/august-6/india,T3,3,"desc 205 chars (>165)"
/born-on/august-7/india,T3,3,"desc 213 chars (>165)"
/born-on/august-8,T3,3,"desc 167 chars (>165)"
/born-on/august-8/india,T3,3,"desc 204 chars (>165)"
/born-on/august-9/india,T3,3,"desc 204 chars (>165)"
/born-on/december-1,T3,3,"desc 190 chars (>165)"
/born-on/december-1/india,T3,3,"desc 200 chars (>165)"
/born-on/december-10,T3,3,"desc 188 chars (>165)"
/born-on/december-10/india,T3,3,"desc 211 chars (>165)"
/born-on/december-11,T3,3,"desc 186 chars (>165)"
/born-on/december-11/india,T3,3,"desc 206 chars (>165)"
/born-on/december-12,T3,3,"desc 185 chars (>165)"
/born-on/december-12/india,T3,3,"desc 207 chars (>165)"
/born-on/december-13,T3,3,"desc 181 chars (>165)"
/born-on/december-13/india,T3,3,"desc 225 chars (>165)"
/born-on/december-14,T3,3,"desc 175 chars (>165)"
/born-on/december-14/india,T3,3,"desc 208 chars (>165)"
/born-on/december-15,T3,3,"desc 178 chars (>165)"
/born-on/december-15/india,T3,3,"desc 205 chars (>165)"
/born-on/december-16,T3,3,"desc 184 chars (>165)"
/born-on/december-16/india,T3,3,"desc 200 chars (>165)"
/born-on/december-17,T3,3,"desc 174 chars (>165)"
/born-on/december-17/india,T3,3,"desc 213 chars (>165)"
/born-on/december-18,T3,3,"desc 174 chars (>165)"
/born-on/december-18/india,T3,3,"desc 197 chars (>165)"
/born-on/december-19,T3,3,"desc 178 chars (>165)"
/born-on/december-19/india,T3,3,"desc 202 chars (>165)"
/born-on/december-2,T3,3,"desc 174 chars (>165)"
/born-on/december-2/india,T3,3,"desc 204 chars (>165)"
/born-on/december-20,T3,3,"desc 175 chars (>165)"
/born-on/december-20/india,T3,3,"desc 203 chars (>165)"
/born-on/december-21,T3,3,"desc 185 chars (>165)"
/born-on/december-21/india,T3,3,"desc 201 chars (>165)"
/born-on/december-22,T3,3,"desc 178 chars (>165)"
/born-on/december-22/india,T3,3,"desc 200 chars (>165)"
/born-on/december-23,T3,3,"desc 182 chars (>165)"
/born-on/december-23/india,T3,3,"desc 199 chars (>165)"
/born-on/december-24,T3,3,"desc 178 chars (>165)"
/born-on/december-24/india,T3,3,"desc 208 chars (>165)"
/born-on/december-25/india,T3,3,"desc 198 chars (>165)"
/born-on/december-26,T3,3,"desc 166 chars (>165)"
/born-on/december-26/india,T3,3,"desc 201 chars (>165)"
/born-on/december-27,T3,3,"desc 179 chars (>165)"
/born-on/december-28,T3,3,"desc 167 chars (>165)"
/born-on/december-28/india,T3,3,"desc 202 chars (>165)"
/born-on/december-29,T3,3,"desc 175 chars (>165)"
/born-on/december-29/india,T3,3,"desc 198 chars (>165)"
/born-on/december-3,T3,3,"desc 175 chars (>165)"
/born-on/december-3/india,T3,3,"desc 211 chars (>165)"
/born-on/december-30,T3,3,"desc 177 chars (>165)"
/born-on/december-30/india,T3,3,"desc 226 chars (>165)"
/born-on/december-31,T3,3,"desc 173 chars (>165)"
/born-on/december-31/india,T3,3,"desc 211 chars (>165)"
/born-on/december-4,T3,3,"desc 181 chars (>165)"
/born-on/december-4/india,T3,3,"desc 203 chars (>165)"
/born-on/december-5,T3,3,"desc 180 chars (>165)"
/born-on/december-5/india,T3,3,"desc 221 chars (>165)"
/born-on/december-6,T3,3,"desc 184 chars (>165)"
/born-on/december-6/india,T3,3,"desc 190 chars (>165)"
/born-on/december-7,T3,3,"desc 186 chars (>165)"
/born-on/december-8,T3,3,"desc 174 chars (>165)"
/born-on/december-8/india,T3,3,"desc 199 chars (>165)"
/born-on/december-9,T3,3,"desc 177 chars (>165)"
/born-on/december-9/india,T3,3,"desc 194 chars (>165)"
/born-on/february-1,T3,3,"desc 169 chars (>165)"
/born-on/february-1/india,T3,3,"desc 200 chars (>165)"
/born-on/february-10,T3,3,"desc 178 chars (>165)"
/born-on/february-10/india,T3,3,"desc 212 chars (>165)"
/born-on/february-11,T3,3,"desc 168 chars (>165)"
/born-on/february-11/india,T3,3,"desc 203 chars (>165)"
/born-on/february-12,T3,3,"desc 177 chars (>165)"
/born-on/february-12/india,T3,3,"desc 218 chars (>165)"
/born-on/february-13,T3,3,"desc 191 chars (>165)"
/born-on/february-13/india,T3,3,"desc 207 chars (>165)"
/born-on/february-14,T3,3,"desc 184 chars (>165)"
/born-on/february-14/india,T3,3,"desc 207 chars (>165)"
/born-on/february-15,T3,3,"desc 187 chars (>165)"
/born-on/february-15/india,T3,3,"desc 209 chars (>165)"
/born-on/february-16,T3,3,"desc 169 chars (>165)"
/born-on/february-17,T3,3,"desc 169 chars (>165)"
/born-on/february-17/india,T3,3,"desc 204 chars (>165)"
/born-on/february-18/india,T3,3,"desc 211 chars (>165)"
/born-on/february-19,T3,3,"desc 184 chars (>165)"
/born-on/february-19/india,T3,3,"desc 215 chars (>165)"
/born-on/february-2/india,T3,3,"desc 202 chars (>165)"
/born-on/february-20,T3,3,"desc 168 chars (>165)"
/born-on/february-20/india,T3,3,"desc 205 chars (>165)"
/born-on/february-21,T3,3,"desc 173 chars (>165)"
/born-on/february-22,T3,3,"desc 210 chars (>165)"
/born-on/february-22/india,T3,3,"desc 210 chars (>165)"
/born-on/february-23/india,T3,3,"desc 216 chars (>165)"
/born-on/february-24,T3,3,"desc 167 chars (>165)"
/born-on/february-24/india,T3,3,"desc 232 chars (>165)"
/born-on/february-25,T3,3,"desc 177 chars (>165)"
/born-on/february-25/india,T3,3,"desc 195 chars (>165)"
/born-on/february-26,T3,3,"desc 177 chars (>165)"
/born-on/february-26/india,T3,3,"desc 206 chars (>165)"
/born-on/february-27,T3,3,"desc 175 chars (>165)"
/born-on/february-28,T3,3,"desc 179 chars (>165)"
/born-on/february-28/india,T3,3,"desc 196 chars (>165)"
/born-on/february-29,T3,3,"desc 173 chars (>165)"
/born-on/february-3,T3,3,"desc 168 chars (>165)"
/born-on/february-3/india,T3,3,"desc 213 chars (>165)"
/born-on/february-4,T3,3,"desc 172 chars (>165)"
/born-on/february-4/india,T3,3,"desc 210 chars (>165)"
/born-on/february-5,T3,3,"desc 173 chars (>165)"
/born-on/february-5/india,T3,3,"desc 219 chars (>165)"
/born-on/february-6,T3,3,"desc 176 chars (>165)"
/born-on/february-6/india,T3,3,"desc 212 chars (>165)"
/born-on/february-7,T3,3,"desc 175 chars (>165)"
/born-on/february-7/india,T3,3,"desc 211 chars (>165)"
/born-on/february-8,T3,3,"desc 169 chars (>165)"
/born-on/february-8/india,T3,3,"desc 206 chars (>165)"
/born-on/february-9,T3,3,"desc 184 chars (>165)"
/born-on/february-9/india,T3,3,"desc 202 chars (>165)"
/born-on/january-1,T3,3,"desc 188 chars (>165)"
/born-on/january-1/india,T3,3,"desc 197 chars (>165)"
/born-on/january-10,T3,3,"desc 173 chars (>165)"
/born-on/january-10/india,T3,3,"desc 205 chars (>165)"
/born-on/january-11,T3,3,"desc 175 chars (>165)"
/born-on/january-11/india,T3,3,"desc 211 chars (>165)"
/born-on/january-12,T3,3,"desc 171 chars (>165)"
/born-on/january-12/india,T3,3,"desc 216 chars (>165)"
/born-on/january-13,T3,3,"desc 172 chars (>165)"
/born-on/january-13/india,T3,3,"desc 200 chars (>165)"
/born-on/january-14,T3,3,"desc 179 chars (>165)"
/born-on/january-14/india,T3,3,"desc 207 chars (>165)"
/born-on/january-15,T3,3,"desc 184 chars (>165)"
/born-on/january-15/india,T3,3,"desc 198 chars (>165)"
/born-on/january-16,T3,3,"desc 175 chars (>165)"
/born-on/january-16/india,T3,3,"desc 201 chars (>165)"
/born-on/january-17,T3,3,"desc 173 chars (>165)"
/born-on/january-17/india,T3,3,"desc 200 chars (>165)"
/born-on/january-18,T3,3,"desc 178 chars (>165)"
/born-on/january-18/india,T3,3,"desc 197 chars (>165)"
/born-on/january-19,T3,3,"desc 170 chars (>165)"
/born-on/january-19/india,T3,3,"desc 205 chars (>165)"
/born-on/january-2,T3,3,"desc 194 chars (>165)"
/born-on/january-2/india,T3,3,"desc 245 chars (>165)"
/born-on/january-20,T3,3,"desc 177 chars (>165)"
/born-on/january-20/india,T3,3,"desc 214 chars (>165)"
/born-on/january-21,T3,3,"desc 167 chars (>165)"
/born-on/january-21/india,T3,3,"desc 205 chars (>165)"
/born-on/january-22,T3,3,"desc 183 chars (>165)"
/born-on/january-22/india,T3,3,"desc 208 chars (>165)"
/born-on/january-23,T3,3,"desc 166 chars (>165)"
/born-on/january-23/india,T3,3,"desc 209 chars (>165)"
/born-on/january-24,T3,3,"desc 175 chars (>165)"
/born-on/january-24/india,T3,3,"desc 199 chars (>165)"
/born-on/january-25,T3,3,"desc 179 chars (>165)"
/born-on/january-25/india,T3,3,"desc 203 chars (>165)"
/born-on/january-26,T3,3,"desc 179 chars (>165)"
/born-on/january-26/india,T3,3,"desc 197 chars (>165)"
/born-on/january-27,T3,3,"desc 202 chars (>165)"
/born-on/january-27/india,T3,3,"desc 198 chars (>165)"
/born-on/january-28,T3,3,"desc 173 chars (>165)"
/born-on/january-28/india,T3,3,"desc 203 chars (>165)"
/born-on/january-29,T3,3,"desc 175 chars (>165)"
/born-on/january-29/india,T3,3,"desc 207 chars (>165)"
/born-on/january-3,T3,3,"desc 180 chars (>165)"
/born-on/january-3/india,T3,3,"desc 201 chars (>165)"
/born-on/january-30,T3,3,"desc 189 chars (>165)"
/born-on/january-30/india,T3,3,"desc 208 chars (>165)"
/born-on/january-31,T3,3,"desc 184 chars (>165)"
/born-on/january-31/india,T3,3,"desc 201 chars (>165)"
/born-on/january-4,T3,3,"desc 169 chars (>165)"
/born-on/january-4/india,T3,3,"desc 202 chars (>165)"
/born-on/january-5,T3,3,"desc 172 chars (>165)"
/born-on/january-5/india,T3,3,"desc 215 chars (>165)"
/born-on/january-6,T3,3,"desc 172 chars (>165)"
/born-on/january-6/india,T3,3,"desc 200 chars (>165)"
/born-on/january-7,T3,3,"desc 175 chars (>165)"
/born-on/january-7/india,T3,3,"desc 198 chars (>165)"
/born-on/january-8,T3,3,"desc 171 chars (>165)"
/born-on/january-8/india,T3,3,"desc 193 chars (>165)"
/born-on/january-9,T3,3,"desc 178 chars (>165)"
/born-on/january-9/india,T3,3,"desc 208 chars (>165)"
/born-on/july-1,T3,3,"desc 183 chars (>165)"
/born-on/july-1/india,T3,3,"desc 214 chars (>165)"
/born-on/july-10,T3,3,"desc 168 chars (>165)"
/born-on/july-10/india,T3,3,"desc 200 chars (>165)"
/born-on/july-11,T3,3,"desc 174 chars (>165)"
/born-on/july-11/india,T3,3,"desc 194 chars (>165)"
/born-on/july-12,T3,3,"desc 174 chars (>165)"
/born-on/july-12/india,T3,3,"desc 202 chars (>165)"
/born-on/july-13/india,T3,3,"desc 199 chars (>165)"
/born-on/july-15,T3,3,"desc 166 chars (>165)"
/born-on/july-15/india,T3,3,"desc 201 chars (>165)"
/born-on/july-16/india,T3,3,"desc 198 chars (>165)"
/born-on/july-17,T3,3,"desc 169 chars (>165)"
/born-on/july-17/india,T3,3,"desc 196 chars (>165)"
/born-on/july-18,T3,3,"desc 178 chars (>165)"
/born-on/july-18/india,T3,3,"desc 205 chars (>165)"
/born-on/july-19,T3,3,"desc 171 chars (>165)"
/born-on/july-19/india,T3,3,"desc 207 chars (>165)"
/born-on/july-2,T3,3,"desc 167 chars (>165)"
/born-on/july-20/india,T3,3,"desc 200 chars (>165)"
/born-on/july-21,T3,3,"desc 173 chars (>165)"
/born-on/july-21/india,T3,3,"desc 205 chars (>165)"
/born-on/july-22,T3,3,"desc 170 chars (>165)"
/born-on/july-22/india,T3,3,"desc 195 chars (>165)"
/born-on/july-23,T3,3,"desc 177 chars (>165)"
/born-on/july-23/india,T3,3,"desc 198 chars (>165)"
/born-on/july-24,T3,3,"desc 170 chars (>165)"
/born-on/july-24/india,T3,3,"desc 194 chars (>165)"
/born-on/july-25,T3,3,"desc 170 chars (>165)"
/born-on/july-25/india,T3,3,"desc 213 chars (>165)"
/born-on/july-26,T3,3,"desc 167 chars (>165)"
/born-on/july-26/india,T3,3,"desc 206 chars (>165)"
/born-on/july-27/india,T3,3,"desc 195 chars (>165)"
/born-on/july-28/india,T3,3,"desc 195 chars (>165)"
/born-on/july-29,T3,3,"desc 170 chars (>165)"
/born-on/july-29/india,T3,3,"desc 210 chars (>165)"
/born-on/july-3,T3,3,"desc 167 chars (>165)"
/born-on/july-3/india,T3,3,"desc 204 chars (>165)"
/born-on/july-30,T3,3,"desc 172 chars (>165)"
/born-on/july-30/india,T3,3,"desc 188 chars (>165)"
/born-on/july-31/india,T3,3,"desc 194 chars (>165)"
/born-on/july-4,T3,3,"desc 176 chars (>165)"
/born-on/july-4/india,T3,3,"desc 202 chars (>165)"
/born-on/july-5,T3,3,"desc 166 chars (>165)"
/born-on/july-5/india,T3,3,"desc 198 chars (>165)"
/born-on/july-6/india,T3,3,"desc 208 chars (>165)"
/born-on/july-7,T3,3,"desc 169 chars (>165)"
/born-on/july-7/india,T3,3,"desc 202 chars (>165)"
/born-on/july-8,T3,3,"desc 181 chars (>165)"
/born-on/july-8/india,T3,3,"desc 192 chars (>165)"
/born-on/july-9/india,T3,3,"desc 199 chars (>165)"
/born-on/june-1,T3,3,"desc 66 chars (<70)"
/born-on/june-1/india,T3,3,"desc 193 chars (>165)"
/born-on/june-10,T3,3,"desc 169 chars (>165)"
/born-on/june-10/india,T3,3,"desc 203 chars (>165)"
/born-on/june-11,T3,3,"desc 168 chars (>165)"
/born-on/june-11/india,T3,3,"desc 206 chars (>165)"
/born-on/june-12,T3,3,"desc 166 chars (>165)"
/born-on/june-12/india,T3,3,"desc 194 chars (>165)"
/born-on/june-13,T3,3,"desc 177 chars (>165)"
/born-on/june-13/india,T3,3,"desc 195 chars (>165)"
/born-on/june-14,T3,3,"desc 177 chars (>165)"
/born-on/june-14/india,T3,3,"desc 197 chars (>165)"
/born-on/june-15/india,T3,3,"desc 202 chars (>165)"
/born-on/june-16,T3,3,"desc 182 chars (>165)"
/born-on/june-16/india,T3,3,"desc 208 chars (>165)"
/born-on/june-17,T3,3,"desc 168 chars (>165)"
/born-on/june-17/india,T3,3,"desc 197 chars (>165)"
/born-on/june-18/india,T3,3,"desc 196 chars (>165)"
/born-on/june-19,T3,3,"desc 169 chars (>165)"
/born-on/june-19/india,T3,3,"desc 200 chars (>165)"
/born-on/june-2,T3,3,"desc 175 chars (>165)"
/born-on/june-2/india,T3,3,"desc 191 chars (>165)"
/born-on/june-20,T3,3,"desc 169 chars (>165)"
/born-on/june-20/india,T3,3,"desc 198 chars (>165)"
/born-on/june-21,T3,3,"desc 171 chars (>165)"
/born-on/june-21/india,T3,3,"desc 210 chars (>165)"
/born-on/june-22,T3,3,"desc 172 chars (>165)"
/born-on/june-22/india,T3,3,"desc 185 chars (>165)"
/born-on/june-23,T3,3,"desc 169 chars (>165)"
/born-on/june-23/india,T3,3,"desc 197 chars (>165)"
/born-on/june-24,T3,3,"desc 172 chars (>165)"
/born-on/june-24/india,T3,3,"desc 195 chars (>165)"
/born-on/june-25,T3,3,"desc 170 chars (>165)"
/born-on/june-25/india,T3,3,"desc 214 chars (>165)"
/born-on/june-26,T3,3,"desc 186 chars (>165)"
/born-on/june-26/india,T3,3,"desc 204 chars (>165)"
/born-on/june-27,T3,3,"desc 172 chars (>165)"
/born-on/june-27/india,T3,3,"desc 214 chars (>165)"
/born-on/june-28,T3,3,"desc 173 chars (>165)"
/born-on/june-28/india,T3,3,"desc 204 chars (>165)"
/born-on/june-29,T3,3,"desc 190 chars (>165)"
/born-on/june-29/india,T3,3,"desc 213 chars (>165)"
/born-on/june-3/india,T3,3,"desc 200 chars (>165)"
/born-on/june-30/india,T3,3,"desc 214 chars (>165)"
/born-on/june-4,T3,3,"desc 166 chars (>165)"
/born-on/june-4/india,T3,3,"desc 198 chars (>165)"
/born-on/june-5,T3,3,"desc 179 chars (>165)"
/born-on/june-5/india,T3,3,"desc 195 chars (>165)"
/born-on/june-6,T3,3,"desc 169 chars (>165)"
/born-on/june-6/india,T3,3,"desc 193 chars (>165)"
/born-on/june-7/india,T3,3,"desc 203 chars (>165)"
/born-on/june-8,T3,3,"desc 169 chars (>165)"
/born-on/june-8/india,T3,3,"desc 199 chars (>165)"
/born-on/june-9,T3,3,"desc 170 chars (>165)"
/born-on/june-9/india,T3,3,"desc 195 chars (>165)"
/born-on/march-1,T3,3,"desc 174 chars (>165)"
/born-on/march-1/india,T3,3,"desc 192 chars (>165)"
/born-on/march-10,T3,3,"desc 174 chars (>165)"
/born-on/march-10/india,T3,3,"desc 214 chars (>165)"
/born-on/march-11,T3,3,"desc 171 chars (>165)"
/born-on/march-12/india,T3,3,"desc 195 chars (>165)"
/born-on/march-13,T3,3,"desc 184 chars (>165)"
/born-on/march-13/india,T3,3,"desc 195 chars (>165)"
/born-on/march-14,T3,3,"desc 180 chars (>165)"
/born-on/march-14/india,T3,3,"desc 206 chars (>165)"
/born-on/march-15/india,T3,3,"desc 202 chars (>165)"
/born-on/march-16,T3,3,"desc 173 chars (>165)"
/born-on/march-16/india,T3,3,"desc 199 chars (>165)"
/born-on/march-17,T3,3,"desc 178 chars (>165)"
/born-on/march-17/india,T3,3,"desc 207 chars (>165)"
/born-on/march-18,T3,3,"desc 180 chars (>165)"
/born-on/march-18/india,T3,3,"desc 199 chars (>165)"
/born-on/march-19,T3,3,"desc 171 chars (>165)"
/born-on/march-2,T3,3,"desc 176 chars (>165)"
/born-on/march-2/india,T3,3,"desc 198 chars (>165)"
/born-on/march-20,T3,3,"desc 177 chars (>165)"
/born-on/march-20/india,T3,3,"desc 199 chars (>165)"
/born-on/march-21,T3,3,"desc 167 chars (>165)"
/born-on/march-21/india,T3,3,"desc 208 chars (>165)"
/born-on/march-22,T3,3,"desc 187 chars (>165)"
/born-on/march-23/india,T3,3,"desc 204 chars (>165)"
/born-on/march-24,T3,3,"desc 177 chars (>165)"
/born-on/march-25,T3,3,"desc 167 chars (>165)"
/born-on/march-25/india,T3,3,"desc 199 chars (>165)"
/born-on/march-26,T3,3,"desc 167 chars (>165)"
/born-on/march-26/india,T3,3,"desc 205 chars (>165)"
/born-on/march-27,T3,3,"desc 169 chars (>165)"
/born-on/march-27/india,T3,3,"desc 198 chars (>165)"
/born-on/march-28/india,T3,3,"desc 201 chars (>165)"
/born-on/march-29/india,T3,3,"desc 189 chars (>165)"
/born-on/march-3,T3,3,"desc 172 chars (>165)"
/born-on/march-3/india,T3,3,"desc 203 chars (>165)"
/born-on/march-30,T3,3,"desc 168 chars (>165)"
/born-on/march-30/india,T3,3,"desc 190 chars (>165)"
/born-on/march-31,T3,3,"desc 174 chars (>165)"
/born-on/march-31/india,T3,3,"desc 198 chars (>165)"
/born-on/march-4,T3,3,"desc 179 chars (>165)"
/born-on/march-4/india,T3,3,"desc 204 chars (>165)"
/born-on/march-5,T3,3,"desc 173 chars (>165)"
/born-on/march-5/india,T3,3,"desc 203 chars (>165)"
/born-on/march-6,T3,3,"desc 189 chars (>165)"
/born-on/march-7,T3,3,"desc 180 chars (>165)"
/born-on/march-7/india,T3,3,"desc 215 chars (>165)"
/born-on/march-8/india,T3,3,"desc 206 chars (>165)"
/born-on/march-9/india,T3,3,"desc 202 chars (>165)"
/born-on/may-1,T3,3,"desc 208 chars (>165)"
/born-on/may-1/india,T3,3,"desc 196 chars (>165)"
/born-on/may-10/india,T3,3,"desc 202 chars (>165)"
/born-on/may-11,T3,3,"desc 168 chars (>165)"
/born-on/may-11/india,T3,3,"desc 198 chars (>165)"
/born-on/may-12,T3,3,"desc 183 chars (>165)"
/born-on/may-12/india,T3,3,"desc 199 chars (>165)"
/born-on/may-13,T3,3,"desc 178 chars (>165)"
/born-on/may-13/india,T3,3,"desc 221 chars (>165)"
/born-on/may-14,T3,3,"desc 168 chars (>165)"
/born-on/may-14/india,T3,3,"desc 196 chars (>165)"
/born-on/may-15,T3,3,"desc 178 chars (>165)"
/born-on/may-15/india,T3,3,"desc 197 chars (>165)"
/born-on/may-16/india,T3,3,"desc 201 chars (>165)"
/born-on/may-17/india,T3,3,"desc 201 chars (>165)"
/born-on/may-18,T3,3,"desc 168 chars (>165)"
/born-on/may-18/india,T3,3,"desc 201 chars (>165)"
/born-on/may-19/india,T3,3,"desc 211 chars (>165)"
/born-on/may-2,T3,3,"desc 172 chars (>165)"
/born-on/may-2/india,T3,3,"desc 212 chars (>165)"
/born-on/may-20,T3,3,"desc 171 chars (>165)"
/born-on/may-20/india,T3,3,"desc 205 chars (>165)"
/born-on/may-21/india,T3,3,"desc 210 chars (>165)"
/born-on/may-22,T3,3,"desc 172 chars (>165)"
/born-on/may-22/india,T3,3,"desc 204 chars (>165)"
/born-on/may-23/india,T3,3,"desc 209 chars (>165)"
/born-on/may-24/india,T3,3,"desc 201 chars (>165)"
/born-on/may-25,T3,3,"desc 170 chars (>165)"
/born-on/may-25/india,T3,3,"desc 197 chars (>165)"
/born-on/may-26,T3,3,"desc 169 chars (>165)"
/born-on/may-26/india,T3,3,"desc 192 chars (>165)"
/born-on/may-27,T3,3,"desc 176 chars (>165)"
/born-on/may-27/india,T3,3,"desc 202 chars (>165)"
/born-on/may-28,T3,3,"desc 174 chars (>165)"
/born-on/may-28/india,T3,3,"desc 210 chars (>165)"
/born-on/may-29,T3,3,"desc 170 chars (>165)"
/born-on/may-29/india,T3,3,"desc 193 chars (>165)"
/born-on/may-3/india,T3,3,"desc 211 chars (>165)"
/born-on/may-30,T3,3,"desc 169 chars (>165)"
/born-on/may-30/india,T3,3,"desc 199 chars (>165)"
/born-on/may-31/india,T3,3,"desc 216 chars (>165)"
/born-on/may-4/india,T3,3,"desc 195 chars (>165)"
/born-on/may-5,T3,3,"desc 169 chars (>165)"
/born-on/may-5/india,T3,3,"desc 195 chars (>165)"
/born-on/may-6/india,T3,3,"desc 192 chars (>165)"
/born-on/may-7,T3,3,"desc 183 chars (>165)"
/born-on/may-7/india,T3,3,"desc 209 chars (>165)"
/born-on/may-8/india,T3,3,"desc 210 chars (>165)"
/born-on/may-9,T3,3,"desc 170 chars (>165)"
/born-on/may-9/india,T3,3,"desc 210 chars (>165)"
/born-on/november-1,T3,3,"desc 183 chars (>165)"
/born-on/november-1/india,T3,3,"desc 54 chars (<70)"
/born-on/november-10,T3,3,"desc 184 chars (>165)"
/born-on/november-10/india,T3,3,"desc 208 chars (>165)"
/born-on/november-11,T3,3,"desc 177 chars (>165)"
/born-on/november-11/india,T3,3,"desc 205 chars (>165)"
/born-on/november-12/india,T3,3,"desc 197 chars (>165)"
/born-on/november-13,T3,3,"desc 182 chars (>165)"
/born-on/november-13/india,T3,3,"desc 198 chars (>165)"
/born-on/november-14,T3,3,"desc 193 chars (>165)"
/born-on/november-14/india,T3,3,"desc 215 chars (>165)"
/born-on/november-15,T3,3,"desc 177 chars (>165)"
/born-on/november-15/india,T3,3,"desc 204 chars (>165)"
/born-on/november-16,T3,3,"desc 173 chars (>165)"
/born-on/november-16/india,T3,3,"desc 207 chars (>165)"
/born-on/november-17,T3,3,"desc 174 chars (>165)"
/born-on/november-17/india,T3,3,"desc 205 chars (>165)"
/born-on/november-18,T3,3,"desc 176 chars (>165)"
/born-on/november-18/india,T3,3,"desc 196 chars (>165)"
/born-on/november-19,T3,3,"desc 175 chars (>165)"
/born-on/november-19/india,T3,3,"desc 205 chars (>165)"
/born-on/november-2,T3,3,"desc 175 chars (>165)"
/born-on/november-2/india,T3,3,"desc 197 chars (>165)"
/born-on/november-20,T3,3,"desc 167 chars (>165)"
/born-on/november-20/india,T3,3,"desc 202 chars (>165)"
/born-on/november-21/india,T3,3,"desc 195 chars (>165)"
/born-on/november-22,T3,3,"desc 181 chars (>165)"
/born-on/november-22/india,T3,3,"desc 197 chars (>165)"
/born-on/november-23,T3,3,"desc 192 chars (>165)"
/born-on/november-23/india,T3,3,"desc 203 chars (>165)"
/born-on/november-24,T3,3,"desc 196 chars (>165)"
/born-on/november-24/india,T3,3,"desc 207 chars (>165)"
/born-on/november-25,T3,3,"desc 176 chars (>165)"
/born-on/november-25/india,T3,3,"desc 204 chars (>165)"
/born-on/november-26,T3,3,"desc 179 chars (>165)"
/born-on/november-26/india,T3,3,"desc 206 chars (>165)"
/born-on/november-27,T3,3,"desc 177 chars (>165)"
/born-on/november-27/india,T3,3,"desc 209 chars (>165)"
/born-on/november-28,T3,3,"desc 179 chars (>165)"
/born-on/november-28/india,T3,3,"desc 199 chars (>165)"
/born-on/november-29,T3,3,"desc 185 chars (>165)"
/born-on/november-29/india,T3,3,"desc 206 chars (>165)"
/born-on/november-3,T3,3,"desc 170 chars (>165)"
/born-on/november-3/india,T3,3,"desc 207 chars (>165)"
/born-on/november-30,T3,3,"desc 174 chars (>165)"
/born-on/november-30/india,T3,3,"desc 201 chars (>165)"
/born-on/november-4,T3,3,"desc 174 chars (>165)"
/born-on/november-4/india,T3,3,"desc 195 chars (>165)"
/born-on/november-5/india,T3,3,"desc 200 chars (>165)"
/born-on/november-6/india,T3,3,"desc 212 chars (>165)"
/born-on/november-7,T3,3,"desc 166 chars (>165)"
/born-on/november-7/india,T3,3,"desc 201 chars (>165)"
/born-on/november-8,T3,3,"desc 172 chars (>165)"
/born-on/november-8/india,T3,3,"desc 204 chars (>165)"
/born-on/november-9,T3,3,"desc 168 chars (>165)"
/born-on/november-9/india,T3,3,"desc 206 chars (>165)"
/born-on/october-1/india,T3,3,"desc 203 chars (>165)"
/born-on/october-10,T3,3,"desc 167 chars (>165)"
/born-on/october-10/india,T3,3,"desc 197 chars (>165)"
/born-on/october-11,T3,3,"desc 184 chars (>165)"
/born-on/october-11/india,T3,3,"desc 216 chars (>165)"
/born-on/october-12,T3,3,"desc 173 chars (>165)"
/born-on/october-12/india,T3,3,"desc 215 chars (>165)"
/born-on/october-13,T3,3,"desc 185 chars (>165)"
/born-on/october-13/india,T3,3,"desc 196 chars (>165)"
/born-on/october-14,T3,3,"desc 172 chars (>165)"
/born-on/october-14/india,T3,3,"desc 199 chars (>165)"
/born-on/october-15,T3,3,"desc 178 chars (>165)"
/born-on/october-15/india,T3,3,"desc 202 chars (>165)"
/born-on/october-16/india,T3,3,"desc 202 chars (>165)"
/born-on/october-17/india,T3,3,"desc 206 chars (>165)"
/born-on/october-18/india,T3,3,"desc 193 chars (>165)"
/born-on/october-19,T3,3,"desc 191 chars (>165)"
/born-on/october-19/india,T3,3,"desc 215 chars (>165)"
/born-on/october-2,T3,3,"desc 173 chars (>165)"
/born-on/october-2/india,T3,3,"desc 214 chars (>165)"
/born-on/october-20,T3,3,"desc 170 chars (>165)"
/born-on/october-20/india,T3,3,"desc 211 chars (>165)"
/born-on/october-21,T3,3,"desc 176 chars (>165)"
/born-on/october-21/india,T3,3,"desc 205 chars (>165)"
/born-on/october-22/india,T3,3,"desc 202 chars (>165)"
/born-on/october-23/india,T3,3,"desc 196 chars (>165)"
/born-on/october-24,T3,3,"desc 184 chars (>165)"
/born-on/october-24/india,T3,3,"desc 207 chars (>165)"
/born-on/october-25/india,T3,3,"desc 191 chars (>165)"
/born-on/october-26,T3,3,"desc 186 chars (>165)"
/born-on/october-26/india,T3,3,"desc 191 chars (>165)"
/born-on/october-27,T3,3,"desc 184 chars (>165)"
/born-on/october-27/india,T3,3,"desc 210 chars (>165)"
/born-on/october-28,T3,3,"desc 175 chars (>165)"
/born-on/october-28/india,T3,3,"desc 204 chars (>165)"
/born-on/october-29,T3,3,"desc 175 chars (>165)"
/born-on/october-29/india,T3,3,"desc 201 chars (>165)"
/born-on/october-3/india,T3,3,"desc 204 chars (>165)"
/born-on/october-30,T3,3,"desc 166 chars (>165)"
/born-on/october-30/india,T3,3,"desc 207 chars (>165)"
/born-on/october-31,T3,3,"desc 174 chars (>165)"
/born-on/october-31/india,T3,3,"desc 217 chars (>165)"
/born-on/october-4,T3,3,"desc 174 chars (>165)"
/born-on/october-4/india,T3,3,"desc 202 chars (>165)"
/born-on/october-5,T3,3,"desc 170 chars (>165)"
/born-on/october-5/india,T3,3,"desc 198 chars (>165)"
/born-on/october-6,T3,3,"desc 168 chars (>165)"
/born-on/october-6/india,T3,3,"desc 191 chars (>165)"
/born-on/october-7/india,T3,3,"desc 199 chars (>165)"
/born-on/october-8,T3,3,"desc 174 chars (>165)"
/born-on/october-8/india,T3,3,"desc 192 chars (>165)"
/born-on/october-9,T3,3,"desc 171 chars (>165)"
/born-on/october-9/india,T3,3,"desc 204 chars (>165)"
/born-on/september-1,T3,3,"desc 169 chars (>165)"
/born-on/september-1/india,T3,3,"desc 228 chars (>165)"
/born-on/september-10,T3,3,"desc 172 chars (>165)"
/born-on/september-10/india,T3,3,"desc 228 chars (>165)"
/born-on/september-11,T3,3,"desc 173 chars (>165)"
/born-on/september-11/india,T3,3,"desc 201 chars (>165)"
/born-on/september-12,T3,3,"desc 166 chars (>165)"
/born-on/september-12/india,T3,3,"desc 218 chars (>165)"
/born-on/september-13,T3,3,"desc 171 chars (>165)"
/born-on/september-13/india,T3,3,"desc 208 chars (>165)"
/born-on/september-14,T3,3,"desc 186 chars (>165)"
/born-on/september-14/india,T3,3,"desc 213 chars (>165)"
/born-on/september-15,T3,3,"desc 193 chars (>165)"
/born-on/september-15/india,T3,3,"desc 209 chars (>165)"
/born-on/september-16/india,T3,3,"desc 219 chars (>165)"
/born-on/september-17,T3,3,"desc 193 chars (>165)"
/born-on/september-17/india,T3,3,"desc 216 chars (>165)"
/born-on/september-18,T3,3,"desc 170 chars (>165)"
/born-on/september-18/india,T3,3,"desc 220 chars (>165)"
/born-on/september-19,T3,3,"desc 170 chars (>165)"
/born-on/september-19/india,T3,3,"desc 207 chars (>165)"
/born-on/september-2,T3,3,"desc 171 chars (>165)"
/born-on/september-2/india,T3,3,"desc 207 chars (>165)"
/born-on/september-20,T3,3,"desc 166 chars (>165)"
/born-on/september-20/india,T3,3,"desc 220 chars (>165)"
/born-on/september-21/india,T3,3,"desc 216 chars (>165)"
/born-on/september-22,T3,3,"desc 170 chars (>165)"
/born-on/september-22/india,T3,3,"desc 204 chars (>165)"
/born-on/september-23,T3,3,"desc 175 chars (>165)"
/born-on/september-23/india,T3,3,"desc 198 chars (>165)"
/born-on/september-24,T3,3,"desc 186 chars (>165)"
/born-on/september-24/india,T3,3,"desc 231 chars (>165)"
/born-on/september-25,T3,3,"desc 186 chars (>165)"
/born-on/september-25/india,T3,3,"desc 200 chars (>165)"
/born-on/september-26,T3,3,"desc 172 chars (>165)"
/born-on/september-26/india,T3,3,"desc 199 chars (>165)"
/born-on/september-27,T3,3,"desc 170 chars (>165)"
/born-on/september-27/india,T3,3,"desc 208 chars (>165)"
/born-on/september-28,T3,3,"desc 177 chars (>165)"
/born-on/september-28/india,T3,3,"desc 210 chars (>165)"
/born-on/september-29,T3,3,"desc 171 chars (>165)"
/born-on/september-29/india,T3,3,"desc 203 chars (>165)"
/born-on/september-3,T3,3,"desc 184 chars (>165)"
/born-on/september-3/india,T3,3,"desc 196 chars (>165)"
/born-on/september-30/india,T3,3,"desc 196 chars (>165)"
/born-on/september-4,T3,3,"desc 189 chars (>165)"
/born-on/september-4/india,T3,3,"desc 204 chars (>165)"
/born-on/september-5,T3,3,"desc 178 chars (>165)"
/born-on/september-5/india,T3,3,"desc 215 chars (>165)"
/born-on/september-6,T3,3,"desc 175 chars (>165)"
/born-on/september-6/india,T3,3,"desc 196 chars (>165)"
/born-on/september-7,T3,3,"desc 205 chars (>165)"
/born-on/september-7/india,T3,3,"desc 199 chars (>165)"
/born-on/september-8/india,T3,3,"desc 213 chars (>165)"
/born-on/september-9/india,T3,3,"desc 201 chars (>165)"
/coach,T3,3,"desc 187 chars (>165)"
/compatibility/aquarius/capricorn,T3,3,"desc 166 chars (>165)"
/compatibility/aquarius/sagittarius,T3,3,"desc 168 chars (>165)"
/compatibility/cancer/sagittarius,T3,3,"desc 166 chars (>165)"
/compatibility/capricorn/capricorn,T3,3,"desc 167 chars (>165)"
/compatibility/capricorn/sagittarius,T3,3,"desc 169 chars (>165)"
/compatibility/gemini/sagittarius,T3,3,"desc 166 chars (>165)"
/compatibility/pisces/sagittarius,T3,3,"desc 166 chars (>165)"
/compatibility/sagittarius/sagittarius,T3,3,"desc 171 chars (>165)"
/compatibility/sagittarius/scorpio,T3,3,"desc 167 chars (>165)"
/compatibility/sagittarius/taurus,T3,3,"desc 166 chars (>165)"
/cycle-syncing-for-men,T3,3,"desc 191 chars (>165)"
/energy-forecast,T3,3,"desc 185 chars (>165)"
/gift,T3,3,"desc 194 chars (>165)"
/how-it-works,T3,3,"desc 215 chars (>165)"
/pricing,T3,3,"desc 218 chars (>165)"
/todays-birthdays,T3,3,"desc 33 chars (<70)"
/upgrade,T3,3,"desc 169 chars (>165)"
/weight-on-planets,T3,3,"desc 167 chars (>165)"
/why-am-i-tired-some-days,T3,3,"desc 192 chars (>165)"
/zodiac/aquarius,T3,3,"desc 166 chars (>165)"
/zodiac/aries,T3,3,"desc 179 chars (>165)"
/zodiac/capricorn,T3,3,"desc 168 chars (>165)"
/zodiac/sagittarius,T3,3,"desc 173 chars (>165)"
/age-calculator,T4,3,"h1 count = 2"
/numerology,T4,3,"h1 count = 2"
/age-calculator,T7,3,"""| BornClock"" appears 0× in title"
/blog/5-minute-morning-routine-add-years-to-life,T7,3,"""| BornClock"" appears 0× in title"
/blog/best-foods-to-eat-to-live-longer-longevity-diet,T7,3,"""| BornClock"" appears 0× in title"
/blog/birthday-traditions-around-the-world-unique-celebrations,T7,3,"""| BornClock"" appears 0× in title"
/blog/birthstones-by-month-complete-guide-meaning-history,T7,3,"""| BornClock"" appears 0× in title"
/blog/blue-zones-diet-what-centenarians-actually-eat,T7,3,"""| BornClock"" appears 0× in title"
/blog/bmi-weight-life-expectancy-healthy-weight-guide,T7,3,"""| BornClock"" appears 0× in title"
/blog/calculate-exact-age-seconds-minutes-hours,T7,3,"""| BornClock"" appears 0× in title"
/blog/celebrities-born-on-my-birthday-famous-birthday-twins,T7,3,"""| BornClock"" appears 0× in title"
/blog/heart-disease-risk-factors-how-age-affects-heart-health,T7,3,"""| BornClock"" appears 0× in title"
/blog/hidden-cost-chronic-stress-rewires-brain-body,T7,3,"""| BornClock"" appears 0× in title"
/blog/how-exercise-affects-life-expectancy-workout-guide,T7,3,"""| BornClock"" appears 0× in title"
/blog/how-long-does-it-take-to-form-a-habit-longevity,T7,3,"""| BornClock"" appears 0× in title"
/blog/how-sleep-affects-life-expectancy-complete-guide,T7,3,"""| BornClock"" appears 0× in title"
/blog/how-stress-affects-health-life-expectancy-management-tips,T7,3,"""| BornClock"" appears 0× in title"
/blog/how-to-increase-life-expectancy-science-backed-tips,T7,3,"""| BornClock"" appears 0× in title"
/blog/life-expectancy-india-complete-guide-2026,T7,3,"""| BornClock"" appears 0× in title"
/blog/loneliness-deadly-as-smoking-social-connection-longevity,T7,3,"""| BornClock"" appears 0× in title"
/blog/numerology-life-path-numbers-complete-guide,T7,3,"""| BornClock"" appears 0× in title"
/blog/secrets-of-people-who-live-to-100-centenarian-habits,T7,3,"""| BornClock"" appears 0× in title"
/blog/smoking-life-expectancy-how-to-quit-complete-guide,T7,3,"""| BornClock"" appears 0× in title"
/blog/ultra-processed-foods-shortening-lifespan,T7,3,"""| BornClock"" appears 0× in title"
/blog/unique-birthday-gift-ideas-personalised-meaningful-2026,T7,3,"""| BornClock"" appears 0× in title"
/blog/walking-vs-running-which-exercise-live-longer,T7,3,"""| BornClock"" appears 0× in title"
/blog/what-happens-body-when-you-quit-smoking-timeline,T7,3,"""| BornClock"" appears 0× in title"
/blog/why-knowing-exact-age-matters-practical-uses,T7,3,"""| BornClock"" appears 0× in title"
/blog/zodiac-signs-complete-guide-personality-traits-compatibility,T7,3,"""| BornClock"" appears 0× in title"
/blog/zodiac-signs-complete-personality-guide-all-12,T7,3,"""| BornClock"" appears 0× in title"
/contact,T7,3,"""| BornClock"" appears 0× in title"
/life-expectancy,T7,3,"""| BornClock"" appears 0× in title"